Ticker,year,Company,Peer_group_root,Region,Country,environment_score,social_score,governance_score,total_esg_score,Close,Volume,Asset Turnover,Current Ratio,Days Sales In Receivables,Debt/Equity Ratio,EBIT Margin,EBITDA Margin,Gross Margin,Inventory Turnover Ratio,Long-term Debt / Capital,Net Profit Margin,Operating Margin,Pre-Tax Profit Margin,ROA - Return On Assets,ROE - Return On Equity,revenue,net_income,operating_income,gross_profit,total_assets,total_liabilities,operating_cash_flow,shares_outstanding,sector
A,2011,Agilent Technologies Inc.,Pharmaceuticals,North America,United States,77.0,80.33333333333333,68.66666666666667,76.0,27.78,5472100.0,0.1932,3.23565,48.8054,0.5162,16.6174,0.0,53.2986,0.8947,0.3405,16.7245,16.6174,16.6174,3.1909,6.696,4481000000.0,-31000000.0,47000000.0,,,,408000000.0,,Pharmaceuticals
A,2012,Agilent Technologies Inc.,Pharmaceuticals,North America,United States,84.5,88.0,67.25,80.5,26.05,4266800.0,0.17815,2.8602499999999997,47.2072,0.4581,16.1539,0.0,52.57525,0.8227500000000001,0.2895,14.408850000000001,16.1539,15.07265,2.6184000000000003,5.2545,5444000000.0,684000000.0,566000000.0,,,,718000000.0,,Pharmaceuticals
A,2014,Agilent Technologies Inc.,Pharmaceuticals,North America,United States,81.5,75.5,63.166666666666664,73.16666666666667,38.495000000000005,2455850.0,0.1669,3.2559,31.2133,0.3135,9.6399,0.0,49.6953,1.5819,0.2387,0.8864,9.6399,4.7091,0.1479,0.3017,6858000000.0,1153000000.0,1119000000.0,,,,1228000000.0,,Pharmaceuticals
A,2015,Agilent Technologies Inc.,Pharmaceuticals,North America,United States,82.33333333333333,70.33333333333333,61.666666666666664,70.66666666666667,38.08,2230600.0,0.1384,3.8925,52.6957,0.398,14.2012,0.0,50.5917,0.9193,0.2847,10.9468,14.2012,12.6233,1.5584,2.7521,3894000000.0,734000000.0,386000000.0,,,,1152000000.0,,Pharmaceuticals
A,2016,Agilent Technologies Inc.,Pharmaceuticals,North America,United States,83.274,70.606,60.686,70.796,43.105000000000004,1834950.0,0.135,3.0786,51.1161,0.4484,13.9847,0.0,52.0118,0.9245,0.2842,11.3411,13.9847,12.8353,1.6033,2.8532,4048000000.0,549000000.0,419000000.0,,,,731000000.0,,Pharmaceuticals
A,2017,Agilent Technologies Inc.,Pharmaceuticals,United States and Canada,United States,88.24000000000001,57.276666666666664,61.00666666666666,66.13333333333334,58.12,1617500.0,0.1375,3.22,54.8024,0.4513,18.0431,0.0,53.5744,0.9307,0.2809,14.8865,18.0431,17.3321,2.1006,3.7486,4038000000.0,401000000.0,522000000.0,,,,512000000.0,,Pharmaceuticals
A,2018,Agilent Technologies Inc,Pharmaceuticals,United States and Canada,United States,81.54666666666667,58.49666666666667,61.47,65.14999999999999,65.67,2286100.0,0.1441,3.315,54.8379,0.3938,18.3707,0.0,54.7141,0.9185,0.2824,16.9983,18.3707,18.8563,2.3338,4.4401,4202000000.0,462000000.0,615000000.0,,,,793000000.0,,Pharmaceuticals
A,2019,Agilent Technologies Inc,Pharmaceuticals,United States and Canada,United States,81.555,60.015,61.715,65.905,74.91499999999999,1846750.0,0.1446,2.1313,60.471,0.3788,17.6609,0.0,54.0388,0.8818,0.2597,14.7011,17.6609,17.4254,,4.0236,4472000000.0,684000000.0,807000000.0,,8558000000.0,3961000000.0,889000000.0,,Pharmaceuticals
AAL,2010,American Airlines Group Inc.,Transportation,North America,United States,73.0,57.333333333333336,74.0,66.66666666666667,8.465,8044550.0,0.2227,0.7788,13.6957,-2.9254,3.4544,0.0,19.3691,7.9426,1.3257449999999977,-0.1939,3.4544,-0.1939,-0.0425,0.2799,,-2118000000.0,-1889000000.0,,,,-1394000000.0,,Transportation
AAL,2011,American Airlines Group Inc.,Transportation,North America,United States,75.0,54.0,75.0,66.5,7.6,6460000.0,0.2497,0.783,13.63,-2.4043,-1.2758,0.0,16.468,8.1342,1.3257449999999977,-4.6778,-1.2758,-4.6778,-1.1091,6.3429,,143000000.0,342000000.0,,,,930000000.0,,Transportation
AAL,2012,American Airlines Group Inc.,Transportation,North America,United States,80.5,57.5,73.0,69.25,10.379999999999999,7003250.0,0.2609,0.789,15.99375,-1.02645,0.7933,0.0,19.322850000000003,8.7114,0.0,-3.7186500000000002,0.7933,-3.7353,-0.9847,2.9572000000000003,,-162000000.0,308000000.0,,,,1241000000.0,,Transportation
AAL,2014,American Airlines Group Inc.,Transportation,North America,United States,77.0,67.0,74.5,72.5,41.28,14348050.0,0.2351,0.8766,15.6865,8.7679,8.4637,0.0,29.3967,7.1454,0.8881,5.8656,8.4637,5.5703,1.3788,29.4904,6828000000.0,289000000.0,701000000.0,,,,1285000000.0,197400000.0,Transportation
AAL,2015,American Airlines Group Inc.,Transportation,North America,United States,44.333333333333336,48.333333333333336,60.333333333333336,49.666666666666664,41.74,9779150.0,0.2198,0.9378,15.3671,5.1689,17.7427,0.0,35.6793,6.6446,0.8251,15.8136,17.7427,15.877,3.5598,46.8647,26743000000.0,942000000.0,1399000000.0,,,,675000000.0,,Transportation
AAL,2016,American Airlines Group Inc.,Transportation,North America,United States,45.07,52.346666666666664,61.15,51.99666666666667,36.805,8197500.0,0.203,0.7497,14.4676,5.3161,13.5077,0.0,34.4346,6.3711,0.8307,6.9568,13.5077,11.2233,1.442,16.7843,42650000000.0,2882000000.0,4249000000.0,,,,3080000000.0,,Transportation
AAL,2017,American Airlines Group Inc.,Transportation,United States and Canada,United States,41.592,56.24000000000001,61.658,52.464,45.99,5350800.0,0.2093,0.6534,13.9535,6.2523,11.4546,0.0,31.4546,5.7156,0.8584,6.0283,11.4546,9.6945,1.2614,23.2571,40990000000.0,7610000000.0,6204000000.0,,,,6249000000.0,,Transportation
AAL,2018,American Airlines Group Inc,Transportation,United States and Canada,United States,44.32,58.9,64.99,55.32,40.47,5989000.0,0.2196,0.5505,15.0039,-8.848264,5.9261,0.0,26.1108,5.4213,1.0262,3.2183,5.9261,4.291,0.7068,-50.534578999999994,40142000000.0,2584000000.0,5060000000.0,,,,6524000000.0,,Transportation
AAL,2019,American Airlines Group Inc,Transportation,United States and Canada,United States,44.254999999999995,58.82,64.99,55.265,30.68,6373350.0,0.193,0.4894,13.9787,-8.848264,6.7836,0.0,27.6635,4.7867,1.001,3.6595,6.7836,5.0561,,-50.534578999999994,42622000000.0,1282000000.0,4231000000.0,,,,4744000000.0,,Transportation
AAP,2011,Advance Auto Parts Inc.,Retailing,North America,United States,35.333333333333336,37.0,63.666666666666664,42.666666666666664,61.315,1013300.0,0.3983,1.1238000000000001,8.073,0.7411,12.138,0.0,49.4545,0.351,0.4252,7.1862,12.138,11.5398,2.8698,13.5738,5412623000.0,270373000.0,454385000.0,2644226000.0,,,699690000.0,,Retailing
AAP,2012,Advance Auto Parts Inc.,Retailing,North America,United States,37.0,44.0,67.0,47.0,70.92,931100.0,0.34245000000000003,1.2223,11.22365,0.5449999999999999,10.89465,0.0,49.8882,0.3415,0.35235,6.47265,10.89465,10.39035,2.2216,8.6024,5925203000.0,346053000.0,584933000.0,2961315000.0,,,666159000.0,,Retailing
AAP,2013,Advance Auto Parts Inc.,Retailing,North America,United States,41.0,45.0,62.0,48.0,80.62,669150.0,0.3074,1.2816,16.5168,0.4419,11.2308,0.0,50.1887,0.3073,0.3062,6.815,11.2308,10.732,2.0998,7.0736,6170462000.0,394682000.0,664642000.0,3069290000.0,,,828849000.0,,Retailing
AAP,2014,Advance Auto Parts Inc.,Retailing,North America,United States,41.0,46.0,59.0,47.0,143.335,803250.0,0.281,1.2973,23.3256,0.8173,6.5294,0.0,44.8747,0.3133,0.4496,3.7621,6.5294,5.8536,1.0604,4.2156,6205003000.0,387670000.0,657315000.0,3098036000.0,,,685281000.0,,Retailing
AAP,2015,Advance Auto Parts Inc.,Retailing,North America,United States,43.0,46.0,61.0,49.0,157.55,803200.0,0.2805,1.2831,26.061,0.5361,8.9545,0.0,44.9802,0.3049,0.3489,5.2487,8.9545,8.3834,1.4725,4.9923,6493814000.0,391758000.0,660318000.0,3252146000.0,,,545250000.0,,Retailing
AAP,2016,Advance Auto Parts Inc.,Retailing,North America,United States,44.68333333333334,44.13333333333333,63.4,49.14666666666667,152.7,874000.0,0.2673,1.3745,27.4919,0.3652,8.6163,0.0,43.9426,0.2818,0.2675,5.0623,8.6163,7.9079,1.3529,3.9865,9843861000.0,493825000.0,851710000.0,4453613000.0,,,708991000.0,,Retailing
AAP,2017,Advance Auto Parts Inc.,Retailing,United States and Canada,United States,45.403333333333336,41.71,58.800000000000004,47.27333333333333,114.62,1316800.0,0.2577,1.5175,27.0551,0.3231,6.4809,0.0,43.4284,0.2926,0.2442,4.399,6.4809,6.006,1.1336,2.9713,9737018000.0,473398000.0,825780000.0,4422772000.0,,,702644000.0,,Retailing
AAP,2018,"Advance Auto Parts, Inc.",Retailing,United States and Canada,United States,46.144999999999996,43.01,60.0,48.349999999999994,136.84,1029500.0,0.2536,1.6189,26.72,0.2857,6.7799,0.0,44.1145,0.3028,0.2222,5.0646,6.7799,6.4581,1.3337,3.1654,9567679000.0,459622000.0,787598000.0,4255915000.0,,,523303000.0,,Retailing
AAP,2019,Advance Auto Parts Inc,Retailing,United States and Canada,United States,40.93,41.49,62.0,46.42,157.2,1000800.0,0.207,1.3053,28.0786,0.2106,7.3222,0.0,43.7664,0.2961,0.1739,5.3488,7.3222,6.9521,,3.3999,9373784000.0,475505000.0,570212000.0,4085049000.0,,,600805000.0,,Retailing
AAPL,2010,Apple Inc.,Technology Hardware,North America,United States,67.66666666666667,44.666666666666664,63.333333333333336,58.333333333333336,7.855,550219600.0,0.2706,2.0113,36.6822,0.0,26.9682,0.0,38.5102,12.2084,0.0,21.1768,26.9682,27.3376,5.73,9.0143,37491000000.0,6119000000.0,8327000000.0,13197000000.0,36171000000.0,,9596000000.0,,Technology Hardware
AAPL,2011,Apple Inc.,Technology Hardware,North America,United States,71.5,46.25,67.5,61.75,10.91,440183800.0,0.26375000000000004,1.6084,36.71815,0.0,32.3741,0.0,41.5757,20.7363,0.0,24.92485,32.3741,32.7278,6.186484999999999,10.13875,42905000000.0,8235000000.0,11740000000.0,17222000000.0,47501000000.0,,10159000000.0,,Technology Hardware
AAPL,2012,Apple Inc.,Technology Hardware,North America,United States,71.6,48.0,61.0,60.4,17.82,487559800.0,0.215,1.5572499999999998,36.7421,0.0,32.3075,0.0,41.426249999999996,20.8522,0.0,24.593,32.3075,33.14245,5.417,7.8965,65225000000.0,14013000000.0,18385000000.0,25684000000.0,,,18595000000.0,,Technology Hardware
AAPL,2013,Apple Inc.,Technology Hardware,North America,United States,69.0,45.0,61.0,58.5,14.315000000000001,359107000.0,0.181,1.6786,39.376,0.1373,26.7667,0.0,37.017,13.3793,0.1207,20.047,26.7667,27.0682,3.629,6.0802,108249000000.0,25922000000.0,33790000000.0,43818000000.0,,,37529000000.0,,Technology Hardware
AAPL,2014,Apple Inc.,Technology Hardware,North America,United States,72.8,45.4,61.2,60.2,24.745,187992600.0,0.2848,1.133,36.1646,0.2952,32.5018,0.0,39.8678,19.6487,0.2086,24.1612,32.5018,32.7297,6.186484999999999,14.6147,156508000000.0,41733000000.0,55241000000.0,68662000000.0,,,,,Technology Hardware
AAPL,2015,Apple Inc.,Technology Hardware,North America,United States,77.75,45.5,64.5,63.0,27.490000000000002,189345200.0,0.1816,1.0868,36.1179,0.4909,28.3936,0.0,39.8983,14.6543,0.2932,21.5996,28.3936,29.246,3.9088,9.3201,170910000000.0,37037000000.0,48999000000.0,64304000000.0,,,,,Technology Hardware
AAPL,2016,Apple Inc.,Technology Hardware,North America,United States,79.83666666666666,47.833333333333336,61.346666666666664,64.01666666666667,24.475,134962400.0,0.1456,1.3116,40.4594,0.6712,25.1025,0.0,38.0235,14.3375,0.3572,19.2393,25.1025,26.0138,2.8021,7.0285,182795000000.0,39510000000.0,52503000000.0,70537000000.0,,,,,Technology Hardware
AAPL,2017,Apple Inc.,Technology Hardware,United States and Canada,United States,84.44,55.34,56.54666666666666,67.29,36.13,97638000.0,0.1401,1.2761,51.8831,0.863,24.9529,0.0,38.4085,8.8748,0.4203,20.377,24.9529,26.4687,2.8546,7.9927,233715000000.0,53394000000.0,71230000000.0,93626000000.0,,,81266000000.0,,Technology Hardware
AAPL,2018,Apple Inc.,Technology Hardware,United States and Canada,United States,89.18,56.79999999999999,55.74666666666667,69.5,44.81,126652400.0,0.172,1.3006,44.5514,0.997,25.6248,0.0,38.2894,9.8119,0.458,22.4563,25.6248,26.1065,3.7611,13.1828,215639000000.0,45687000000.0,60024000000.0,84263000000.0,,,66231000000.0,,Technology Hardware
AAPL,2019,Apple Inc,Technology Hardware,United States and Canada,United States,89.06,57.595,60.13,70.8225,49.61,103510000.0,0.1892,1.5401,44.28,1.194,24.3988,0.0,37.9653,10.0095,0.5036,21.371,24.3988,25.1827,,15.1247,229234000000.0,48351000000.0,61344000000.0,88186000000.0,,,64225000000.0,,Technology Hardware
ABBV,2013,AbbVie Inc.,Pharmaceuticals,North America,United States,66.0,62.0,67.66666666666667,64.66666666666667,32.2,5028400.0,0.1681,2.4063,73.3834,4.1401,30.0333,0.0,76.5565,0.9714,0.8007,22.07,30.0333,28.155,3.8266,26.95,17444000000.0,,3620000000.0,3494000000.0,,,,,Pharmaceuticals
ABBV,2014,AbbVie Inc.,Pharmaceuticals,North America,United States,69.0,59.666666666666664,68.0,64.0,40.81,7248250.0,0.1764,2.6458,69.6285,3.1845,19.1273,0.0,78.2028,1.062,0.757,10.0817,19.1273,13.688,1.7783,10.8934,18380000000.0,,5817000000.0,3638000000.0,,,,,Pharmaceuticals
ABBV,2015,AbbVie Inc.,Pharmaceuticals,North America,United States,77.0,58.5,65.75,65.5,48.105000000000004,9036800.0,0.1084,1.4991,69.2564,6.6064,33.0156,0.0,80.3668,0.6339,0.8657,23.7031,33.0156,30.0625,2.5364,25.4781,18790000000.0,,5664000000.0,3925000000.0,,,,,Pharmaceuticals
ABBV,2016,AbbVie Inc.,Pharmaceuticals,North America,United States,75.35,55.33200000000001,69.08,64.46000000000001,49.81,7126800.0,0.0965,1.7895,69.9487,6.7101,36.7071,0.0,77.1336,0.9227,0.8687,24.8445,36.7071,31.3122,2.3954,28.5461,19960000000.0,1774000000.0,3411000000.0,4777000000.0,,,,,Pharmaceuticals
ABBV,2017,AbbVie Inc.,Pharmaceuticals,United States and Canada,United States,71.34400000000001,57.79,72.46600000000001,65.578,59.72,5297000.0,0.1037,1.3836,62.9292,6.1969,38.3353,0.0,76.8978,0.9665,0.8491,23.3167,38.3353,29.95,2.3693,24.3906,22859000000.0,5144000000.0,7537000000.0,5047000000.0,,,,,Pharmaceuticals
ABBV,2018,AbbVie Inc.,Pharmaceuticals,United States and Canada,United States,73.6625,60.167500000000004,67.7,65.7975,83.4,5953100.0,0.1343,0.9829,62.9826,-8.848264,33.3656,0.0,76.6369,1.2241,1.1241,23.9551,33.3656,24.3054,3.217,-50.534578999999994,25638000000.0,5953000000.0,9340000000.0,5415000000.0,,,,,Pharmaceuticals
ABBV,2019,AbbVie Inc,Pharmaceuticals,United States and Canada,United States,77.83,61.92,58.695,64.93,71.28999999999999,6492900.0,0.1426,1.1528,58.6873,-4.6684,41.1872,0.0,77.3558,0.9953,1.3257449999999977,22.2196,41.1872,23.5995,3.1695,-22.903,28216000000.0,5309000000.0,9545000000.0,6559000000.0,,,9960000000.0,,Pharmaceuticals
ABC,2011,AmerisourceBergen Corporation,Healthcare,North America,United States,43.0,46.0,75.5,52.5,33.155,2328700.0,0.929141999999999,1.0579,17.4416,0.4761,1.3855,0.0,2.8748,3.3872,0.2983,0.7981,1.3855,1.2743,1.0011,5.507,,,,,,,,,Healthcare
ABC,2012,AmerisourceBergen Corporation,Healthcare,North America,United States,49.0,47.0,71.0,54.5,33.635000000000005,2367600.0,0.929141999999999,1.0008,18.272599999999997,0.61805,1.6953,0.0,3.4556,3.4225000000000003,0.34935,0.9053,1.6953,1.58765,1.2258,7.4544,,,,,,,,,Healthcare
ABC,2013,AmerisourceBergen Corporation,Healthcare,North America,United States,48.0,48.0,72.0,55.0,49.540000000000006,1782450.0,0.929141999999999,0.9679,19.1689,0.6021,0.5471,0.0,2.3588,3.4236,0.3758,0.2085,0.5471,0.4846,0.2673,2.1796,,,,,,,,,Healthcare
ABC,2015,AmerisourceBergen Corporation,Healthcare,North America,United States,48.0,48.0,66.0,53.5,94.36500000000001,1844400.0,0.929141999999999,0.9424,20.5469,3.4628,0.9715,0.0,2.6284,3.4587,0.7717,0.898,0.9715,0.8889,1.0718,25.3565,,,,,,,,,Healthcare
ABC,2016,AmerisourceBergen Corporation,Healthcare,North America,United States,48.0,46.81,66.16499999999999,52.915,77.65,2219550.0,0.929141999999999,0.9035,21.9866,2.1164,1.0479,0.0,2.9939,3.3976,0.6465,0.6478,1.0479,0.9514,0.7289,11.6815,,,,,,,,,Healthcare
ABC,2017,AmerisourceBergen Corporation,Healthcare,United States and Canada,United States,54.760000000000005,42.272000000000006,62.55,51.48,81.01,1558600.0,0.929141999999999,0.9195,23.704,1.6132,0.4402,0.0,2.7899,3.2738,0.6163,0.1301,0.4402,0.3446,0.1453,1.9719,,,,,,,,,Healthcare
ABC,2018,AmerisourceBergen Corporation,Healthcare,United States and Canada,United States,65.1,44.6,58.083333333333336,53.77333333333333,84.84,1285200.0,0.929141999999999,0.9361,23.7516,1.4765,0.9021,0.0,2.8078,3.5461,0.588,0.6393,0.9021,0.8001,0.7253,8.4823,,,,,,,,,Healthcare
ABC,2019,AmerisourceBergen Corp,Healthcare,United States and Canada,United States,67.0,43.7975,56.3,53.35,81.965,1185650.0,0.929141999999999,0.951,23.8512,1.4502,0.5504,0.0,2.596,3.9904,0.5828,0.392,0.5504,0.4797,,6.079,,,,,,,,,Healthcare
ABT,2010,Abbott Laboratories,Pharmaceuticals,North America,United States,70.33333333333333,65.0,66.0,67.0,19.195,15386250.0,0.1646,1.2928,64.8339,0.8713,18.1958,0.0,59.4191,1.1307,0.3754,14.4549,18.1958,17.6602,2.3787,6.3292,29527552000.0,4880719000.0,5693839000.0,4771900000.0,42419204000.0,,,1601580899.0,Pharmaceuticals
ABT,2011,Abbott Laboratories,Pharmaceuticals,North America,United States,70.75,68.0,71.0,69.5,20.17,15428050.0,0.1646,1.5109,65.8701,0.6773,16.41705,0.0,59.6382,1.1686,0.33285,12.5782,16.41705,14.6177,2.0435,5.04775,30764707000.0,1480400000.0,6235741000.0,5005900000.0,52581623000.0,,,1612683987.0,Pharmaceuticals
ABT,2012,Abbott Laboratories,Pharmaceuticals,North America,United States,75.25,66.75,71.25,70.0,25.785,13435100.0,0.08395,1.6038999999999999,118.786,0.6939,7.762700000000001,0.0,54.03765,0.6586,0.32265,32.750249999999994,7.762700000000001,6.5817,0.54925,1.3127,35166721000.0,1942800000.0,6087581000.0,5922800000.0,60573852000.0,,,1619689876.0,Pharmaceuticals
ABT,2013,Abbott Laboratories,Pharmaceuticals,North America,United States,76.0,57.0,71.0,65.0,30.965,6904100.0,0.1093,1.8161,72.4253,0.3474,10.4291,0.0,53.2643,0.8042,0.1252,14.7206,10.4291,10.1048,1.1095,2.1224,21407000000.0,4728000000.0,1629000000.0,2748000000.0,60277000000.0,,8970000000.0,,Pharmaceuticals
ABT,2014,Abbott Laboratories,Pharmaceuticals,North America,United States,75.33333333333333,53.0,72.33333333333333,64.33333333333333,38.795,4692000.0,0.13,1.2951,60.2577,0.3618,15.478,0.0,56.3667,0.8842,0.1355,16.8969,15.478,15.0112,1.5386,2.9299,19050000000.0,5963000000.0,1360000000.0,2479000000.0,67235000000.0,,9314000000.0,,Pharmaceuticals
ABT,2015,Abbott Laboratories,Healthcare,North America,United States,72.0,56.666666666666664,66.33333333333333,63.333333333333336,41.49,5452850.0,0.1234,1.8154,60.466,0.3938,14.1006,0.0,57.0986,0.8488,0.2159,14.7841,14.1006,15.9985,1.685,3.2589,19657000000.0,2576000000.0,2133000000.0,2636000000.0,42937000000.0,,3324000000.0,,Healthcare
ABT,2016,Abbott Laboratories,Healthcare,North America,United States,73.6,51.968,65.64,61.476,36.97,7802250.0,0.1339,1.5597,56.3561,0.4286,15.301,0.0,56.9031,0.8745,0.2244,11.532,15.301,13.4071,1.4526,2.8805,20247000000.0,2292000000.0,2599000000.0,2801000000.0,41207000000.0,,3675000000.0,,Healthcare
ABT,2017,Abbott Laboratories,Healthcare,United States and Canada,United States,76.975,61.2175,68.255,67.2675,45.83,6053900.0,0.0945,2.694,62.8251,0.756,8.5782,0.0,56.7532,0.8851,0.4283,4.264,8.5782,7.5636,0.3795,0.8494,20405000000.0,4423000000.0,2867000000.0,2901000000.0,41247000000.0,,2966000000.0,,Healthcare
ABT,2018,Abbott Laboratories,Healthcare,United States and Canada,United States,74.2,60.0625,59.715,63.495000000000005,60.51,5893900.0,0.1135,1.5777,60.1622,0.6717,12.9963,0.0,58.6468,0.8406,0.3866,8.4224,12.9963,10.0039,0.7706,2.132,20853000000.0,1400000000.0,3026000000.0,3452000000.0,52666000000.0,,3203000000.0,,Healthcare
ABT,2019,Abbott Laboratories,Healthcare,United States and Canada,United States,70.5,58.93,61.08,62.47,80.285,4839350.0,0.1178,1.5365,60.7355,0.5964,15.1147,0.0,58.6962,0.7646,0.3552,12.6081,15.1147,13.8113,,3.1542,27390000000.0,1006000000.0,1564000000.0,4234000000.0,76250000000.0,,5570000000.0,,Healthcare
ACN,2010,Accenture plc,Software & Services,Europe,Ireland,63.0,52.0,75.0,61.0,33.275000000000006,3827450.0,0.5014,1.4689,56.5085,0.0002,12.7649,0.0,31.6268,0.0,0.0001,8.2101,12.7649,13.038,4.7056,16.2801,25313826000.0,1691751000.0,3011582000.0,,,,2803248000.0,,Software & Services
ACN,2011,Accenture plc,Software & Services,Europe,Ireland,72.25,53.5,75.0,64.5,44.865,3729100.0,0.47550000000000003,1.4512,57.9812,0.0011,12.893699999999999,0.0,30.8805,0.0,0.0,8.5298,12.893699999999999,13.06175,4.49775,16.21665,23170968000.0,1589963000.0,2643865000.0,,,,3160202000.0,,Software & Services
ACN,2012,Accenture plc,Software & Services,Europe,Ireland,76.0,75.0,73.0,75.0,51.235,3072250.0,0.46325,1.52095,55.3306,0.0006,13.28905,0.0,30.857100000000003,0.0,0.0,8.945,13.289100000000001,13.31445,4.593249999999999,14.82125,23094078000.0,1780656000.0,2914845000.0,,,,3091620000.0,,Software & Services
ACN,2013,Accenture plc,Software & Services,Europe,Ireland,72.5,75.5,69.0,72.5,64.22,2794650.0,0.4665,1.4513,57.9657,0.0047,13.989,0.0,31.4031,0.0,0.0047,9.6394,13.989,13.8926,4.9143,14.9854,27352914000.0,2277677000.0,3470457000.0,,,,3441739000.0,,Software & Services
ACN,2014,Accenture plc,Software & Services,Europe,Ireland,74.66666666666667,72.0,73.0,73.0,72.07,2475100.0,0.4732,1.4226,60.9984,0.0045,14.2356,0.0,30.4352,0.0,0.0044,9.9665,14.2356,14.2872,5.0609,14.8303,29777985000.0,2553510000.0,3871548000.0,,,,4256852000.0,,Software & Services
ACN,2016,Accenture plc,Software & Services,Europe,Ireland,75.866,62.04600000000001,79.85,70.64200000000001,106.215,2264150.0,0.4405,1.3488,64.6271,0.0034,14.5606,0.0,29.9871,0.0,0.003,11.1539,14.5606,14.781,5.1837,13.1906,31874678000.0,2941498000.0,4300512000.0,,,,3486085000.0,,Software & Services
ACN,2017,Accenture plc,Software & Services,Europe,Ireland,86.25,64.47,77.95,74.38,119.64,1971600.0,0.4302,1.2314,67.9072,0.0026,15.1571,0.0,31.0965,0.0,0.0023,10.3008,15.1571,14.2727,4.3331,10.1252,32914424000.0,3053581000.0,4435869000.0,,,,4176163000.0,,Software & Services
ACN,2018,Accenture plc,Software & Services,Europe,Ireland,81.83,68.72,77.65,74.89,153.84,2015600.0,0.4296,1.3306,64.2302,0.0023,15.2864,0.0,31.0915,0.0,0.0018,9.8013,15.2864,15.0777,4.551,9.891,34797661000.0,4111892000.0,4810445000.0,,,,4667400000.0,,Software & Services
ADBE,2011,Adobe Systems Inc.,Software & Services,North America,United States,61.5,65.5,57.5,62.5,30.795,5572950.0,0.1227,3.2938,49.6824,0.2725,27.04955,0.0,89.6711,0.0,0.2132,19.2557,27.04955,25.3371,2.2973,3.5065,2945853000.0,386508000.0,690513000.0,2649121000.0,,,1117794000.0,,Software & Services
ADBE,2012,Adobe Systems Inc.,Software & Services,North America,United States,68.0,73.0,63.0,69.0,32.585,3644950.0,0.11465,3.28615,45.6509,0.24114999999999998,26.90985,0.0,88.9299,0.0,0.19315,18.95505,26.90985,25.5326,2.15265,3.2315,3800000000.0,774680000.0,993074000.0,3396498000.0,,,1112995000.0,,Software & Services
ADBE,2014,Adobe Systems Inc.,Software & Services,North America,United States,74.0,67.5,63.0,68.5,71.27,2700550.0,0.0995,1.845,49.6232,0.2235,11.5999,0.0,85.0052,0.0,0.1185,8.2115,11.5999,10.4605,0.8171,1.3007,4403677000.0,832775000.0,1180191000.0,3919895000.0,,,1499580000.0,,Software & Services
ADBE,2015,Adobe Systems Inc.,Software & Services,North America,United States,73.33333333333333,69.66666666666667,65.33333333333333,69.66666666666667,79.82499999999999,2375500.0,0.1058,2.1783,43.867,0.2786,20.2025,0.0,84.3168,0.0,0.2179,14.3266,20.2025,19.1021,1.516,2.5502,4055240000.0,289985000.0,422723000.0,3468683000.0,,,1151686000.0,,Software & Services
ADBE,2016,Adobe Systems Inc.,Software & Services,North America,United States,81.66666666666667,71.51333333333334,69.79,74.12666666666667,97.755,2347700.0,0.1184,2.1626,44.9498,0.2633,25.2277,0.0,86.154,0.0,0.2084,18.4969,25.2277,24.3381,2.1895,3.7207,4147065000.0,268395000.0,412685000.0,3524985000.0,,,1287482000.0,,Software & Services
ADBE,2017,Adobe Systems Inc.,Software & Services,United States and Canada,United States,78.6675,67.005,68.09,70.775,143.62,2112000.0,0.1326,2.0463,49.187,0.2312,29.6389,0.0,86.4936,0.0,0.1878,22.7894,29.6389,29.4056,3.017,5.1352,4795511000.0,629551000.0,903095000.0,4051194000.0,,,1469502000.0,,Software & Services
ADBE,2018,Adobe Systems Inc,Software & Services,United States and Canada,United States,73.17,66.06,65.95666666666666,68.16333333333334,239.74,2868200.0,0.1448,1.6616,44.0652,0.2153,31.3654,0.0,87.1025,0.0,0.1771,29.082,31.3654,30.6126,4.3278,7.5186,5854430000.0,1168782000.0,1493602000.0,5034522000.0,,,2199728000.0,,Software & Services
ADBE,2019,Adobe Systems Inc,Software & Services,United States and Canada,United States,77.58,61.97,68.29,68.23,277.78,2483850.0,0.1413,0.7369,43.5613,0.4039,30.1341,0.0,85.1676,0.0,0.088,27.9817,30.1341,29.4637,,7.742,7301505000.0,1693954000.0,2168095000.0,6291014000.0,,,2912853000.0,,Software & Services
ADI,2010,"Analog Devices, Inc.",Semiconductors,North America,United States,54.5,60.5,63.0,58.5,22.744999999999997,4150950.0,0.1755,5.4511,44.7356,0.1304,34.8672,0.0,66.6679,0.9145,0.1154,27.6959,34.8672,34.8916,4.8608,6.5742,2582931000.0,786284000.0,625025000.0,1577275000.0,,,669368000.0,,Semiconductors
ADI,2011,"Analog Devices, Inc.",Semiconductors,North America,United States,57.5,60.5,60.5,59.0,29.17,3232800.0,0.1443,6.913786999999992,44.5321,0.2396,36.7912,0.0,67.2435,0.8663,0.1907,29.0189,36.7912,36.2674,4.1881,5.919,2014908000.0,247772000.0,284817000.0,1118637000.0,,,432148000.0,,Semiconductors
ADI,2012,"Analog Devices, Inc.",Semiconductors,North America,United States,57.5,63.25,59.5,60.0,31.58,2218800.0,0.1247,6.913786999999992,44.0315,0.2162,31.1073,0.0,65.2435,0.7725,0.17535,24.49255,31.1073,30.6678,3.0604500000000003,4.1821,2761503000.0,712084000.0,900074000.0,1799422000.0,,,991175000.0,,Semiconductors
ADI,2013,"Analog Devices, Inc.",Semiconductors,North America,United States,67.0,68.5,65.5,67.5,38.620000000000005,1872500.0,0.1098,6.913786999999992,45.5869,0.184,29.4724,0.0,64.5328,0.8233,0.1554,26.1416,29.4724,28.9305,2.871,3.7956,2993320000.0,867394000.0,1072025000.0,1986541000.0,,,900529000.0,,Semiconductors
ADI,2014,"Analog Devices, Inc.",Semiconductors,North America,United States,64.66666666666667,66.0,66.0,65.33333333333333,43.3,2141400.0,0.1187,5.376,43.8374,0.1834,18.4132,0.0,59.6916,0.8921,0.155,13.3491,18.4132,17.0339,1.5845,2.2845,2701142000.0,651236000.0,824048000.0,1741001000.0,,,814542000.0,,Semiconductors
ADI,2015,Analog Devices Inc.,Semiconductors,North America,United States,61.0,68.0,64.5,64.5,52.370000000000005,2113100.0,0.121,3.7874,44.7808,0.1724,30.3291,0.0,65.9092,0.7001,0.0896,25.0101,30.3291,29.864,2.9132,4.1364,2633689000.0,673487000.0,753075000.0,1692411000.0,,,912345000.0,,Semiconductors
ADI,2016,Analog Devices Inc.,Semiconductors,North America,United States,75.36000000000001,75.76499999999999,63.85,72.62,53.435,2149000.0,0.1132,6.76,46.109,0.3475,30.9004,0.0,65.8114,0.7578,0.2579,26.4987,30.9004,29.4851,2.9984,4.624,2864773000.0,629320000.0,752484000.0,1830188000.0,,,871602000.0,,Semiconductors
ADI,2017,Analog Devices Inc.,Semiconductors,United States and Canada,United States,76.045,75.14500000000001,62.45,72.33000000000001,75.53,2450700.0,0.0679,1.473,43.4686,0.8263,13.5868,0.0,55.7886,1.03,0.4524,8.1503,13.5868,8.8429,0.3514,0.9388,3435092000.0,696878000.0,830841000.0,2259262000.0,,,907798000.0,,Semiconductors
ADI,2018,Analog Devices Inc,Semiconductors,United States and Canada,United States,78.60333333333334,81.24000000000001,64.38333333333334,75.97,87.6,2652400.0,0.0753,1.5808,41.0526,0.6038,31.3795,0.0,68.078,0.8829,0.3757,25.9709,31.3795,27.6286,1.9809,3.7633,3421409000.0,861664000.0,1028112000.0,2227173000.0,,,1291348000.0,368635788.0,Semiconductors
ADM,2010,Archer-Daniels-Midland Company,Food Products,North America,United States,40.5,47.0,62.5,49.0,22.435000000000002,5127950.0,0.4662,1.5699,43.7919,0.5786,0.0,0.0,4.8098,1.5565,0.301,2.0537,2.5418,2.7502,0.0,0.0,69816000000.0,1780000000.0,,3842000000.0,,,-3204000000.0,,Food Products
ADM,2011,Archer-Daniels-Midland Company,Food Products,North America,United States,43.0,50.25,69.25,52.25,23.37,5597950.0,0.5284,1.8359,31.070149999999998,0.51115,1.4314,0.0,4.1047,1.8118,0.2662,1.2218,2.8628,1.7663,0.5561,1.2521,69207000000.0,1684000000.0,,4089000000.0,,,5341000000.0,,Food Products
ADM,2012,Archer-Daniels-Midland Company,Food Products,North America,United States,50.0,46.0,70.66666666666667,53.0,22.525,4445800.0,0.52555,1.7955,12.7771,0.568,2.36255,0.0,3.6959,1.6311499999999999,0.262,1.2525,1.9076,2.1433,0.7051,1.9814,61682000000.0,1930000000.0,2585000000.0,3843000000.0,,,2684000000.0,,Food Products
ADM,2013,Archer-Daniels-Midland Company,Food Products,North America,United States,54.5,38.0,65.5,50.5,28.085,3800400.0,0.5518,1.897,14.0544,0.3518,3.0154,0.0,4.8461,2.132,0.2152,1.5491,3.0154,2.5805,0.8617,1.8669,90559000000.0,2036000000.0,3015000000.0,4300000000.0,45136000000.0,,2332000000.0,,Food Products
ADM,2014,Archer-Daniels-Midland Company,Food Products,North America,United States,58.0,44.5,61.0,53.5,42.035,3471550.0,0.4749,1.6682,11.6474,0.2883,3.7714,0.0,6.9446,2.0741,0.2197,3.355,3.7714,4.7669,1.6024,3.5914,89038000000.0,1223000000.0,1765000000.0,3668000000.0,,,3041000000.0,,Food Products
ADM,2015,Archer Daniels Midland Company,Food Products,North America,United States,64.0,52.0,60.5,58.5,39.66,3655100.0,0.4095,1.6309,11.5835,0.373,2.5544,0.0,5.6092,2.0678,0.2439,2.246,2.5544,3.0606,0.9441,2.0638,89804000000.0,1342000000.0,2024000000.0,3889000000.0,,,5226000000.0,,Food Products
ADM,2016,Archer Daniels Midland Company,Food Products,North America,United States,61.44,48.1825,63.417500000000004,56.6325,36.835,3200350.0,0.3973,1.5976,12.8076,0.4034,3.3574,0.0,6.1208,1.8615,0.273,2.1539,3.3574,3.0318,0.8632,1.9594,81201000000.0,2248000000.0,3130000000.0,4768000000.0,,,4943000000.0,,Food Products
ADM,2017,Archer Daniels Midland Company,Food Products,United States and Canada,United States,58.58200000000001,48.732,67.708,56.926,38.07,2756900.0,0.3951,1.5936,10.9042,0.409,2.456,0.0,5.8619,1.6833,0.2655,1.847,2.456,2.5631,0.7272,1.5788,67702000000.0,1849000000.0,2284000000.0,3966000000.0,,,1705000000.0,,Food Products
ADM,2018,Archer Daniels Midland Company,Food Products,United States and Canada,United States,60.565,49.95,65.38499999999999,57.5225,41.92,3425400.0,0.3983,1.6711,11.0165,0.4133,3.3165,0.0,6.6962,1.7378,0.2616,3.3161,3.3165,3.82,1.3514,2.8211,62346000000.0,1279000000.0,1822000000.0,3618000000.0,39956000000.0,,-6508000000.0,,Food Products
ADM,2019,Archer-Daniels Midland Co,Food Products,United States and Canada,United States,62.04,49.532,61.96,57.016,39.685,3048500.0,0.3824,1.5543,12.495,0.4704,2.9894,0.0,6.4451,1.8477,0.2877,2.4333,2.9894,3.0073,,2.1593,60828000000.0,1595000000.0,1609000000.0,3518000000.0,,,-5966000000.0,,Food Products
ADP,2010,"Automatic Data Processing, Inc.",Software & Services,North America,United States,43.0,44.0,70.0,50.0,28.52,3431950.0,0.0737,1.0845,46.3354,0.0062,18.0273,0.0,41.4582,0.0,0.0061,12.4922,18.0273,19.5748,0.9019,4.8378,8733700000.0,1235700000.0,1803400000.0,1154000000.0,23734400000.0,,1772200000.0,,Software & Services
ADP,2011,"Automatic Data Processing, Inc.",Software & Services,North America,United States,46.75,47.5,71.0,53.0,35.815,3057350.0,0.0791,1.0778,45.8675,0.0043,16.8705,0.0,40.2445,0.0,0.0043,12.0554,16.8705,18.1489,1.0721,4.9907,8838400000.0,1332600000.0,1900100000.0,1112500000.0,25351700000.0,,1562600000.0,,Software & Services
ADP,2012,"Automatic Data Processing, Inc.",Software & Services,North America,United States,48.0,53.0,68.0,55.0,39.905,2253100.0,0.0845,1.0777999999999999,49.0282,0.00265,16.6673,0.0,39.8483,0.0,0.00265,11.5754,16.6673,17.6531,1.0035,4.8072,8927700000.0,1211400000.0,1863200000.0,1216700000.0,26862200000.0,,1682100000.0,,Software & Services
ADP,2013,"Automatic Data Processing, Inc.",Software & Services,North America,United States,45.0,59.0,64.0,56.0,52.285,1924400.0,0.0651,1.054,62.4518,0.0024,16.2362,0.0,39.0009,0.0,0.0023,15.1181,16.2362,17.0872,0.8199,4.2775,9833000000.0,1254200000.0,1918000000.0,1292700000.0,34112300000.0,,1705800000.0,,Software & Services
ADP,2014,"Automatic Data Processing, Inc.",Software & Services,North America,United States,49.666666666666664,57.333333333333336,66.66666666666667,57.333333333333336,73.18,1981600.0,0.061,1.0638,54.1167,0.0019,18.1565,0.0,40.3339,0.0,0.0019,12.4925,18.1565,18.7971,0.7643,6.054,10595400000.0,1388500000.0,2101700000.0,1366100000.0,,,1910200000.0,,Software & Services
ADP,2015,"Automatic Data Processing, Inc.",Software & Services,North America,United States,55.5,52.5,64.0,56.5,75.035,1725650.0,0.0789,1.0983,51.9042,0.4309,17.0302,0.0,40.0606,0.0,0.3011,12.4024,17.0302,18.0941,0.8556,7.2891,9442000000.0,1405800000.0,1710100000.0,1235600000.0,,,1577200000.0,,Software & Services
ADP,2016,"Automatic Data Processing, Inc.",Software & Services,North America,United States,53.498000000000005,47.86,64.4,53.684000000000005,79.975,1733250.0,0.0747,1.1019,54.1205,0.4724,18.0191,0.0,40.8228,0.0,0.3208,12.6401,18.0191,18.1254,1.0738,8.6751,10226400000.0,1515900000.0,1879200000.0,1340000000.0,,,1821400000.0,,Software & Services
ADP,2017,"Automatic Data Processing, Inc.",Software & Services,United States and Canada,United States,54.0,44.795,63.065,52.125,95.96,1982500.0,0.0822,1.0953,52.3148,0.5064,17.8118,0.0,40.1569,0.0,0.3362,13.4083,17.8118,18.1422,1.157,10.4366,10938500000.0,1452500000.0,2070700000.0,1435900000.0,,,1974000000.0,,Software & Services
ADP,2018,Automatic Data Processing Inc,Software & Services,United States and Canada,United States,61.83,47.71,59.63,54.93,127.1,1966900.0,0.0885,1.0457,60.2592,0.4228,20.2036,0.0,42.1124,0.0,0.2972,15.2675,20.2036,19.539,1.3507,10.8019,11667800000.0,1492500000.0,2234700000.0,1499800000.0,,,1897300000.0,,Software & Services
ADP,2019,Automatic Data Processing Inc,Software & Services,United States and Canada,United States,63.17,51.495000000000005,62.43,57.735,157.005,1676350.0,0.0831,1.0208,63.4721,0.3737,20.7226,0.0,42.4827,0.0,0.1577,16.6605,20.7226,21.1431,,10.8643,12372000000.0,1787800000.0,2616900000.0,1616700000.0,38886900000.0,,2125900000.0,,Software & Services
ADSK,2010,"Autodesk, Inc.",Software & Services,North America,United States,65.5,43.0,77.0,58.5,29.509999999999998,3430300.0,0.1872,1.9606,43.9721,0.0,14.5165,0.0,89.7631,0.0,0.0,11.244,14.5165,15.0409,2.0766,3.4445,2315200000.0,183600000.0,244500000.0,2096100000.0,,,593900000.0,,Software & Services
ADSK,2011,"Autodesk, Inc.",Software & Services,North America,United States,69.33333333333333,45.333333333333336,76.66666666666667,60.666666666666664,37.120000000000005,3022000.0,0.18315,2.114,47.548100000000005,0.0,16.4419,0.0,89.493,0.0,0.0,13.07535,16.4419,16.6424,2.3943,3.9797,1713700000.0,59900000.0,79800000.0,1521900000.0,,,246800000.0,,Software & Services
ADSK,2012,"Autodesk, Inc.",Software & Services,North America,United States,72.0,53.5,70.0,63.0,33.845,2570350.0,0.17295,2.1108,52.681650000000005,0.0,15.9701,0.0,89.7475,0.0,0.0,11.75655,15.9701,16.1948,2.0721,3.4865500000000003,1951800000.0,212000000.0,271400000.0,1755200000.0,,,540800000.0,,Software & Services
ADSK,2014,"Autodesk, Inc.",Software & Services,North America,United States,77.5,57.0,75.5,68.0,54.17,2273900.0,0.1305,2.0604,54.7136,0.3293,2.3625,0.0,86.0841,0.0,0.2477,1.7314,2.3625,1.877,0.2259,0.4717,,,,,,,,,Software & Services
ADSK,2015,"Autodesk, Inc.",Software & Services,North America,United States,83.0,65.0,72.0,72.0,56.769999999999996,2168150.0,0.1149,2.0954,54.3631,0.7813,0.7055,0.0,84.8283,0.0,0.4386,-7.3024,0.7055,0.1477,-0.8391,-2.5273,2312200000.0,247400000.0,305900000.0,2073700000.0,,,559100000.0,,Software & Services
ADSK,2016,"Autodesk, Inc.",Software & Services,North America,United States,76.5825,57.739999999999995,71.6,66.85499999999999,59.045,1766150.0,0.1014,1.5943,47.7574,1.1183,-19.840792999999998,0.0,83.3538,0.0,0.5279,-21.290181999999994,-19.840792999999998,-25.906755999999998,-1.7871890000000001,-11.6791,2273900000.0,228800000.0,284800000.0,1999600000.0,,,563500000.0,,Software & Services
ADSK,2017,"Autodesk, Inc.",Software & Services,United States and Canada,United States,70.61,51.906666666666666,69.91666666666667,62.02,106.59,1782700.0,0.1153,1.0697,47.6365,5.0235,-19.840792999999998,0.0,84.9602,0.0,0.834,-21.290181999999994,-19.840792999999998,-24.9949,-1.7871890000000001,-45.6418,2512200000.0,81800000.0,120700000.0,2170100000.0,,,708600000.0,,Software & Services
ADSK,2018,Autodesk Inc,Software & Services,United States and Canada,United States,71.17,53.6,66.25,62.03,133.5,1885000.0,0.1596,0.8348,34.4875,-6.5695,-4.0379,0.0,88.5892,0.0,1.1795,-6.4411,-4.0379,-3.8254,-1.0279,16.308,2504100000.0,-98200000.0,1300000.0,2133400000.0,,,414000000.0,,Software & Services
ADSK,2019,Autodesk Inc,Software & Services,United States and Canada,United States,72.16666666666667,55.02,65.68333333333334,62.830000000000005,159.015,1534500.0,0.1635,0.6009,39.2395,-8.848264,9.2621,0.0,90.0226,0.0,1.1533,5.0452,9.2621,8.3459,,-20.6897,2031000000.0,-119800000.0,-100000000.0,1689100000.0,,,169700000.0,,Software & Services
AEE,2010,Ameren Corporation,Utilities,North America,United States,42.0,60.333333333333336,74.66666666666667,55.666666666666664,17.46,1774900.0,0.0726,1.608,35.3727,0.9784,11.6061,0.0,63.0725,1.0509,0.4812,3.0481,11.6061,4.9238,0.2297,0.6849,1931000000.0,227000000.0,485000000.0,,,,,,Utilities
AEE,2011,Ameren Corporation,Utilities,North America,United States,42.5,62.25,74.0,56.25,20.33,1820900.0,0.07885,1.4502,38.1983,0.8844,17.7428,0.0,62.7425,1.1008499999999999,0.4528,12.5661,17.7428,12.5772,0.5942,1.75,2267000000.0,152000000.0,331000000.0,,,,,212300000.0,Utilities
AEE,2012,Ameren Corporation,Utilities,North America,United States,44.333333333333336,60.0,72.0,56.0,23.675,1449650.0,0.06135,1.3437,31.5295,0.8944,24.5364,0.0,71.0942,0.6534,0.46305,15.0499,24.5364,18.4023,0.705,2.1039,2268000000.0,285000000.0,550000000.0,,,,,237400000.0,Utilities
AEE,2013,Ameren Corporation,Utilities,North America,United States,42.666666666666664,67.33333333333333,72.33333333333333,57.666666666666664,26.965,1518000.0,0.063,1.0139,32.0741,0.9476,18.603,0.0,71.062,0.7945,0.447,6.7712,18.603,12.2594,0.4758,1.6245,6148000000.0,519000000.0,1033000000.0,,,,1878000000.0,242600000.0,Utilities
AEE,2014,Ameren Corporation,Utilities,North America,United States,46.4,66.6,76.0,60.0,35.095,1442450.0,0.0615,0.7532,33.1095,1.0093,9.1241,0.0,64.0876,0.9389,0.4702,3.5037,9.1241,4.8905,0.2109,0.6856,5781000000.0,302000000.0,1188000000.0,,,,1690000000.0,242600000.0,Utilities
AEE,2015,Ameren Corporation,Utilities,North America,United States,50.0,67.0,77.0,62.0,35.19,1520200.0,0.0605,0.7967,33.4404,1.0515,16.9165,0.0,74.8751,0.7881,0.4641,10.7066,16.9165,11.2777,0.4276,1.4335,5838000000.0,293000000.0,1184000000.0,,,,1693000000.0,242600000.0,Utilities
AEE,2016,Ameren Corporation,Utilities,North America,United States,51.192,67.348,77.44800000000001,62.598,43.17,1588500.0,0.06,0.656,32.1654,1.0813,22.7751,0.0,76.0336,0.7568,0.4765,10.3013,22.7751,16.8185,0.622,2.0951,6053000000.0,586000000.0,1254000000.0,,,,1565000000.0,242600000.0,Utilities
AEE,2017,Ameren Corporation,Utilities,United States and Canada,United States,56.02,64.23666666666666,76.51666666666667,63.60999999999999,51.0,1261500.0,0.0609,0.5682,30.9228,1.1358,25.1789,0.0,75.2765,0.7422,0.483,12.5569,25.1789,20.039,0.7682,2.6575,1859000000.0,369000000.0,691000000.0,,,,,,Utilities
AEE,2018,Ameren Corporation,Utilities,United States and Canada,United States,56.78666666666667,61.75,74.95,62.81666666666666,57.01,1464100.0,0.0587,0.6215,35.9687,1.1625,24.6321,0.0,75.7518,0.7979,0.5028,15.2911,24.6321,20.0896,0.9009,3.1881,1723000000.0,290000000.0,569000000.0,,,,,242600000.0,Utilities
AEE,2019,Ameren Corporation,Utilities,United States and Canada,United States,54.07333333333333,65.34,70.93,61.666666666666664,72.39500000000001,1387150.0,0.0491,0.5713,31.1854,1.1946,20.3046,0.0,79.5504,0.668,0.5133,12.9804,20.3046,15.8811,,2.269,,366000000.0,533000000.0,,,,,242600000.0,Utilities
AEP,2010,"American Electric Power Co., Inc.",Utilities,North America,United States,56.333333333333336,77.66666666666667,77.33333333333333,68.0,23.175,3190350.0,0.0681,0.8818,49.4732,1.3728,14.1526,0.0,64.6654,0.8419,0.5394,5.1252,14.1526,8.3576,0.3528,1.3067,3547000000.0,446000000.0,858000000.0,,,,,421926696.0,Utilities
AEP,2011,"American Electric Power Co., Inc.",Utilities,North America,United States,58.666666666666664,77.66666666666667,82.33333333333333,70.0,26.24,3304150.0,0.07245,0.7695,44.3674,1.2387,20.2035,0.0,61.574,1.0441,0.5089,9.7534,20.2035,15.6229,0.6988,2.55445,4064000000.0,557000000.0,1025000000.0,,,,,426321248.0,Utilities
AEP,2012,"American Electric Power Co., Inc.",Utilities,North America,United States,58.25,74.25,81.75,69.25,29.689999999999998,2757050.0,0.0675,0.684,43.05995,1.23155,20.8674,0.0,64.06515,0.88695,0.5051,10.46265,20.8674,15.5078,0.70835,2.5218499999999997,4333000000.0,930000000.0,890000000.0,,,,,498333265.0,Utilities
AEP,2014,"American Electric Power Co., Inc.",Utilities,North America,United States,47.2,71.0,81.0,63.0,46.705,2564750.0,0.0592,0.5621,46.8482,1.1803,11.754,0.0,57.264,1.1444,0.4876,5.4118,11.754,7.0031,0.2611,0.9242,4176000000.0,434000000.0,875000000.0,,,,,503759460.0,Utilities
AEP,2015,"American Electric Power Co., Inc.",Utilities,North America,United States,51.5,70.0,78.5,64.0,46.655,2633250.0,0.0628,0.6353,40.8457,1.1411,21.0129,0.0,64.5622,1.1691,0.4985,11.6961,21.0129,16.4711,0.7079,2.4733,4497500000.0,561000000.0,1032300000.0,,,,,506004962.0,Utilities
AEP,2016,"American Electric Power Co., Inc.",Utilities,North America,United States,54.11,73.06,75.81,65.22,55.155,2611900.0,0.0615,0.6353,41.9656,1.2214,14.0551,0.0,64.4448,1.4056,0.4994,9.852,14.0551,10.7411,0.5912,2.1538,4580400000.0,630700000.0,1102800000.0,,,,,508113964.0,Utilities
AEP,2017,"American Electric Power Co., Inc.",Utilities,United States and Canada,United States,56.195,73.85,78.125,66.97,63.0,2225400.0,0.0589,0.5142,41.818,1.203,20.5033,0.0,66.1558,1.3529,0.5035,10.516,20.5033,15.4005,0.6207,2.194,4652200000.0,503900000.0,892900000.0,,,,,509739159.0,Utilities
AEP,2018,American Electric Power Co Inc,Utilities,United States and Canada,United States,58.84,72.19,79.1,67.91,64.31,2789700.0,0.06,0.5045,45.6144,1.3134,15.4301,0.0,65.1233,1.4675,0.5228,13.1666,15.4301,11.0983,0.7927,2.827,4104700000.0,594200000.0,1085700000.0,,,,,511389173.0,Utilities
AEP,2019,American Electric Power Co Inc,Utilities,United States and Canada,United States,59.33,72.19,77.85,67.82,85.42500000000001,2223400.0,0.0493,0.4838,42.4389,1.4266,15.4186,0.0,68.0546,1.1036,0.5545,12.9086,15.4186,10.8378,,2.3637,4333100000.0,733900000.0,958200000.0,,,,,512048520.0,Utilities
AES,2010,The AES Corporation,Utilities,North America,United States,39.666666666666664,47.0,75.0,50.333333333333336,8.7,6226050.0,0.0955,1.3897,53.7068,1.8464,11.4958,0.0,24.6537,4.9476,0.6243,2.8571,11.4958,11.4958,0.943,3.6685,,1234000000.0,2667000000.0,3568000000.0,34806000000.0,,2160000000.0,,Utilities
AES,2011,The AES Corporation,Utilities,North America,United States,38.666666666666664,43.666666666666664,76.66666666666667,49.666666666666664,9.47,5943050.0,0.104,1.3903,53.5536,2.1181,13.8444,0.0,23.4502,4.9356,0.6549,-3.0416,13.8444,13.8444,1.0226,4.0233,13110000000.0,658000000.0,2268000000.0,3357000000.0,39535000000.0,,2211000000.0,,Utilities
AES,2012,The AES Corporation,Utilities,North America,United States,40.4,46.2,71.2,49.6,9.305,4992300.0,0.09985,1.1677499999999998,55.2372,2.51905,4.9401,0.0,21.3949,4.2563,0.6898,3.4238,4.9401,4.9156,0.3205,1.442,15443000000.0,224000000.0,1890000000.0,3820000000.0,40511000000.0,,3465000000.0,,Utilities
AES,2014,The AES Corporation,Utilities,North America,United States,46.333333333333336,57.0,65.0,53.666666666666664,10.82,5146350.0,0.0798,1.1185,78.3955,2.8475,11.865,0.0,19.2926,3.5755,0.7188,6.6238,11.865,9.6785,0.5466,2.9079,17164000000.0,167000000.0,230000000.0,3583000000.0,41830000000.0,,2901000000.0,,Utilities
AES,2015,The AES Corporation,Utilities,North America,United States,54.0,67.0,77.0,64.0,10.059999999999999,5616650.0,0.0948,1.105,70.8233,3.2035,10.8315,0.0,20.651,3.9523,0.7401,1.8873,10.8315,10.8315,0.5351,3.0645,15891000000.0,488000000.0,1048000000.0,3247000000.0,40411000000.0,,2715000000.0,,Utilities
AES,2016,The AES Corporation,Utilities,North America,United States,60.12428571428571,73.94571428571429,79.48428571428572,69.11142857142856,9.71,4794450.0,0.0873,1.2158,58.1697,3.6115,-0.6813,0.0,19.4241,4.0534,0.7716,-14.9272,-0.6813,-0.6813,-0.0216,-0.141,16124000000.0,769000000.0,578000000.0,2980000000.0,38562000000.0,,1791000000.0,,Utilities
AES,2017,The AES Corporation,Utilities,United States and Canada,United States,57.278,74.56800000000001,73.31,66.47200000000001,9.77,4913100.0,0.0716,0.9887,74.845,3.5658,8.6491,0.0,23.8423,3.1438,0.7619,2.0283,8.6491,8.6491,0.3894,2.3378,11260000000.0,306000000.0,513000000.0,2663000000.0,36545000000.0,,2134000000.0,,Utilities
AES,2018,The AES Corporation,Utilities,United States and Canada,United States,54.37,73.34,69.92333333333333,63.953333333333326,11.98,6789800.0,0.0806,1.2392,50.4809,3.4431,13.4805,0.0,23.6517,3.4246,0.7601,4.8818,13.4805,13.196,0.6872,3.3631,10281000000.0,152000000.0,-354000000.0,2383000000.0,36124000000.0,,2897000000.0,,Utilities
AES,2019,The AES Corporation,Utilities,United States and Canada,United States,55.29,74.46666666666667,70.59666666666668,64.87,16.11,5101700.0,0.0747,1.096,54.7553,3.669,8.1037,0.0,23.0358,3.8869,0.7735,0.6847,8.1037,4.7523,,1.207,10530000000.0,684000000.0,-521000000.0,2465000000.0,33112000000.0,,2504000000.0,,Utilities
AFL,2010,AFLAC Inc.,Insurance,North America,United States,43.0,51.0,48.0,48.0,19.63,6538600.0,0.0546,0.0,0.0,0.2702,18.5141,0.0,0.0,0.0,0.2127,11.6667,17.8514,17.8514,0.6368,5.7926,16554000000.0,1254000000.0,1914000000.0,,,,4965000000.0,466615000.0,Insurance
AFL,2011,AFLAC Inc.,Insurance,North America,United States,49.0,56.0,52.0,53.0,18.015,7510000.0,0.0514,0.0,0.0,0.257,14.6513,0.0,0.0,0.0,0.20445000000000002,8.9982,13.7648,13.7648,0.4628,4.1557,18254000000.0,1497000000.0,3435000000.0,,,,6161000000.0,468568000.0,Insurance
AFL,2012,AFLAC Inc.,Insurance,North America,United States,48.666666666666664,62.333333333333336,50.666666666666664,54.0,18.855,5904900.0,0.04915,0.0,0.0,0.27385,17.570500000000003,0.0,0.0,0.0,0.21500000000000002,10.8469,16.5255,16.5255,0.56125,4.6951,20732000000.0,2328000000.0,3983000000.0,,100243000000.0,,6989000000.0,469661000.0,Insurance
AFL,2013,AFLAC Inc.,Insurance,North America,United States,51.0,65.0,51.333333333333336,56.0,24.189999999999998,4788000.0,0.0491,0.0,0.0,0.3379,19.368,0.0,0.0,0.0,0.2526,11.9266,18.1617,18.1617,0.5854,4.7892,6847000000.0,,1480000000.0,,,,,,Insurance
AFL,2017,Aflac Incorporated,Insurance,United States and Canada,United States,50.085,66.5,55.974999999999994,57.575,35.83,3171800.0,0.0401,0.0,0.0,0.2388,20.3758,0.0,0.0,0.0,0.1928,13.1356,19.252,19.252,0.5266,3.3158,5716000000.0,,1117000000.0,,,,,668132000.0,Insurance
AFL,2018,Aflac Incorporated,Insurance,United States and Canada,United States,49.44,66.27,49.6,54.8825,42.18,3314600.0,0.0394,0.0,0.0,0.2272,21.2024,0.0,0.0,0.0,0.1851,14.8864,20.2362,20.2362,0.586,3.4958,5506000000.0,,1075000000.0,,,,,1339446000.0,Insurance
AIG,2010,"American International Group, Inc.",Insurance,North America,United States,34.5,35.5,50.75,39.75,25.924999999999997,5720450.0,0.0223,0.0,0.0,0.8593,17.0753,0.0,0.0,0.0,0.4622,-12.9376,5.2017,8.1959,0.0583,1.6135,-6840000000.0,-99289000000.0,,,,,-122000000.0,,Insurance
AIG,2011,"American International Group, Inc.",Insurance,North America,United States,37.666666666666664,47.0,45.333333333333336,43.333333333333336,24.245,6217200.0,0.027,0.0,0.0,0.87015,17.9176,0.0,0.0,0.0,0.4652,6.89415,14.35145,1.62175,0.08074999999999999,0.4847500000000001,75447000000.0,1783000000.0,1641000000.0,,847585000000.0,,18584000000.0,,Insurance
AIG,2012,"American International Group, Inc.",Insurance,North America,United States,40.0,45.0,46.0,44.0,27.04,12461950.0,0.0304,0.0,0.0,0.7101999999999999,22.57355,0.0,0.0,0.0,0.41525,12.7378,19.025750000000002,12.79315,0.36005,1.9139,72829000000.0,10058000000.0,20247000000.0,,,,16597000000.0,,Insurance
AIG,2013,"American International Group, Inc.",Insurance,North America,United States,40.0,46.666666666666664,50.333333333333336,46.0,38.769999999999996,12734350.0,0.0324,0.0,0.0,0.4246,18.9037,0.0,0.0,0.0,0.2981,13.6101,15.6673,12.2563,0.3972,2.1599,65105000000.0,20622000000.0,4584000000.0,,,,-81000000.0,,Insurance
AIG,2014,"American International Group, Inc.",Insurance,North America,United States,44.5,61.5,48.5,51.5,46.39,7596250.0,0.0299,0.0,0.0,0.291,-4.4257,0.0,0.0,0.0,0.2254,4.2505,-6.671,4.7307,0.1377,0.6619,,2731000000.0,,,,,,,Insurance
AIG,2015,"American International Group, Inc.",Insurance,North America,United States,48.0,63.0,46.0,52.0,51.09,7287750.0,0.0278,0.0,0.0,0.3084,4.3285,0.0,0.0,0.0,0.2357,-1.8016,1.825,-0.8969,-0.0359,-0.1807,16697000000.0,3073000000.0,4480000000.0,,,,,1476321935.0,Insurance
AIG,2016,"American International Group, Inc.",Insurance,North America,United States,52.084,60.56,46.952,53.044,49.865,6372700.0,0.0261,0.0,0.0,0.3681,7.1884,0.0,0.0,0.0,0.2691,3.5942,4.6289,5.7336,0.0841,0.4856,15975000000.0,2468000000.0,3776000000.0,,,,,1464063323.0,Insurance
AIG,2017,"American International Group, Inc.",Insurance,United States and Canada,United States,57.707499999999996,61.955,47.59,55.214999999999996,56.27,5149900.0,0.025,0.0,0.0,0.428,8.0807,0.0,0.0,0.0,0.2997,-14.7987,5.8013,6.9252,-0.3403,-2.3448,14724000000.0,1913000000.0,2858000000.0,,,,,1375926971.0,Insurance
AIG,2018,American International Group Inc,Insurance,United States and Canada,United States,56.0,63.78,44.06,53.95,49.49,5461100.0,0.0234,0.0,0.0,0.5846,-2.6194,0.0,0.0,0.0,0.3689,-4.9522,-5.8599,-5.5334,0.1874,-0.9737,12632000000.0,1185000000.0,1727000000.0,,,,,1193916617.0,Insurance
AIG,2019,American International Group Inc,Insurance,United States and Canada,United States,55.88,63.78,43.88,53.84,49.675,4046400.0,0.0241,0.0,0.0,0.5243,12.6619,0.0,0.0,0.0,0.3439,7.8036,9.7569,9.7569,,1.4531,12914000000.0,1109000000.0,1837000000.0,,,,,995335841.0,Insurance
AIZ,2010,Assurant Inc.,Insurance,North America,United States,39.333333333333336,48.666666666666664,51.666666666666664,46.0,28.875,1282300.0,0.0798,0.0,0.0,0.2197,11.4426,0.0,0.0,0.0,0.1801,6.7016,10.7254,10.7254,0.5277,2.6399,,,,,,,,,Insurance
AIZ,2011,Assurant Inc.,Insurance,North America,United States,36.0,49.0,51.5,45.5,31.060000000000002,950250.0,0.077,0.0,0.0,0.2185,7.0637,0.0,0.0,0.0,0.1793,7.22405,6.333,6.333,0.5581,3.1151,2167856000.0,164675000.0,253456000.0,,,,,117368534.0,Insurance
AIZ,2012,Assurant Inc.,Insurance,North America,United States,39.0,54.0,47.0,47.0,31.33,916000.0,0.0761,0.0,0.0,0.2089,11.599499999999999,0.0,0.0,0.0,0.1728,6.88155,10.8844,10.8844,0.52365,2.8516,2062887000.0,165016000.0,214426000.0,,,,,116648714.0,Insurance
AIZ,2013,Assurant Inc.,Insurance,North America,United States,38.0,55.0,47.666666666666664,47.666666666666664,43.995000000000005,594550.0,0.0779,0.0,0.0,0.3626,9.5075,0.0,0.0,0.0,0.2661,5.702,8.5879,8.5879,0.4388,2.6927,2145080000.0,169170000.0,264661000.0,,,,,102000371.0,Insurance
AIZ,2014,Assurant Inc.,Insurance,North America,United States,39.0,61.5,49.0,50.5,59.245000000000005,514450.0,0.0831,0.0,0.0,0.2445,3.9701,0.0,0.0,0.0,0.1965,1.8971,3.4448,3.4448,0.1576,0.9603,2258650000.0,133523000.0,210767000.0,,,,,88524374.0,Insurance
AIZ,2015,Assurant Inc.,Insurance,North America,United States,44.5,62.0,49.5,52.5,60.69,537700.0,0.0848,0.0,0.0,0.261,2.0342,0.0,0.0,0.0,0.207,1.2397,1.5133,1.5133,0.1063,0.6791,2702488000.0,143610000.0,235253000.0,,,,,78664029.0,Insurance
AIZ,2016,Assurant Inc.,Insurance,North America,United States,53.5,60.55,52.370000000000005,55.4225,77.09,498650.0,0.0603,0.0,0.0,0.2587,12.8074,0.0,0.0,0.0,0.2055,7.8731,12.0441,12.0441,0.4768,3.2054,2644894000.0,50044000.0,83193000.0,,,,,71828208.0,Insurance
AIZ,2017,Assurant Inc.,Insurance,United States and Canada,United States,52.542500000000004,50.629999999999995,53.095,52.14,91.61,369700.0,0.0527,0.0,0.0,0.2581,10.1754,0.0,0.0,0.0,0.2051,7.5102,9.4417,9.4417,0.3999,2.8452,2147500000.0,220400000.0,337600000.0,,,,,69299559.0,Insurance
AIZ,2018,"Assurant, Inc.",Insurance,United States and Canada,United States,53.776666666666664,51.62,52.60333333333333,52.64333333333334,91.51,585600.0,0.0523,0.0,0.0,0.3827,4.506,0.0,0.0,0.0,0.2768,2.1275,3.3388,3.3388,0.1582,1.0121,1600500000.0,143800000.0,215100000.0,,,,,65850386.0,Insurance
AIZ,2019,"Assurant, Inc.",Insurance,United States and Canada,United States,56.05666666666667,52.300000000000004,53.73666666666667,53.97666666666667,105.65,445450.0,0.0588,0.0,0.0,0.3526,8.6034,0.0,0.0,0.0,0.2607,4.7153,7.5624,6.86,,2.2679,2270300000.0,,136500000.0,,,,,55941480.0,Insurance
AJG,2010,Arthur J Gallagher & Co.,Insurance,North America,United States,38.0,61.0,48.0,50.0,18.21,445500.0,0.1292,1.0943,147.046,0.5438,15.7998,0.0,39.443,0.0,0.3522,9.9741,15.7998,13.9064,1.2792,4.3402,1645000000.0,77300000.0,163600000.0,,,,160600000.0,,Insurance
AJG,2012,Arthur J Gallagher & Co.,Insurance,North America,United States,41.0,61.0,52.0,52.0,27.91,529750.0,0.1266,1.08305,162.1575,0.4909,13.3764,0.0,38.2534,0.0,0.31065,9.4865,13.3764,11.7312,1.2317,3.7709,1864200000.0,174100000.0,203000000.0,,3596000000.0,,229500000.0,,Insurance
AJG,2015,Arthur J Gallagher & Co.,Insurance,North America,United States,48.0,60.666666666666664,53.0,54.333333333333336,40.175,878800.0,0.128,1.078,115.798,0.6453,9.0253,0.0,29.6261,0.0,0.3641,9.1628,9.0253,7.2656,1.3406,3.8,3179600000.0,268600000.0,291000000.0,,6860500000.0,,,,Insurance
AJG,2016,Arthur J Gallagher & Co.,Insurance,North America,United States,47.401666666666664,59.81166666666667,52.36333333333334,53.30166666666667,43.025,918350.0,0.128,0.9579,112.893,0.7469,8.3249,0.0,32.8891,0.0,0.3697,8.2844,8.3249,6.4022,1.1643,3.4855,4626500000.0,303400000.0,291500000.0,,10010000000.0,,,,Insurance
AJG,2017,Arthur J. Gallagher & Co.,Insurance,United States and Canada,United States,44.92,60.215,52.92,52.849999999999994,53.59,779200.0,0.1185,1.0801,143.456,0.7287,5.7536,0.0,28.5666,0.0,0.3965,4.7058,5.7536,3.6321,0.6229,2.0026,5392400000.0,356800000.0,293500000.0,,10913800000.0,,,,Insurance
AJG,2018,Arthur J. Gallagher & Co,Insurance,United States and Canada,United States,49.4775,60.9675,52.6225,54.3475,66.55,885900.0,0.1023,1.0891,263.772,0.7727,7.1408,0.0,28.3385,0.0,0.4051,7.0773,7.1408,5.0773,0.8588,2.7967,5680500000.0,396800000.0,333600000.0,,13528200000.0,,649600000.0,,Insurance
AJG,2019,Arthur J. Gallagher & Co,Insurance,United States and Canada,United States,44.0,60.89,51.595,52.29,85.42500000000001,867600.0,0.0877,1.0469,283.332,0.8848,9.0723,0.0,33.7496,0.0,0.4354,6.6413,9.0723,6.2897,,2.4536,6249000000.0,481300000.0,359800000.0,,14909700000.0,,854200000.0,,Insurance
AKAM,2011,"Akamai Technologies, Inc.",Software & Services,North America,United States,45.0,45.0,67.75,50.75,30.42,4217400.0,0.1224,6.6568,58.3271,0.0,24.5061,0.0,66.903,0.0,0.0,17.3007,24.5061,27.14495,1.9933,2.1505,859773000.0,145913000.0,223480000.0,,,,424412000.0,,Software & Services
AKAM,2013,"Akamai Technologies, Inc.",Software & Services,North America,United States,58.0,49.0,76.0,58.5,44.754999999999995,2073300.0,0.1387,3.793,56.4808,0.0,25.7872,0.0,67.0185,0.0,0.0,18.4295,25.7872,26.268,2.7166,3.0558,1158538000.0,200904000.0,290649000.0,,,,446278000.0,,Software & Services
AKAM,2014,"Akamai Technologies, Inc.",Software & Services,North America,United States,60.0,49.0,72.0,58.0,60.79,1431600.0,0.134,3.78,55.3092,0.2054,25.3745,0.0,69.5688,0.0,0.1704,18.107,25.3745,24.9596,2.4267,3.297,1373947000.0,203989000.0,314487000.0,,,,530020000.0,,Software & Services
AKAM,2015,"Akamai Technologies, Inc.",Software & Services,North America,United States,60.0,49.0,62.0,55.0,71.11,1421650.0,0.1317,3.6475,59.1132,0.2007,20.9951,0.0,66.7279,0.0,0.1672,15.267,20.9951,20.686,2.1038,2.8332,1577922000.0,293487000.0,413968000.0,,,,563908000.0,,Software & Services
AKAM,2016,"Akamai Technologies, Inc.",Software & Services,North America,United States,60.125,47.3625,61.995000000000005,54.85,54.35,1906250.0,0.1342,3.497,55.1646,0.1996,19.2577,0.0,64.9924,0.0,0.1664,13.0123,19.2577,19.1222,1.7457,2.3983,1963874000.0,333948000.0,489519000.0,,,,658070000.0,,Software & Services
AKAM,2017,"Akamai Technologies, Inc.",Software & Services,United States and Canada,United States,66.11,49.300000000000004,60.05666666666667,57.03666666666666,53.0,1722700.0,0.1385,3.0113,58.8081,0.1982,14.1282,0.0,64.5644,0.0,0.1654,9.3676,14.1282,14.1609,1.2642,1.7265,2197448000.0,321406000.0,466150000.0,,,,793452000.0,,Software & Services
AKAM,2018,Akamai Technologies Inc,Software & Services,United States and Canada,United States,66.0,58.73,61.14,61.515,71.65,1529600.0,0.1248,2.0941,62.6807,0.4889,16.8621,0.0,64.4687,0.0,0.215,13.1791,16.8621,15.8507,1.146,2.9455,,320727000.0,466510000.0,,,,871812000.0,,Software & Services
AKAM,2019,Akamai Technologies Inc,Software & Services,United States and Canada,United States,67.67,58.73,62.19,62.28,81.11500000000001,1163800.0,0.1117,3.2187,65.4999,0.503,19.2578,0.0,65.65,0.0,0.3346,16.1565,19.2578,18.8871,,3.3556,,222766000.0,314289000.0,,,,800983000.0,,Software & Services
ALB,2010,Albemarle Corporation,Chemicals,North America,United States,45.0,54.0,75.0,56.0,36.34,680300.0,0.1992,3.4855,57.0317,0.5834,17.998,0.0,31.8111,1.0599,0.366,13.798,17.998,16.865,3.1521,6.7467,2467115000.0,194202000.0,220917000.0,607674000.0,,,327158000.0,,Chemicals
ALB,2012,Albemarle Corporation,Chemicals,North America,United States,53.0,55.0,75.0,59.0,51.9,709300.0,0.202,3.569,55.8475,0.39705,16.17965,0.0,35.83135,0.8866499999999999,0.28025,12.1162,16.17965,15.0552,2.51295,4.50345,2362764000.0,315778000.0,401943000.0,741910000.0,3068081000.0,,331309000.0,,Chemicals
ALB,2013,Albemarle Corporation,Chemicals,North America,United States,53.0,71.0,76.5,65.0,55.980000000000004,600750.0,0.1704,3.3984,70.4041,0.6847,21.7867,0.0,35.4554,0.7855,0.402,15.31,21.7867,20.1182,2.8044,6.1702,2869005000.0,392114000.0,517794000.0,954947000.0,3203824000.0,,487359000.0,,Chemicals
ALB,2014,Albemarle Corporation,Chemicals,North America,United States,57.0,71.0,81.0,67.5,53.065,1314550.0,0.1146,2.9379,65.3514,1.971,-3.899,0.0,27.1382,1.217,0.5989,-3.0921,-3.899,-8.1441,-0.2487,-0.8726,2519154000.0,311536000.0,399783000.0,898843000.0,3437291000.0,,488766000.0,,Chemicals
ALB,2015,Albemarle Corp.,Chemicals,North America,United States,57.5,67.75,77.75,66.25,48.739999999999995,1204650.0,0.0716,1.2091,89.034,1.1737,12.4665,0.0,31.5984,0.8187,0.5179,9.4331,12.4665,9.7012,0.6185,1.8275,2394270000.0,413171000.0,576675000.0,850471000.0,3584797000.0,,432859000.0,,Chemicals
ALB,2016,Albemarle Corp.,Chemicals,North America,United States,60.345,65.80499999999999,72.21666666666667,65.22500000000001,74.60499999999999,1196950.0,0.0719,1.4466,67.6388,0.9994,18.4503,0.0,36.5395,0.8219,0.469,19.6052,18.4503,15.7466,1.0264,2.891,2445548000.0,133316000.0,271298000.0,770848000.0,5202437000.0,,492609000.0,,Chemicals
ALB,2017,Albemarle Corp.,Chemicals,United States and Canada,United States,58.7925,66.6225,71.0325,64.59,106.23,985700.0,0.1011,2.11,65.8256,0.4432,19.1765,0.0,36.5172,0.8222,0.2671,14.0159,19.1765,16.5456,1.5591,2.9153,2826429000.0,334906000.0,345111000.0,860233000.0,9597954000.0,,360810000.0,,Chemicals
ALB,2018,Albemarle Corp,Chemicals,United States and Canada,United States,54.57,66.95333333333333,67.64333333333333,62.173333333333325,92.55,1453300.0,0.1133,1.8275,64.8731,0.4536,21.0557,0.0,36.0704,0.8152,0.2711,16.6821,21.0557,19.8734,1.9163,3.8922,2677203000.0,643675000.0,600980000.0,970306000.0,8161207000.0,,735524000.0,,Chemicals
ALB,2019,Albemarle Corp,Chemicals,United States and Canada,United States,53.95666666666667,67.06666666666666,65.5,61.42666666666667,68.44999999999999,1362000.0,0.1081,1.4548,74.0251,0.4795,20.986,0.0,35.2223,0.7102,0.2603,17.4225,20.986,18.6102,,4.2815,3071976000.0,302461000.0,571660000.0,1106276000.0,7750772000.0,,303979000.0,,Chemicals
ALGN,2017,"Align Technology, Inc.",Healthcare,United States and Canada,United States,48.0,46.49,66.08,52.74,151.67,805000.0,0.2298,2.3617,73.6432,0.0,25.635,0.0,75.9183,2.5115,0.0,19.406,25.635,26.6083,4.4597,6.4156,845486000.0,144020000.0,188634000.0,640110000.0,,,237997000.0,,Healthcare
ALGN,2018,"Align Technology, Inc.",Healthcare,United States and Canada,United States,49.20000000000001,45.73666666666667,58.723333333333336,50.49666666666667,272.28,940000.0,0.2602,1.9802,73.9875,0.0,24.7795,0.0,73.5779,2.7125,0.0,19.9632,24.7795,23.9688,5.3775,8.4554,1079874000.0,189682000.0,248921000.0,815294000.0,,,247654000.0,,Healthcare
ALGN,2019,Align Technology Inc,Healthcare,United States and Canada,United States,50.400000000000006,45.23,56.37,49.86,259.13,1018050.0,0.2584,1.7303,77.9236,0.0,23.2615,0.0,72.0442,1.7911,0.0,18.6618,23.2615,23.9766,,9.0079,1473413000.0,231418000.0,353611000.0,1116947000.0,,,438539000.0,,Healthcare
ALK,2017,"Alaska Air Group, Inc.",Transportation,United States and Canada,United States,38.82,56.05,64.04,52.02,81.34,1305200.0,0.1961,0.8012,13.9581,0.7737,20.237,0.0,100.0,0.0,0.4041,13.9391,20.237,19.763,2.7332,8.9767,0.0,848000000.0,1298000000.0,,,,1584000000.0,,Transportation
ALK,2018,Alaska Air Group Inc,Transportation,United States and Canada,United States,40.045,58.207499999999996,65.57,53.6875,61.53,1735400.0,0.195,0.7119,17.1568,0.5607,12.5696,0.0,100.0,0.0,0.3076,8.9518,12.5696,12.013,1.7458,5.3716,5925000000.0,797000000.0,1306000000.0,,,,1386000000.0,,Transportation
ALK,2019,Alaska Air Group Inc,Transportation,United States and Canada,United States,46.330000000000005,63.553333333333335,68.65666666666667,58.800000000000004,62.224999999999994,1037750.0,0.1767,0.6364,14.2026,0.4019,15.9091,0.0,100.0,0.0,0.2535,11.4511,15.9091,15.3409,,6.5945,7894000000.0,960000000.0,1208000000.0,,,,1590000000.0,,Transportation
ALL,2010,The Allstate Corporation,Insurance,North America,United States,52.0,55.0,54.0,53.0,24.555,4419550.0,0.0597,0.0,0.0,0.3102,5.1812,0.0,0.0,0.0,0.2368,3.45,5.1812,4.1672,0.2132,1.465,29394000000.0,389000000.0,,,134798000000.0,,3910000000.0,,Insurance
ALL,2011,The Allstate Corporation,Insurance,North America,United States,56.5,57.0,52.5,55.0,24.384999999999998,4499550.0,0.0649,0.0,0.0,0.3224,3.834,0.0,0.0,0.0,0.2438,2.1233,3.834,2.6571,0.1378,0.9653,32013000000.0,854000000.0,,,132652000000.0,,4301000000.0,,Insurance
ALL,2013,The Allstate Corporation,Insurance,North America,United States,57.75,58.5,48.75,54.75,42.644999999999996,2871900.0,0.0712,0.0,0.0,0.2992,14.8848,0.0,0.0,0.0,0.224,4.9391,14.8848,6.9876,0.3573,2.2153,32654000000.0,787000000.0,,,125193000000.0,,1929000000.0,,Insurance
ALL,2014,The Allstate Corporation,Insurance,North America,United States,60.0,67.5,53.0,60.5,59.225,2224600.0,0.0807,0.0,0.0,0.2305,15.036,0.0,0.0,0.0,0.1873,9.0764,15.036,14.1797,0.7596,4.0082,33315000000.0,2306000000.0,,,126947000000.0,,3054000000.0,,Insurance
ALL,2015,The Allstate Corporation,Insurance,North America,United States,61.666666666666664,67.66666666666667,53.333333333333336,61.0,59.9,2427100.0,0.0839,0.0,0.0,0.2524,9.1934,0.0,0.0,0.0,0.2015,5.2928,9.1934,8.2844,0.4672,2.6752,34507000000.0,2280000000.0,,,123460000000.0,,4242000000.0,,Insurance
ALL,2016,The Allstate Corporation,Insurance,North America,United States,65.33,62.21333333333333,55.71666666666667,60.800000000000004,62.11,1964250.0,0.0854,0.0,0.0,0.2486,9.1313,0.0,0.0,0.0,0.1991,5.3248,9.1313,8.2963,0.4791,2.71,35239000000.0,2850000000.0,,,108479000000.0,,3236000000.0,,Insurance
ALL,2017,The Allstate Corporation,Insurance,United States and Canada,United States,61.80666666666667,57.74333333333333,56.21,58.376666666666665,82.71,1697200.0,0.0885,0.0,0.0,0.287,10.7909,0.0,0.0,0.0,0.223,6.4422,10.7909,9.82,0.5861,3.269,35653000000.0,2171000000.0,,,,,3616000000.0,,Insurance
ALL,2018,The Allstate Corporation,Insurance,United States and Canada,United States,63.125,63.445,58.0275,61.29,90.04,1946400.0,0.0891,0.0,0.0,0.2789,9.9416,0.0,0.0,0.0,0.2181,6.7135,9.9416,8.8821,0.8551,3.444,37399000000.0,1877000000.0,,,,,3993000000.0,,Insurance
ALLE,2014,Allegion Plc,Building Products,Europe,Ireland,41.0,50.0,62.0,50.0,49.44,628700.0,0.2744,2.0121,47.2965,14.316985999999881,16.8015,0.0,42.5212,1.7547,0.9952,8.1279,16.8015,14.6378,2.7793,115.96061349999727,2023300000.0,220100000.0,371300000.0,,,,269200000.0,,Building Products
ALLE,2015,Allegion Plc,Building Products,Europe,Ireland,45.0,54.0,62.0,52.0,58.2,570750.0,0.241,1.6932,47.59,14.316985999999881,18.4216,0.0,42.6949,1.4458,0.98,12.3003,18.4216,13.8981,3.1816,89.4085,2069600000.0,32300000.0,240800000.0,,,,223900000.0,,Building Products
ALLE,2016,Allegion Plc,Building Products,Europe,Ireland,49.375,57.845,62.0,55.495000000000005,63.68,619900.0,0.2519,1.8559,42.9169,10.4041,20.9086,0.0,45.345,1.4092,0.9096,13.1297,20.9086,14.4813,3.3372,64.433,2118300000.0,175200000.0,326300000.0,,,,255900000.0,,Building Products
ALLE,2017,Allegion Plc,Building Products,Europe,Ireland,48.84,60.459999999999994,63.65,56.61,76.69,613200.0,0.249,2.1393,44.6268,3.8887,21.0112,0.0,44.8644,1.3951,0.7914,14.7358,21.0112,18.3787,3.6816,24.2139,2068100000.0,153900000.0,358600000.0,,2263000000.0,,257000000.0,,Building Products
ALXN,2010,"Alexion Pharmaceuticals, Inc.",Pharmaceuticals,North America,United States,43.0,43.0,60.0,48.5,27.295,1261800.0,0.1502,4.7444,97.3604,0.006,28.8698,0.0,88.3484,0.273,0.0051,17.303,28.8698,28.3685,2.6135,3.0765,,,,,,,,,Pharmaceuticals
ALXN,2011,"Alexion Pharmaceuticals, Inc.",Pharmaceuticals,North America,United States,51.5,38.5,53.0,46.0,50.405,1310850.0,0.1569,3.8693,97.6068,0.0016,32.443,0.0,88.35795,0.2984,0.0003,21.1681,32.443,32.1872,3.4537,4.246,,,,,,,,,Pharmaceuticals
ALXN,2012,"Alexion Pharmaceuticals, Inc.",Pharmaceuticals,North America,United States,49.0,40.0,52.0,45.5,93.295,1191300.0,0.1174,3.64915,93.94739999999999,0.10815,32.0626,0.0,89.07554999999999,0.3201,0.0751,21.90915,32.0626,31.6072,2.6746,3.92575,,,,,,,,,Pharmaceuticals
ALXN,2015,"Alexion Pharmaceuticals, Inc.",Pharmaceuticals,North America,United States,50.333333333333336,41.333333333333336,49.333333333333336,46.0,178.20499999999998,1476850.0,0.0507,3.2935,69.1572,0.4392,23.1862,0.0,91.8255,0.2219,0.2919,9.5059,23.1862,20.9048,0.5087,0.8066,,,,,,,,,Pharmaceuticals
ALXN,2016,"Alexion Pharmaceuticals, Inc.",Pharmaceuticals,North America,United States,52.445,38.6725,48.33,45.01,132.285,1614350.0,0.0601,3.1331,72.8244,0.4088,22.403,0.0,91.782,0.1823,0.2705,11.7647,22.403,19.8999,0.7071,1.1053,,,,,,,,,Pharmaceuticals
ALXN,2017,"Alexion Pharmaceuticals, Inc.",Pharmaceuticals,United States and Canada,United States,54.89000000000001,37.37,47.39000000000001,44.75666666666667,126.55,1827100.0,0.067,3.1012,71.8753,0.3648,11.938,0.0,84.1046,0.3141,0.2571,9.0793,11.938,9.8164,0.5717,0.8721,,,,,,,,,Pharmaceuticals
ALXN,2018,"Alexion Pharmaceuticals, Inc.",Pharmaceuticals,United States and Canada,United States,55.510000000000005,39.69,49.41,46.555,119.7,1464400.0,0.0775,2.8833,73.5356,0.3499,3.8714,0.0,91.1739,0.2057,0.2399,-3.9865,3.8714,-2.9146,-1.7871890000000001,-0.491,,,,,,,,,Pharmaceuticals
AMAT,2011,"Applied Materials, Inc.",Semiconductors,North America,United States,74.66666666666667,73.33333333333333,67.66666666666667,72.33333333333333,10.54,16797150.0,0.1976,3.1339,63.1897,0.2213,24.152500000000003,0.0,41.9189,0.867,0.1812,17.086,24.152500000000003,23.986800000000002,3.3752,5.5666,5014000000.0,264000000.0,-394000000.0,1431000000.0,9574000000.0,,333000000.0,,Semiconductors
AMAT,2012,"Applied Materials, Inc.",Semiconductors,North America,United States,77.0,74.0,66.75,73.0,9.72,12082950.0,0.1759,2.40495,63.2231,0.22935,13.7431,0.0,39.6927,0.9598,0.18645,9.3043,13.7431,12.8895,1.6366,2.6142,9549000000.0,938000000.0,1384000000.0,3715000000.0,,,1723000000.0,,Semiconductors
AMAT,2013,"Applied Materials, Inc.",Semiconductors,North America,United States,80.5,74.0,68.5,75.5,13.52,11152850.0,0.1681,2.323,58.1602,0.2798,10.6137,0.0,40.8101,0.8608,0.2187,8.5063,10.6137,9.7586,1.4297,2.4159,10517000000.0,1926000000.0,2398000000.0,4360000000.0,,,2429000000.0,,Semiconductors
AMAT,2014,"Applied Materials, Inc.",Semiconductors,North America,United States,78.75,76.25,67.0,74.5,18.06,12577000.0,0.1719,2.4679,66.3869,0.2475,18.1979,0.0,42.3587,0.8328,0.1984,11.3074,18.1979,17.5795,1.9432,3.2537,8719000000.0,168000000.0,411000000.0,3313000000.0,,,1851000000.0,,Semiconductors
AMAT,2015,Applied Materials Inc.,Semiconductors,North America,United States,71.6,80.8,64.6,73.2,17.72,14616200.0,0.1797,2.4384,66.2654,0.2331,17.0352,0.0,40.8835,0.8325,0.1891,14.1892,17.0352,15.9296,2.5013,4.3588,7509000000.0,301000000.0,432000000.0,2991000000.0,,,623000000.0,,Semiconductors
AMAT,2016,Applied Materials Inc.,Semiconductors,North America,United States,67.73,71.83,64.95,68.46833333333333,22.869999999999997,11790950.0,0.2059,2.4963,62.2111,0.4902,21.1273,0.0,42.2545,0.804,0.329,17.9015,21.1273,19.9929,3.6864,7.4058,9072000000.0,1072000000.0,1520000000.0,3843000000.0,,,1800000000.0,,Semiconductors
AMAT,2017,Applied Materials Inc.,Semiconductors,United States and Canada,United States,65.32499999999999,66.2925,61.900000000000006,64.8075,41.88,9198600.0,0.1962,2.9334,54.2789,0.6084,27.3237,0.0,45.2058,0.7459,0.3783,24.7062,27.3237,26.1218,4.8485,10.6127,9659000000.0,1377000000.0,1693000000.0,3952000000.0,,,1163000000.0,,Semiconductors
AMAT,2018,Applied Materials Inc,Semiconductors,United States and Canada,United States,69.57,67.3,59.15,66.16999999999999,46.28,12581300.0,0.2327,2.5963,55.6185,0.7756,26.2614,0.0,44.7862,0.6243,0.4368,24.0227,26.2614,25.877,5.6814,14.8865,10825000000.0,1721000000.0,2152000000.0,4511000000.0,,,2566000000.0,,Semiconductors
AMAT,2019,Applied Materials Inc,Semiconductors,United States and Canada,United States,69.57,67.3,60.05,66.395,43.724999999999994,8205200.0,0.1894,2.6531,59.9579,0.6476,22.5154,0.0,43.5269,0.5665,0.3931,18.5935,22.5154,21.954,,8.121,14698000000.0,3519000000.0,3936000000.0,6612000000.0,,,3789000000.0,,Semiconductors
AMD,2010,"Advanced Micro Devices, Inc.",Semiconductors,North America,United States,80.0,76.0,65.0,75.0,7.9399999999999995,23788350.0,0.3336,2.0325,42.5525,3.4309,7.911,0.0,45.0576,1.4335,0.7628,-2.6013,7.911,4.3557,-0.8678,-5.7181,5808000000.0,-3096000000.0,-1955000000.0,2320000000.0,,,-692000000.0,,Semiconductors
AMD,2011,"Advanced Micro Devices, Inc.",Semiconductors,North America,United States,80.6,78.4,71.0,77.6,7.175000000000001,18931050.0,0.3228,1.8394,48.355,1.2679,6.6709,0.0,45.223150000000004,1.7296,0.4899,4.80755,6.6709,4.0661,1.5101499999999999,4.63955,5403000000.0,293000000.0,664000000.0,2272000000.0,,,473000000.0,,Semiconductors
AMD,2012,"Advanced Micro Devices, Inc.",Semiconductors,North America,United States,82.66666666666667,78.0,74.0,78.33333333333333,5.46,17040150.0,0.2803,1.49795,48.4397,1.99095,-10.3231,0.0,30.8905,1.1788,0.63265,-12.372,-10.3231,-12.372,-1.7871890000000001,-15.8746,6494000000.0,510000000.0,848000000.0,2961000000.0,,,-412000000.0,,Semiconductors
AMD,2013,"Advanced Micro Devices, Inc.",Semiconductors,North America,United States,84.0,78.0,72.33333333333333,79.33333333333333,3.6,19533300.0,0.3384,1.694,51.938,4.7212,6.5024,0.0,35.6605,1.0195,0.8249,3.2854,6.5024,3.4908,1.1119,11.0599,6568000000.0,491000000.0,368000000.0,2940000000.0,,,382000000.0,,Semiconductors
AMD,2014,"Advanced Micro Devices, Inc.",Semiconductors,North America,United States,81.0,84.0,71.0,79.25,2.685,14703150.0,0.3289,1.9,59.4189,11.8289,-19.840792999999998,0.0,29.0557,1.2832,0.9158,-21.290181999999994,-19.840792999999998,-25.906755999999998,-1.7871890000000001,-50.534578999999994,5422000000.0,48000000.0,95000000.0,1235000000.0,,,-338000000.0,,Semiconductors
AMD,2015,"Advanced Micro Devices, Inc.",Semiconductors,North America,United States,87.0,82.0,68.0,80.5,2.315,10115600.0,0.3106,1.7019,54.967,-6.7262,-14.5435,0.0,24.6285,0.9956,1.1983,-18.5674,-14.5435,-18.5674,-1.7871890000000001,58.631,5299000000.0,17000000.0,103000000.0,1978000000.0,,,-148000000.0,,Semiconductors
AMD,2016,"Advanced Micro Devices, Inc.",Semiconductors,North America,United States,91.22000000000001,80.66666666666667,66.28666666666668,81.295,5.109999999999999,24482550.0,0.3472,1.8796,44.0704,3.4495,-0.779,0.0,30.876,1.0613,0.8091,-4.51,-0.779,-3.9029,-1.5658,-16.707,5506000000.0,-403000000.0,-137000000.0,1839000000.0,,,-98000000.0,,Semiconductors
AMD,2017,"Advanced Micro Devices, Inc.",Semiconductors,United States and Canada,United States,68.94,78.9,53.15,68.48,12.63,53158600.0,0.3773,1.7329,43.8068,2.7423,-0.0869,0.0,33.7314,1.2758,0.7228,-1.4179,-0.0869,-2.3134,-0.5349,-3.1879,3991000000.0,69000000.0,-8000000.0,1080000000.0,,,-226000000.0,,Semiconductors
AMD,2018,"Advanced Micro Devices, Inc.",Semiconductors,United States and Canada,United States,70.84,77.28,53.61666666666667,68.78333333333333,16.27,74347800.0,0.3803,1.7646,65.7169,1.1582,8.713,0.0,37.8436,1.3442,0.5092,6.1706,8.713,6.8966,2.3464,9.0667,4319000000.0,61000000.0,119000000.0,1003000000.0,,,81000000.0,,Semiconductors
AMD,2019,Advanced Micro Devices Inc,Semiconductors,United States and Canada,United States,75.66,78.78,58.95,72.57,29.53,58118650.0,0.3429,2.0809,78.3606,0.4007,10.3276,0.0,43.1427,0.9846,0.2861,6.663,10.3276,6.9961,,5.5147,5253000000.0,116000000.0,153000000.0,1787000000.0,,,12000000.0,,Semiconductors
AME,2010,Ametek Inc.,Electrical Equipment,North America,United States,34.0,42.0,63.0,44.0,17.825,998450.0,0.18,2.0092,54.4873,0.6582,19.9563,0.0,33.4121,1.2907,0.3764,11.9826,19.9563,16.8869,2.1273,4.5763,2531135000.0,246952000.0,432654000.0,,,,247265000.0,,Electrical Equipment
AME,2011,Ametek Inc.,Electrical Equipment,North America,United States,31.25,44.5,62.5,43.75,25.97,951150.0,0.1823,1.9413,51.7103,0.59275,21.2627,0.0,34.279,1.3557,0.353,13.0542,21.2627,18.5256,2.3592,4.7844,2098355000.0,205770000.0,366050000.0,,,,364671000.0,,Electrical Equipment
AME,2012,Ametek Inc.,Electrical Equipment,North America,United States,38.0,46.0,61.0,46.5,31.560000000000002,1016200.0,0.1703,1.4067,52.729,0.59735,22.407200000000003,0.0,35.493,1.30345,0.3234,13.75665,22.407200000000003,19.8157,2.3427,4.8621,2470952000.0,283932000.0,482158000.0,,,,423013000.0,,Electrical Equipment
AME,2013,Ametek Inc.,Electrical Equipment,North America,United States,40.0,47.0,60.5,47.5,41.230000000000004,925650.0,0.163,1.7871,53.4123,0.4511,22.9983,0.0,35.4128,1.2932,0.279,14.395,22.9983,20.2417,2.3413,4.3577,2989914000.0,384464000.0,635941000.0,,,,508565000.0,,Electrical Equipment
AME,2014,Ametek Inc.,Electrical Equipment,North America,United States,50.0,48.0,61.0,51.5,48.92,1197100.0,0.1595,1.6863,51.4494,0.5291,22.1731,0.0,28.9956,1.4664,0.3059,14.8417,22.1731,20.2642,2.3672,4.692,3334213000.0,459132000.0,745872000.0,,,,,,Electrical Equipment
AME,2015,Ametek Inc.,Electrical Equipment,North America,United States,46.0,48.0,61.0,50.0,51.614999999999995,1128550.0,0.1503,1.7188,54.9827,0.5783,23.7966,0.0,36.7278,1.1698,0.323,15.4936,23.7966,21.1918,2.354,4.5033,3594136000.0,516999000.0,815079000.0,,,,,,Electrical Equipment
AME,2016,Ametek Inc.,Electrical Equipment,North America,United States,43.85999999999999,45.69,64.44666666666667,49.65,46.129999999999995,1466100.0,0.137,1.4142,54.9173,0.6387,21.2814,0.0,33.2567,1.1913,0.3149,13.8289,21.2814,18.4384,1.8731,3.8743,4021964000.0,584460000.0,898586000.0,,,,,,Electrical Equipment
AME,2017,Ametek Inc.,Electrical Equipment,United States and Canada,United States,37.769999999999996,43.61,62.0,45.870000000000005,60.14,1160000.0,0.1413,1.6991,53.165,0.6453,21.2056,0.0,33.4322,1.3205,0.3378,14.153,21.2056,18.8447,1.9971,4.1891,3974295000.0,590859000.0,907716000.0,,,,,,Electrical Equipment
AME,2018,"AMETEK, Inc.",Electrical Equipment,United States and Canada,United States,40.29,45.423333333333325,59.25,46.82666666666666,73.46,1225500.0,0.1471,1.7066,52.9276,0.4947,22.2359,0.0,34.3656,1.2879,0.2976,16.0356,22.2359,20.5313,2.3583,4.4688,,512158000.0,790979000.0,,,,756835000.0,,Electrical Equipment
AME,2019,"AMETEK, Inc.",Electrical Equipment,United States and Canada,United States,36.91,46.22,57.15,45.23,85.445,1049400.0,0.1385,2.0461,52.8745,0.5286,22.9104,0.0,34.9973,1.3217,0.3142,16.9201,22.9104,20.9862,,4.5366,,681470000.0,903620000.0,,,,833259000.0,,Electrical Equipment
AMGN,2010,Amgen Inc.,Pharmaceuticals,North America,United States,52.0,39.0,67.0,50.5,44.57,5907400.0,0.0883,3.5204,54.7123,0.2005,38.7579,0.0,85.1081,0.2829,0.0879,31.5983,38.7579,37.5786,2.8392,5.1348,15003000000.0,4052000000.0,5214000000.0,3191000000.0,,,5988000000.0,,Pharmaceuticals
AMGN,2011,Amgen Inc.,Pharmaceuticals,North America,United States,60.0,41.5,66.25,53.75,44.91,5977100.0,0.08524999999999999,4.7954,62.1831,0.6057,29.2474,0.0,84.6603,0.2694,0.3708,23.5087,29.2474,26.4536,1.9112,4.53535,14642000000.0,4605000000.0,5506000000.0,3172000000.0,,,6336000000.0,,Pharmaceuticals
AMGN,2012,Amgen Inc.,Pharmaceuticals,North America,United States,72.6,42.6,63.8,56.4,59.775,4154700.0,0.0818,3.74535,55.308949999999996,1.29875,34.21995,0.0,82.056,0.2901,0.53995,26.9544,34.21995,30.8935,2.2003,5.91775,15053000000.0,4627000000.0,5545000000.0,3291000000.0,,,5787000000.0,,Pharmaceuticals
AMGN,2013,Amgen Inc.,Pharmaceuticals,North America,United States,72.33333333333333,45.0,68.33333333333333,58.666666666666664,88.05,3302150.0,0.0832,6.2026,51.4341,1.2513,33.1267,0.0,83.2229,0.2831,0.5557,26.8861,33.1267,30.0278,2.3912,6.1086,15582000000.0,3683000000.0,4312000000.0,3448000000.0,,,5119000000.0,,Pharmaceuticals
AMGN,2014,Amgen Inc.,Pharmaceuticals,North America,United States,71.33333333333333,52.0,70.0,61.666666666666664,136.935,3592950.0,0.0773,4.9533,42.9826,1.1915,27.3682,0.0,77.809,0.4469,0.5396,24.2731,27.3682,24.1231,1.8751,5.0198,17265000000.0,4345000000.0,5577000000.0,3859000000.0,,,5882000000.0,,Pharmaceuticals
AMGN,2015,Amgen Inc.,Pharmaceuticals,North America,United States,72.5,48.5,68.25,60.5,136.18,3340150.0,0.0775,5.4214,46.5754,1.1357,38.6592,0.0,80.6539,0.4242,0.5218,32.5145,38.6592,37.1881,2.5193,6.4096,18676000000.0,5081000000.0,5867000000.0,3868000000.0,,,6291000000.0,,Pharmaceuticals
AMGN,2016,Amgen Inc.,Pharmaceuticals,North America,United States,74.018,44.086,65.298,57.928,134.985,3009300.0,0.0754,4.1066,48.7025,1.1479,41.8425,0.0,82.1123,0.3887,0.498,32.8762,41.8425,38.7482,2.4927,6.477,20063000000.0,5158000000.0,6191000000.0,4482000000.0,,,8952000000.0,,Pharmaceuticals
AMGN,2017,Amgen Inc.,Pharmaceuticals,United States and Canada,United States,75.565,42.195,63.39,56.89,155.93,2746300.0,0.0726,6.0725,53.0677,1.1101,42.2484,0.0,82.3752,0.3458,0.5144,35.0078,42.2484,41.2437,2.5158,6.2708,21662000000.0,6939000000.0,8470000000.0,4489000000.0,,,9731000000.0,,Pharmaceuticals
AMGN,2018,Amgen Inc.,Pharmaceuticals,United States and Canada,United States,77.99333333333334,42.6,66.55333333333333,58.63333333333333,175.48,2827300.0,0.0895,3.0824,52.0482,2.3993,39.3462,0.0,82.4356,0.3437,0.6716,31.4871,39.3462,35.4675,3.2474,15.4001,22991000000.0,7722000000.0,9794000000.0,4550000000.0,,,10354000000.0,,Pharmaceuticals
AMGN,2019,Amgen Inc,Pharmaceuticals,United States and Canada,United States,79.12,43.81,70.11,60.525,182.20499999999998,2511000.0,0.0989,2.892,58.2678,2.8362,43.1584,0.0,81.9418,0.3195,0.7203,34.3037,43.1584,39.6897,,18.0104,22849000000.0,2311000000.0,9973000000.0,4655000000.0,,,11177000000.0,,Pharmaceuticals
AMP,2010,"Ameriprise Financial, Inc.",Diversified Financials,North America,United States,40.5,45.0,55.0,46.5,34.269999999999996,2246650.0,0.0186,0.8653,182.705,0.7612,31.1535,0.0,100.0,0.0,0.4159,10.5199,21.7709,18.7652,0.2433,2.7295,7097000000.0,260000000.0,,,,,2061000000.0,,Diversified Financials
AMP,2011,"Ameriprise Financial, Inc.",Diversified Financials,North America,United States,42.5,46.5,54.0,47.5,44.135000000000005,2213600.0,0.01915,0.7579,189.849,0.7679,24.9419,0.0,100.0,0.0,0.4193,12.0092,16.3439,13.279,0.2026,2.5917,7538000000.0,737000000.0,,,,,-1318000000.0,,Diversified Financials
AMP,2012,"Ameriprise Financial, Inc.",Diversified Financials,North America,United States,42.5,57.0,54.0,51.5,44.2,1512750.0,0.0186,0.7864500000000001,198.222,0.83035,23.0708,0.0,100.0,0.0,0.43795,8.8703,14.7574,11.8934,0.1264,1.7788,9582000000.0,1152000000.0,,,,,1847000000.0,,Diversified Financials
AMP,2013,"Ameriprise Financial, Inc.",Diversified Financials,North America,United States,48.0,52.0,57.0,53.0,69.065,1139200.0,0.0201,0.92,144.07,0.9476,26.205,0.0,100.0,0.0,0.4718,11.677,19.2125,16.2593,0.2642,4.1378,10239000000.0,1010000000.0,,,,,2178000000.0,,Diversified Financials
AMP,2014,"Ameriprise Financial, Inc.",Diversified Financials,North America,United States,48.0,55.0,57.0,54.0,110.455,816700.0,0.0208,0.8581,146.465,1.0886,26.9667,0.0,100.0,0.0,0.5162,13.7585,21.01,18.0641,0.3051,4.8791,10259000000.0,1029000000.0,,,,,1505000000.0,,Diversified Financials
AMP,2015,Ameriprise Financial Inc.,Diversified Financials,North America,United States,48.0,49.0,57.0,51.5,108.06,1084250.0,0.021,0.8825,152.968,1.2439,25.3638,0.0,100.0,0.0,0.5496,13.2673,19.4387,16.043,0.2615,4.5351,11230000000.0,1334000000.0,,,,,1364000000.0,,Diversified Financials
AMP,2016,Ameriprise Financial Inc.,Diversified Financials,North America,United States,48.105000000000004,48.13,57.49,51.555,85.905,1093600.0,0.0209,0.7723,160.187,0.8599,21.6301,0.0,100.0,0.0,0.4537,11.6684,16.1268,14.2807,0.2348,4.7256,12296000000.0,1619000000.0,,,,,2399000000.0,,Diversified Financials
AMP,2017,Ameriprise Financial Inc.,Diversified Financials,United States and Canada,United States,48.1875,47.515,58.364999999999995,51.84,120.75,895500.0,0.021,0.6735,164.91,0.8666,25.0,0.0,100.0,0.0,0.4549,13.0478,20.3774,18.7107,0.2745,6.288,12200000000.0,1562000000.0,,,,,2691000000.0,,Diversified Financials
AMP,2018,"Ameriprise Financial, Inc.",Diversified Financials,United States and Canada,United States,51.9,50.12,71.525,58.775000000000006,133.45,982900.0,0.0227,0.6821,166.99,0.7976,25.2816,0.0,100.0,0.0,0.4324,15.2795,19.6496,17.8615,0.3464,8.9534,11839000000.0,1313000000.0,1591000000.0,,,,2331000000.0,,Diversified Financials
AMP,2019,"Ameriprise Financial, Inc.",Diversified Financials,United States and Canada,United States,58.94,52.22,61.39,57.715,137.765,853700.0,0.0218,0.7781,199.373,0.8312,24.7211,0.0,100.0,0.0,0.4438,15.1618,19.9076,18.0894,,8.1592,12180000000.0,1480000000.0,2214000000.0,,,,1523000000.0,,Diversified Financials
AMT,2010,American Tower Corporation,Real Estate,North America,United States,34.0,40.0,70.33333333333333,45.666666666666664,38.394999999999996,3101250.0,0.0543,0.0,0.0,1.3913,40.1577,0.0,0.0,0.0,0.5726,18.2028,40.1577,27.6988,0.9906,2.7102,1593504000.0,347246000.0,606754000.0,,,,773258000.0,,Real Estate
AMT,2011,American Tower Corporation,Real Estate,North America,United States,37.25,41.0,70.75,47.0,45.035,2899450.0,0.0544,0.0,0.0,1.742,37.8057,0.0,0.0,0.0,0.5975,17.80625,37.8057,24.4217,0.94305,2.88225,1724114000.0,246595000.0,672258000.0,,,,842126000.0,,Real Estate
AMT,2012,American Tower Corporation,Real Estate,North America,United States,42.0,44.0,50.0,45.0,59.775000000000006,2326850.0,0.05495,0.0,0.0,2.0868,39.0845,0.0,0.0,0.0,0.6720999999999999,24.71555,39.0845,27.553600000000003,1.25155,4.5362,1985335000.0,372936000.0,784378000.0,,,,1020977000.0,,Real Estate
AMT,2013,American Tower Corporation,Real Estate,North America,United States,56.5,47.0,52.0,52.5,67.10499999999999,2364600.0,0.0464,0.0,0.0,3.5011,38.2333,0.0,0.0,0.0,0.7769,12.3414,38.2333,11.6888,0.5866,2.3236,2443532000.0,396462000.0,920132000.0,,12242395000.0,,,,Real Estate
AMT,2015,American Tower Corp.,Real Estate,North America,United States,77.5,53.0,67.5,67.0,86.23,2173900.0,0.046,0.0,0.0,2.5474,32.3873,0.0,0.0,0.0,0.7176,11.0079,32.3873,15.508,0.5938,2.1318,3361407000.0,551333000.0,1214305000.0,,20213937000.0,,,,Real Estate
AMT,2016,American Tower Corp.,Real Estate,North America,United States,78.875,52.519999999999996,65.26,66.88499999999999,98.16,1988700.0,0.0494,0.0,0.0,2.7363,31.6253,0.0,0.0,0.0,0.729,13.1481,31.6253,18.8648,0.7542,3.3385,4100048000.0,824910000.0,1486922000.0,,21263565000.0,,,,Real Estate
AMT,2017,American Tower Corp.,Real Estate,United States and Canada,United States,52.653333333333336,47.81666666666666,58.64333333333334,52.99666666666667,124.31,1860900.0,0.0517,0.0,0.0,2.7313,33.3849,0.0,0.0,0.0,0.7233,17.7545,33.3849,21.9016,1.0356,4.7077,4771500000.0,685100000.0,1612800000.0,,26904300000.0,,,,Real Estate
AMT,2018,American Tower Corp,Real Estate,United States and Canada,United States,52.84,50.153333333333336,56.52,53.13666666666666,137.64,2046400.0,0.054,0.0,0.0,3.5867,30.6587,0.0,0.0,0.0,0.7565,17.2216,30.6587,17.873,0.9468,5.1317,5785700000.0,956400000.0,1853000000.0,,30879200000.0,,2701700000.0,,Real Estate
AMT,2019,American Tower Corp,Real Estate,United States and Canada,United States,52.27,50.95,54.56,52.56,204.125,1600900.0,0.0484,0.0,0.0,3.7072,36.1929,0.0,0.0,0.0,0.7667,25.5221,36.1929,24.5502,,8.7194,6663900000.0,1238900000.0,1998400000.0,,33214300000.0,,2925600000.0,,Real Estate
AMZN,2011,Amazon.com Inc.,Retailing,North America,United States,41.666666666666664,36.333333333333336,54.666666666666664,42.333333333333336,193.675,5065250.0,0.5708,1.3259,12.717600000000001,0.2744,1.4916,0.0,23.4553,2.3304,0.2153,1.0097,1.4916,1.5604,0.6963,2.2689,24509000000.0,902000000.0,1129000000.0,,,,3293000000.0,,Retailing
AMZN,2012,Amazon.com Inc.,Retailing,North America,United States,43.0,40.0,54.0,44.5,224.04500000000002,3667450.0,0.6105,1.0756,14.93195,0.3543,0.8337,0.0,25.2571,2.1662,0.2616,0.0545,0.8337,0.88735,0.0333,0.0933,34204000000.0,1152000000.0,1406000000.0,,,,3495000000.0,,Retailing
AMZN,2013,Amazon.com Inc.,Retailing,North America,United States,44.0,56.0,50.0,51.0,281.93,2556250.0,0.5365,1.0743,16.3965,0.3349,0.5031,0.0,27.6504,2.0681,0.2509,-0.0446,0.5031,0.1083,-0.0236,-0.0802,48077000000.0,631000000.0,862000000.0,,,,3903000000.0,,Retailing
AMZN,2014,Amazon.com Inc.,Retailing,North America,United States,45.0,57.0,50.0,51.0,310.32500000000005,3551700.0,0.5381,1.1153,17.2218,0.7695,2.0151,0.0,29.5179,2.4908,0.4349,0.7297,2.0151,1.4662,0.3926,1.9924,61093000000.0,82000000.0,676000000.0,,,,4180000000.0,,Retailing
AMZN,2015,Amazon.com Inc.,Retailing,North America,United States,47.0,59.0,50.0,53.0,439.745,3245950.0,0.451,1.0822,19.0986,0.6632,2.0013,0.0,33.9262,2.0295,0.3987,0.3968,2.0013,1.5614,0.1754,0.7818,74452000000.0,274000000.0,745000000.0,,40159000000.0,,5475000000.0,,Retailing
AMZN,2016,Amazon.com Inc.,Retailing,North America,United States,48.008,52.220000000000006,49.78,50.134,727.875,3595750.0,0.4672,1.063,18.0332,0.4614,2.8692,0.0,35.0125,2.0004,0.3157,1.7124,2.8692,2.6657,0.8981,3.8838,88988000000.0,92000000.0,464000000.0,,54505000000.0,,6842000000.0,,Retailing
AMZN,2017,"Amazon.com, Inc.",Retailing,United States and Canada,United States,46.05500000000001,48.555,47.03,47.3,967.99,3097500.0,0.4324,1.032,19.598,0.893,1.6546,0.0,37.0222,2.0374,0.4717,0.5852,1.6546,1.7547,0.2244,1.0382,107006000000.0,857000000.0,2233000000.0,,64747000000.0,,12039000000.0,,Retailing
AMZN,2018,Amazon.com Inc,Retailing,United States and Canada,United States,42.04333333333333,46.826666666666675,46.28,45.01666666666667,1624.89,4955000.0,0.3944,1.0824,21.4543,0.6309,5.6404,0.0,41.6661,2.0806,0.3868,4.7914,5.6404,4.9257,1.8896,7.241,135987000000.0,2371000000.0,4186000000.0,,83402000000.0,,17203000000.0,,Retailing
AMZN,2019,Amazon.com Inc,Retailing,United States and Canada,United States,41.82,47.38,45.48,44.95666666666667,1786.45,3475800.0,0.3515,1.097,21.7178,0.3977,4.5112,0.0,40.9811,2.2009,0.2845,3.7375,4.5112,4.5565,,4.9471,177866000000.0,3033000000.0,4106000000.0,,131310000000.0,,18365000000.0,,Retailing
ANSS,2010,"Ansys, Inc.",Software & Services,North America,United States,38.0,45.0,60.0,46.5,43.815,386600.0,0.0705,2.1179,109.877,0.1129,38.0229,0.0,82.4777,0.0,0.0865,25.8361,38.0229,37.5264,1.8168,2.5306,,,,,,,,,Software & Services
ANSS,2011,"Ansys, Inc.",Software & Services,North America,United States,42.0,49.0,60.0,49.0,53.765,409400.0,0.0737,1.6867,112.562,0.0816,37.7766,0.0,82.7047,0.0,0.045,26.3371,37.7766,37.8425,1.9399,2.6975499999999997,,,,,,,,,Software & Services
ANSS,2012,"Ansys, Inc.",Software & Services,North America,United States,41.0,49.0,64.0,50.0,65.175,357050.0,0.07730000000000001,1.8202500000000001,124.5245,0.0502,36.7892,0.0,82.52235,0.0,0.0072,25.7733,36.7892,36.74225,2.0088,2.7411000000000003,,,,,,,,,Software & Services
ANSS,2013,"Ansys, Inc.",Software & Services,North America,United States,42.0,43.0,59.0,46.0,79.315,267550.0,0.0834,2.424,98.5024,0.0085,38.3889,0.0,83.4622,0.0,0.0053,29.357,38.3889,38.4232,2.3844,2.9895,,,,,,,,,Software & Services
ANSS,2014,"Ansys, Inc.",Software & Services,North America,United States,43.0,46.0,60.0,48.0,79.775,390200.0,0.0924,2.3272,103.856,0.0,36.9722,0.0,84.366,0.0,0.0,27.3742,36.9722,36.9065,2.5295,3.1402,,,,,,,,,Software & Services
ANSS,2016,"Ansys, Inc.",Software & Services,North America,United States,42.5,43.33,62.1,47.775000000000006,89.995,413000.0,0.09,2.3727,97.2814,0.0,38.2637,0.0,85.526,0.0,0.0,28.2911,38.2637,38.8013,2.5341,3.1195,,,,,,,,,Software & Services
ANSS,2017,"Ansys, Inc.",Software & Services,United States and Canada,United States,43.166666666666664,42.660000000000004,61.73333333333333,47.583333333333336,122.86,409200.0,0.0968,2.2255,96.2316,0.0,37.2812,0.0,86.5011,0.0,0.0,26.4205,37.2812,37.8412,2.5256,3.1849,,,,,,,,,Software & Services
ANSS,2018,Ansys Inc,Software & Services,United States and Canada,United States,44.5,46.72,58.6,49.025000000000006,163.54,472100.0,0.1,2.6275,123.82,0.0,35.4849,0.0,87.4548,0.0,0.0,30.8675,35.4849,35.8671,2.9232,3.6928,,,,,,,,,Software & Services
ANSS,2019,Ansys Inc,Software & Services,United States and Canada,United States,52.0,45.5,69.44999999999999,53.435,202.505,404650.0,0.1005,2.2413,123.871,0.0,34.8931,0.0,89.0143,0.0,0.0,29.772,34.8931,35.2492,,3.8956,,,,,,,,,Software & Services
ANTM,2010,WellPoint Inc.,Healthcare,North America,United States,41.0,53.333333333333336,71.66666666666667,53.666666666666664,48.04,4503050.0,0.2877,1.8659,25.2281,0.4071,8.5217,0.0,23.1034,0.0,0.2522,5.0058,8.5217,7.8011,1.4402,3.0339,,,,,,,,,Healthcare
ANTM,2011,WellPoint Inc.,Healthcare,North America,United States,52.0,55.0,74.0,58.666666666666664,58.05,2846450.0,0.2933,1.7453,25.582,0.4541,7.42395,0.0,21.35465,0.0,0.2666,4.4369,7.42395,6.72955,1.3001,2.8805,,,,,,,,,Healthcare
ANTM,2012,WellPoint Inc.,Healthcare,North America,United States,58.5,49.0,76.0,59.5,55.55,2650300.0,0.2788,1.7973,28.0188,0.552,7.5600000000000005,0.0,21.486449999999998,0.0,0.33004999999999995,4.3396,7.5600000000000005,6.7433,1.20925,2.81215,,,,,,,,,Healthcare
ANTM,2013,WellPoint Inc.,Healthcare,North America,United States,59.0,55.0,82.0,64.0,73.11500000000001,1858600.0,0.2968,1.8191,26.4831,0.6323,6.589,0.0,21.1728,0.0,0.3648,3.6751,6.589,4.9268,1.0849,2.6354,,,,,,,,,Healthcare
ANTM,2015,"Anthem, Inc.",Healthcare,North America,United States,68.0,59.0,81.0,68.0,135.765,1787700.0,0.3193,1.6164,32.7261,0.7651,6.4924,0.0,22.2721,0.0,0.4015,3.2902,6.4924,5.6759,1.0504,2.818,,,,,,,,,Healthcare
ANTM,2016,"Anthem, Inc.",Healthcare,North America,United States,62.8,48.403999999999996,74.162,59.727999999999994,124.12,1578150.0,0.3336,1.5832,31.0194,0.6858,6.1176,0.0,20.9373,0.0,0.3653,2.8864,6.1176,5.3098,0.9593,2.4967,,,,,,,,,Healthcare
ANTM,2017,"Anthem, Inc.",Healthcare,United States and Canada,United States,67.13,44.655,69.89750000000001,57.845,179.31,1401900.0,0.3283,1.5526,34.6674,0.6623,5.6586,0.0,19.2723,0.0,0.3634,3.8171,5.6586,4.9897,1.2534,3.2359,,,,,,,,,Healthcare
ANTM,2018,Anthem Inc,Healthcare,United States and Canada,United States,69.97666666666667,46.596666666666664,69.39999999999999,59.28666666666667,240.64,1302000.0,0.3123,1.535,36.3052,0.6931,6.146,0.0,21.7883,0.0,0.3763,4.1289,6.146,5.3417,1.4173,3.2996,,,,,,,,,Healthcare
ANTM,2019,Anthem Inc,Healthcare,United States and Canada,United States,71.53,47.5925,71.8575,60.86,276.65,1402100.0,0.3428,1.6587,34.7462,0.645,6.2758,0.0,19.4047,0.0,0.3615,4.435,6.2758,5.5822,,3.6989,,,,,,,,,Healthcare
AON,2010,Aon plc,Insurance,Europe,United Kingdom,41.0,54.0,52.5,48.5,35.12,2002800.0,0.0792,0.0,0.0,0.5425,14.603,0.0,0.0,0.0,0.3258,7.9956,14.603,12.3754,0.7681,2.9136,7528000000.0,1462000000.0,940000000.0,,,,968000000.0,276800000.0,Insurance
AON,2011,Aon plc,Insurance,Europe,United Kingdom,40.666666666666664,52.666666666666664,52.0,48.0,43.515,2106350.0,0.0947,0.0,0.0,0.553,14.3621,0.0,0.0,0.0,0.346,9.04725,14.3621,12.5222,0.85895,3.0557499999999997,7595000000.0,792000000.0,1021000000.0,,,,500000000.0,270900000.0,Insurance
AON,2012,Aon plc,Insurance,Europe,United Kingdom,46.666666666666664,54.333333333333336,52.0,51.0,44.405,1706450.0,0.0928,0.0,0.0,0.5314,13.9667,0.0,0.0,0.0,0.3304,8.5488,13.9667,12.3106,0.82515,3.03235,8512000000.0,732000000.0,1244000000.0,,,,783000000.0,330500000.0,Insurance
AON,2013,Aon plc,Insurance,Europe,United Kingdom,48.0,57.0,53.0,53.0,60.875,1497850.0,0.0964,0.0,0.0,0.5827,13.1861,0.0,0.0,0.0,0.3102,9.1625,13.1861,12.6342,0.9009,3.4783,11287000000.0,1010000000.0,1596000000.0,,,,1018000000.0,326400000.0,Insurance
AON,2014,Aon plc,Insurance,Europe,United Kingdom,50.0,63.0,53.5,55.5,84.41499999999999,1429450.0,0.1108,0.0,0.0,0.8418,19.2483,0.0,0.0,0.0,0.4199,13.9133,19.2483,17.6114,1.5686,7.0427,11514000000.0,1020000000.0,1596000000.0,,,,1419000000.0,309100000.0,Insurance
AON,2015,Aon Plc.,Insurance,Europe,United Kingdom,52.0,63.0,54.0,57.0,91.025,1109500.0,0.0961,0.0,0.0,0.9407,15.062,0.0,0.0,0.0,0.4468,10.7586,15.062,12.8373,1.1137,5.0993,11815000000.0,1148000000.0,1671000000.0,,,,1753000000.0,296500000.0,Insurance
AON,2016,Aon Plc.,Insurance,Europe,United Kingdom,50.95,63.208000000000006,54.7,56.41799999999999,103.65,990400.0,0.0872,0.0,0.0,1.1212,16.9588,0.0,0.0,0.0,0.5151,14.4934,16.9588,14.0391,1.1247,5.1693,12045000000.0,1431000000.0,1966000000.0,,,,1812000000.0,,Insurance
AON,2017,Aon Plc.,Insurance,Europe,United Kingdom,47.5,62.57333333333333,57.56333333333333,56.14666666666667,129.68,995800.0,0.0903,0.0,0.0,1.1372,10.9402,0.0,0.0,0.0,0.519,7.906,10.9402,8.547,0.0652,0.3657,9480000000.0,1422000000.0,1587000000.0,,,,2009000000.0,,Insurance
AON,2018,Aon plc,Insurance,Europe,United Kingdom,47.75,59.9,54.06,54.04,139.71,911700.0,0.0941,0.0,0.0,1.48,11.1537,0.0,0.0,0.0,0.5669,6.258,11.1537,8.2588,0.6054,3.5813,9409000000.0,1430000000.0,1811000000.0,,,,2326000000.0,,Insurance
AOS,2016,AO Smith Corp.,Building Products,United States and Canada,United States,43.25,42.14,57.85,45.095,40.72,1157400.0,0.2421,2.2102,66.8715,0.2136,17.3417,0.0,41.4242,1.6119,0.1727,12.1655,17.3417,17.3125,2.9458,5.4577,2356000000.0,207800000.0,345300000.0,859300000.0,2498100000.0,,264000000.0,,Building Products
AOS,2017,A. O. Smith Corporation,Building Products,United States and Canada,United States,43.364999999999995,41.980000000000004,59.95,47.025,51.87,735900.0,0.2415,2.3208,69.4028,0.2495,17.0956,0.0,41.2083,1.5122,0.1967,12.495,17.0956,17.549,3.0181,5.6246,2536500000.0,282900000.0,452900000.0,1009800000.0,2629200000.0,,,,Building Products
AOS,2018,A. O. Smith Corporation,Building Products,United States and Canada,United States,44.04,42.14,59.18333333333334,47.163333333333334,57.29,1166700.0,0.2645,2.1508,71.7009,0.1289,17.2567,0.0,40.9216,1.5606,0.1142,13.8708,17.2567,17.5327,3.4576,6.6174,2685900000.0,326500000.0,515000000.0,1114200000.0,2891000000.0,,446600000.0,,Building Products
AOS,2019,A. O. Smith Corporation,Building Products,United States and Canada,United States,44.04,41.0,58.74,46.65,46.46,1419950.0,0.241,2.0597,74.6433,0.1927,15.3667,0.0,39.2862,1.4323,0.1587,12.1587,15.3667,15.4903,,5.4776,2996700000.0,296500000.0,577900000.0,1232400000.0,3197400000.0,,326400000.0,,Building Products
APA,2010,Apache Corp.,Oil & Gas Producers,North America,United States,42.5,58.5,54.0,50.75,85.475,3329400.0,0.0816,1.6822,52.4788,0.2969,44.3744,0.0,98.5532,0.0845,0.2253,25.39,44.3744,44.3744,2.1068,3.7551,,,,,,,,,Oil & Gas Producers
APA,2011,Apache Corp.,Oil & Gas Producers,North America,United States,41.6,57.8,57.0,51.2,100.08,2958150.0,0.0912,1.0928,53.2348,0.2581,48.3826,0.0,98.3172,0.12125,0.1956,27.2283,48.3826,48.3826,2.2843,4.2822,,,,,,,,,Oil & Gas Producers
APA,2012,Apache Corp.,Oil & Gas Producers,North America,United States,45.0,50.0,61.0,51.0,74.52,2847400.0,0.07025,0.92085,63.424899999999994,0.3563,20.6987,0.0,98.1873,0.10385,0.24874999999999997,8.4844,20.6987,20.6987,0.6222,1.209,,,,,,,,,Oil & Gas Producers
APA,2013,Apache Corp.,Oil & Gas Producers,North America,United States,45.0,52.0,54.0,50.0,71.815,2833300.0,0.0647,1.3301,71.2154,0.3313,16.4359,0.0,97.9231,0.0791,0.2479,7.6923,16.4359,16.4359,0.7221,1.3189,,,,,,,,,Oil & Gas Producers
APA,2014,Apache Corp.,Oil & Gas Producers,North America,United States,45.666666666666664,61.333333333333336,55.666666666666664,54.333333333333336,63.91,4656300.0,0.0191,1.7508,170.722,0.3997,-19.840792999999998,0.0,93.4396,0.0989,0.2855,-21.290181999999994,-19.840792999999998,-25.906755999999998,-1.7871890000000001,-23.5811,,,,,,,,,Oil & Gas Producers
APA,2016,Apache Corp.,Oil & Gas Producers,North America,United States,45.805,67.445,58.01,57.5125,49.315,3661050.0,0.0621,2.0098,66.5925,1.0971,-19.840792999999998,0.0,96.4534,0.0981,0.5232,-17.6556,-19.840792999999998,-20.3329,-0.8215,-2.2999,,,,,,,,,Oil & Gas Producers
APA,2017,Apache Corp.,Oil & Gas Producers,United States and Canada,United States,51.836666666666666,70.97666666666667,63.70666666666667,62.46,43.8,3282800.0,0.0721,1.529,66.0043,1.0077,5.9048,0.0,97.0996,0.1154,0.4864,28.7516,5.9048,5.9048,2.3629,5.8924,,,,,,,,,Oil & Gas Producers
APA,2018,Apache Corp,Oil & Gas Producers,United States and Canada,United States,51.38333333333333,76.86666666666667,64.02,64.73666666666666,39.22,3975000.0,0.088,1.2619,66.1271,0.9268,20.474,0.0,95.3606,0.2271,0.4737,4.0847,20.474,20.474,0.9453,1.7997,,,,,,,,,Oil & Gas Producers
APA,2019,Apache Corp,Oil & Gas Producers,United States and Canada,United States,53.06,79.2,64.1,66.27,25.93,4534650.0,0.0742,1.0571,61.0754,1.0691,-9.3943,0.0,94.3758,0.0,0.5161,-21.290181999999994,-9.3943,-9.3943,,-3.8754,,,,,,,,,Oil & Gas Producers
APD,2010,Air Products & Chemicals Inc.,Chemicals,North America,United States,51.0,55.0,63.0,55.0,52.495,1513350.0,0.1733,1.3519,73.8245,0.7246,14.9358,0.0,28.0637,2.9435,0.3852,11.2418,14.9358,14.9434,2.0101,4.6159,2195300000.0,205600000.0,260400000.0,565500000.0,,,,,Chemicals
APD,2011,Air Products & Chemicals Inc.,Chemicals,North America,United States,56.333333333333336,59.666666666666664,67.0,59.666666666666664,62.345,1337800.0,0.1684,1.362,65.4313,0.7621,15.2401,0.0,25.8109,2.6916,0.3907,13.2079,15.2401,16.2621,2.0804,4.829,2252300000.0,253200000.0,345000000.0,641200000.0,,,,209334627.0,Chemicals
APD,2012,Air Products & Chemicals Inc.,Chemicals,North America,United States,61.666666666666664,66.0,70.33333333333333,65.0,61.715,1034300.0,0.15525,1.29315,66.1049,0.76935,13.4071,0.0,26.5064,2.4447,0.39305,11.74365,13.4071,13.64645,1.7751000000000001,4.44065,2472000000.0,326500000.0,393800000.0,654800000.0,,,,211260264.0,Chemicals
APD,2013,Air Products & Chemicals Inc.,Chemicals,North America,United States,63.5,71.0,76.0,69.5,72.72999999999999,1125200.0,0.1449,1.0588,69.914,0.8715,15.0395,0.0,26.6981,2.6666,0.4099,11.3218,15.0395,15.3408,1.6522,3.9878,2344300000.0,484500000.0,482800000.0,649300000.0,,,,213802865.0,Chemicals
APD,2014,Air Products & Chemicals Inc.,Chemicals,North America,United States,68.75,76.0,77.5,73.25,106.745,1497350.0,0.1452,1.0451,69.2116,0.8115,16.7916,0.0,28.4989,2.58,0.3877,12.6757,16.7916,17.3383,1.9138,4.498,2562400000.0,290400000.0,389700000.0,671800000.0,,,,210185256.0,Chemicals
APD,2015,Air Products & Chemicals Inc.,Chemicals,North America,United States,67.66666666666667,76.0,72.66666666666667,72.0,113.365,1073900.0,0.1081,0.7779,79.3763,0.7758,17.197,0.0,30.5632,1.947,0.3485,19.4824,17.197,17.7718,1.6639,3.8298,2634600000.0,314000000.0,413800000.0,715900000.0,,,,212475880.0,Chemicals
APD,2016,Air Products & Chemicals Inc.,Chemicals,North America,United States,68.86500000000001,71.85,73.945,71.18,119.81,1199150.0,0.1121,1.2113,77.9213,0.7224,20.3752,0.0,30.7016,3.9816,0.3515,18.1144,20.3752,20.1079,1.6182,3.5612,2560800000.0,324600000.0,432300000.0,755000000.0,,,,211179257.0,Chemicals
APD,2017,Air Products & Chemicals Inc.,Chemicals,United States and Canada,United States,69.4025,70.065,75.10499999999999,71.06,132.75,1090100.0,0.1193,2.3611,65.0177,0.3891,20.7617,0.0,29.8716,4.6064,0.2504,6.9746,20.7616,20.5044,0.8935,1.5764,1914500000.0,363600000.0,394600000.0,594300000.0,,,,213538144.0,Chemicals
APD,2018,Air Products & Chemicals Inc,Chemicals,United States and Canada,United States,65.31,72.78999999999999,71.125,69.38,153.76,998200.0,0.1176,2.2096,61.8753,0.3411,22.8331,0.0,31.5892,3.953,0.2307,19.7007,22.8331,23.0067,2.3154,4.1132,2121900000.0,2130000000.0,395600000.0,635900000.0,19204500000.0,8028200000.0,,215359113.0,Chemicals
APD,2019,Air Products & Chemicals Inc,Chemicals,United States and Canada,United States,65.37333333333333,76.76333333333334,74.45,71.62333333333333,209.925,1008350.0,0.1147,2.5363,69.317,0.2921,25.616,0.0,34.0827,3.7109,0.2182,21.9425,25.616,27.4056,,4.2655,2259000000.0,473900000.0,515800000.0,713600000.0,,,,217350825.0,Chemicals
APH,2010,Amphenol Corporation,Technology Hardware,North America,United States,38.0,41.0,59.0,44.0,20.435000000000002,2171800.0,0.239,2.9446,68.0808,0.3947,19.9411,0.0,32.6546,1.1835,0.2829,14.4727,19.9411,18.9588,3.4973,6.3958,3236471000.0,419151000.0,632239000.0,1049153000.0,2994159000.0,,481523000.0,,Technology Hardware
APH,2011,Amphenol Corporation,Technology Hardware,North America,United States,36.666666666666664,47.333333333333336,60.666666666666664,46.333333333333336,23.535,2514900.0,0.2354,3.4651,70.1631,0.5675,18.0158,0.0,31.3218,1.0845,0.362,13.0353,18.0158,17.2177,3.1193,6.1025,2820065000.0,327216000.0,488913000.0,886554000.0,4015857000.0,,,,Technology Hardware
APH,2012,Amphenol Corporation,Technology Hardware,North America,United States,41.0,46.0,55.0,46.0,26.91,1445600.0,0.21865,3.0506,71.3875,0.6702,19.4303,0.0,31.3493,1.0711,0.38695,13.2825,19.4303,18.2556,2.9344,6.1028,3554101000.0,502413000.0,700357000.0,1158228000.0,,,,,Technology Hardware
APH,2013,Amphenol Corporation,Technology Hardware,North America,United States,46.0,48.0,58.0,49.0,36.125,1132400.0,0.2044,3.4455,72.2923,0.7011,19.4684,0.0,31.5549,1.0806,0.3955,13.5545,19.4684,18.391,2.8612,5.9627,3939786000.0,528842000.0,751678000.0,1243660000.0,,,,,Technology Hardware
APH,2014,Amphenol Corporation,Technology Hardware,North America,United States,47.0,55.0,58.0,51.5,48.13,1134350.0,0.2042,3.3016,70.8959,0.9041,19.5514,0.0,32.0014,1.1206,0.4747,13.5647,19.5514,18.4998,2.7885,6.6306,4292100000.0,559500000.0,828300000.0,1343200000.0,,,,,Technology Hardware
APH,2016,Amphenol Corporation,Technology Hardware,North America,United States,47.696666666666665,54.666666666666664,58.03333333333334,52.72,56.3,1244150.0,0.1943,2.2499,73.0894,0.7932,19.9462,0.0,32.8443,1.1856,0.4145,13.7111,19.9462,18.9804,2.7133,6.0484,5345500000.0,709100000.0,1034600000.0,1693800000.0,,,,,Technology Hardware
APH,2017,Amphenol Corporation,Technology Hardware,United States and Canada,United States,47.8525,58.1325,59.775000000000006,54.43,72.88,1049600.0,0.1916,2.948,76.0018,0.8674,20.5291,0.0,32.9259,1.1243,0.4642,15.075,20.5291,19.466,2.7647,6.4762,5568700000.0,763500000.0,1104700000.0,1779500000.0,,,1030500000.0,,Technology Hardware
APH,2018,Amphenol Corp,Technology Hardware,United States and Canada,United States,53.97,64.65,56.300000000000004,58.29,86.7,1269900.0,0.2185,1.718,73.4542,0.8786,20.6016,0.0,32.325,1.1568,0.4085,14.8708,20.6016,19.4094,3.0262,7.8849,6286400000.0,822900000.0,1205200000.0,2040000000.0,,,1077600000.0,,Technology Hardware
APH,2019,Amphenol Corp,Technology Hardware,United States and Canada,United States,56.03,60.59,57.1,57.89,93.59,1154100.0,0.1966,1.9939,72.6527,0.9378,19.8234,0.0,31.5528,1.1238,0.4571,14.3105,19.8234,18.3397,,6.9209,7011300000.0,650500000.0,1427600000.0,2309900000.0,,,1144200000.0,,Technology Hardware
APTV,2018,Aptiv PLC,Auto Components,Europe,United Kingdom,79.38,70.1,62.52333333333333,71.45666666666666,87.59,1667900.0,0.2913,1.5365,63.4691,1.0881,9.7635,0.0,18.6801,2.3234,0.5197,6.7932,9.7635,8.4075,2.0593,7.0027,12274000000.0,1257000000.0,1539000000.0,655000000.0,,,1941000000.0,,Auto Components
APTV,2019,Aptiv PLC,Auto Components,Europe,Ireland,80.14,73.125,61.39,72.645,81.805,1283350.0,0.2751,1.312,66.4764,1.1592,9.01,0.0,19.0222,2.2621,0.5102,6.9121,9.01,8.0079,1.9476,6.6649,12884000000.0,1355000000.0,1416000000.0,726000000.0,,,1468000000.0,,Auto Components
ARE,2010,"Alexandria Real Estate Equities, Inc.",Real Estate,North America,United States,43.0,55.0,53.0,49.5,50.35,467850.0,0.0209,0.0,0.0,0.8709,39.3637,0.0,0.0,0.0,0.4655,18.4808,39.3637,19.7305,0.3568,0.8134,,120097000.0,,,,,257200000.0,,Real Estate
ARE,2012,"Alexandria Real Estate Equities, Inc.",Real Estate,North America,United States,43.0,55.0,51.0,49.0,54.980000000000004,327900.0,0.02075,0.0,0.0,0.8688,27.7843,0.0,0.0,0.0,0.4649,12.0995,27.7843,15.7515,0.3231,0.721,,122796000.0,,,,,227006000.0,,Real Estate
ARE,2014,"Alexandria Real Estate Equities, Inc.",Real Estate,North America,United States,65.0,55.0,60.0,61.0,69.375,411800.0,0.0232,0.0,0.0,0.9444,31.7792,0.0,0.0,0.0,0.4857,-8.5619,31.7792,-7.0757,-0.1641,-0.3784,,105528000.0,,,,,305533000.0,,Real Estate
ARE,2015,Alexandria Real Estate Equities Inc.,Real Estate,North America,United States,65.0,55.0,60.0,60.5,78.89,361600.0,0.025,0.0,0.0,1.0701,30.4963,0.0,0.0,0.0,0.5169,15.327,30.4963,17.835,0.4544,1.1114,,136217000.0,,,,,312727000.0,,Real Estate
ARE,2016,Alexandria Real Estate Equities Inc.,Real Estate,North America,United States,64.64666666666666,48.416666666666664,61.68,58.88666666666666,90.93,487050.0,0.0247,0.0,0.0,0.9445,28.3837,0.0,0.0,0.0,0.4857,-10.0846,28.3837,6.4027,0.1911,0.384,,101574000.0,,,,,334325000.0,,Real Estate
ARE,2017,"Alexandria Real Estate Equities, Inc.",Real Estate,United States and Canada,United States,62.35333333333333,38.87,65.84,56.35666666666666,108.3,565900.0,0.0247,0.0,0.0,0.8174,26.7992,0.0,0.0,0.0,0.4498,12.3267,26.7992,15.9253,0.3768,0.7432,,144217000.0,,,,,342611000.0,,Real Estate
ARE,2018,"Alexandria Real Estate Equities, Inc.",Real Estate,United States and Canada,United States,63.94,39.45,64.565,56.775,116.55,599900.0,0.024,0.0,0.0,0.7678,28.1001,0.0,0.0,0.0,0.4343,16.0033,28.1001,18.2926,1.1038,0.8756,,-65901000.0,,,,,393487000.0,,Real Estate
ARE,2019,"Alexandria Real Estate Equities, Inc.",Real Estate,United States and Canada,United States,63.94,39.45,66.56,57.375,140.25,628300.0,0.0229,0.0,0.0,0.7527,28.4141,0.0,0.0,0.0,0.4294,20.417,28.4141,23.3189,,1.0449,,169093000.0,,,,,450882000.0,,Real Estate
ATVI,2011,"Activision Blizzard, Inc.",Software & Services,North America,United States,39.333333333333336,38.666666666666664,59.0,43.666666666666664,10.69,8207600.0,0.0957,3.1734,16.5915,0.0,21.4854,0.0,68.5676,3.6882,0.0,19.3634,21.4854,21.8833,1.2218,1.4001,,,,,,,,,Software & Services
ATVI,2012,"Activision Blizzard, Inc.",Software & Services,North America,United States,40.0,43.0,53.0,45.0,11.085,7798150.0,0.0876,2.9191,20.203899999999997,0.0,26.9917,0.0,66.9361,2.7192499999999997,0.0,22.924149999999997,26.9917,27.1106,1.785,2.0766,,,,,,,,,Software & Services
ATVI,2014,"Activision Blizzard, Inc.",Software & Services,North America,United States,40.0,45.0,53.0,46.0,19.4,7871400.0,0.1075,2.4101,37.6811,0.5978,27.8272,0.0,59.9746,5.122,0.3741,22.0457,27.8272,24.6506,2.4655,4.991,,,,,,,,,Software & Services
ATVI,2015,"Activision Blizzard, Inc.",Software & Services,North America,United States,41.0,47.0,60.5,48.5,24.765,6232350.0,0.0745,3.9165,45.1997,0.5105,19.798,0.0,65.9596,2.5385,0.3379,12.6263,19.798,14.9408,1.0429,1.9707,,,,,,,,,Software & Services
ATVI,2016,"Activision Blizzard, Inc.",Software & Services,North America,United States,40.663333333333334,50.303333333333335,60.45666666666667,49.949999999999996,36.879999999999995,7749250.0,0.0945,1.5609,26.4841,0.5884,18.75,0.0,61.9108,6.3617,0.3563,12.3573,18.75,14.7321,1.0827,2.2567,,,,,,,,,Software & Services
ATVI,2017,"Activision Blizzard, Inc.",Software & Services,United States and Canada,United States,41.29,45.265,58.815,47.46,58.98,5724900.0,0.097,2.2545,40.4603,0.4516,15.8838,0.0,65.6039,11.0,0.3111,11.6193,15.8838,13.597,1.0611,1.8862,,,,,,,,,Software & Services
ATVI,2018,"Activision Blizzard, Inc.",Software & Services,United States and Canada,United States,42.83,47.58,54.115,47.7875,69.78,6092500.0,0.0914,2.3111,38.1548,0.2505,26.4473,0.0,66.0714,14.1667,0.2003,24.4973,26.4473,24.8629,2.2386,3.8856,,,,,,,,,Software & Services
AVB,2010,Avalonbay Communities Inc.,Real Estate,North America,United States,39.0,43.0,59.0,47.0,73.815,1016250.0,0.0286,0.0,0.0,1.1949,11.7651,0.0,0.0,0.0,0.5444,14.62,11.7651,11.621,0.3416,0.7934,813764000.0,411487000.0,,,,,386084000.0,,Real Estate
AVB,2011,Avalonbay Communities Inc.,Real Estate,North America,United States,46.333333333333336,44.333333333333336,61.666666666666664,50.333333333333336,93.655,784600.0,0.0287,0.0,0.0,0.9107,16.0088,0.0,0.0,0.0,0.4766,18.401400000000002,16.0088,15.3014,0.4436,1.0127,829924000.0,155647000.0,,,,,376581000.0,,Real Estate
AVB,2012,Avalonbay Communities Inc.,Real Estate,North America,United States,57.0,46.0,61.0,54.5,105.375,636850.0,0.0295,0.0,0.0,0.7519,22.3554,0.0,0.0,0.0,0.42910000000000004,41.736046,22.3554,23.18795,0.6881,1.2633,842820000.0,176259000.0,545510000.0,,,,332106000.0,,Real Estate
AVB,2013,Avalonbay Communities Inc.,Real Estate,North America,United States,64.0,48.0,57.0,57.0,102.505,705100.0,0.0257,0.0,0.0,0.7133,0.2734,0.0,0.0,0.0,0.4163,9.5762,0.2734,0.0883,0.0022,0.0039,900087000.0,440450000.0,599927000.0,,,,429354000.0,,Real Estate
AVB,2015,Avalonbay Communities Inc.,Real Estate,North America,United States,64.0,67.0,59.0,63.0,143.625,694000.0,0.0283,0.0,0.0,0.6562,30.1654,0.0,0.0,0.0,0.3962,37.6698,30.1654,37.937,1.0554,1.8702,1462921000.0,353141000.0,966058000.0,,,,724315000.0,,Real Estate
AVB,2016,Avalonbay Communities Inc.,Real Estate,North America,United States,64.2025,68.1425,60.9725,64.4175,152.63,784450.0,0.029,0.0,0.0,0.6912,27.5674,0.0,0.0,0.0,0.4087,41.736046,27.5674,46.7724,1.3555,2.381,1685061000.0,683567000.0,1099587000.0,,,,886641000.0,,Real Estate
AVB,2017,Avalonbay Communities Inc.,Real Estate,United States and Canada,United States,66.5725,68.675,62.462500000000006,65.97,164.89,625400.0,0.0302,0.0,0.0,0.6898,27.0196,0.0,0.0,0.0,0.4082,41.736046,27.0196,42.775,1.2896,2.2861,1856028000.0,742038000.0,1215742000.0,,,,1074667000.0,,Real Estate
AVB,2018,"AvalonBay Communities, Inc.",Real Estate,United States and Canada,United States,69.28,61.405,67.155,66.2775,158.52,629000.0,0.0309,0.0,0.0,0.7245,26.042,0.0,0.0,0.0,0.4201,41.736046,26.042,44.7266,1.031,2.448,550500000.0,1034002000.0,1313987000.0,,,,1160272000.0,,Real Estate
AVB,2019,"AvalonBay Communities, Inc.",Real Estate,United States and Canada,United States,69.97,61.33,72.285,68.07,196.925,557950.0,0.0308,0.0,0.0,0.6807,27.1949,0.0,0.0,0.0,0.405,29.1515,27.1949,29.1557,,1.5656,587613000.0,876660000.0,1398978000.0,,,,1256257000.0,,Real Estate
AVGO,2010,Avago Technologies Limited,Semiconductors,Asia-Pacific,Singapore,46.0,44.0,65.0,50.0,16.634999999999998,646900.0,0.2865,2.5872,44.8427,0.177,24.5455,0.0,47.8182,1.5661,0.1493,22.3636,24.5455,23.0909,6.186484999999999,9.2273,,,,,,,,,Semiconductors
AVGO,2011,Avago Technologies Limited,Semiconductors,Asia-Pacific,Singapore,50.0,47.0,64.5,52.5,25.915,2023400.0,0.26125,3.9518,46.4464,0.0032,24.6429,0.0,49.180400000000006,1.53,0.0021,23.993850000000002,24.6429,24.25535,6.186484999999999,7.677,,,,,,,,,Semiconductors
AVGO,2013,Avago Technologies Limited,Semiconductors,Asia-Pacific,Singapore,49.0,48.0,60.0,51.5,30.575,2283750.0,0.201,4.3913,50.9756,0.0011,21.7391,0.0,47.205,1.2664,0.0004,22.0497,21.7391,22.3603,4.432,5.2091,,,,,,,,,Semiconductors
AVGO,2014,Avago Technologies Limited,Semiconductors,Asia-Pacific,Singapore,50.0,47.0,63.0,51.5,59.965,1826600.0,0.1516,4.0851,41.844,1.6987,18.9308,0.0,49.5598,1.5453,0.6275,8.4906,18.9308,16.5409,1.3059,4.2245,,,,,,,,,Semiconductors
AVGO,2016,Avago Technologies Limited,Semiconductors,Asia-Pacific,Singapore,45.23,53.63666666666666,62.89000000000001,52.586666666666666,137.35500000000002,2584800.0,0.0762,2.3148,47.4589,0.6236,-6.962,0.0,46.9937,1.5391,0.3761,-15.2805,-6.962,-11.076,-1.2128,-2.7702,,,,,,,,,Semiconductors
AVGO,2017,Broadcom Limited,Semiconductors,Asia / Pacific,Singapore,51.8,55.54,62.99,55.91,212.04,2444600.0,0.089,4.4829,45.4831,0.6072,14.5194,0.0,48.1515,1.6888,0.3778,10.7775,14.5194,12.2787,1.0192,2.2419,,,,,,,,,Semiconductors
AVGO,2018,Broadcom Limited,Semiconductors,Asia / Pacific,Singapore,57.67999999999999,57.760000000000005,67.988,60.286,217.78,3486800.0,0.1005,3.9758,53.5058,0.6413,26.4468,0.0,51.7282,2.0099,0.3891,23.6224,26.4468,24.2742,2.3763,4.3603,13240000000.0,481000000.0,648000000.0,5940000000.0,,,3411000000.0,390000000.0,Semiconductors
AVGO,2019,Broadcom Ltd,Semiconductors,United States and Canada,United States,58.15,53.53666666666667,63.14666666666667,57.78666666666667,270.155,2191150.0,0.079,1.3159,56.8352,1.6935,17.582,0.0,55.0136,2.3482,0.6054,12.9646,17.582,11.9087,0.667,3.3251,17636000000.0,6566000000.0,2371000000.0,8509000000.0,,,6551000000.0,,Semiconductors
AVY,2010,Avery Dennison Corporation,Commercial Services,North America,United States,44.0,50.0,64.5,51.5,28.08,1115150.0,0.3147,1.0656,59.1955,0.9852,5.8569,0.0,27.6085,2.109,0.4103,4.9878,5.8569,4.6928,1.6635,5.9458,6710400000.0,266100000.0,270600000.0,1727000000.0,,,539700000.0,,Commercial Services
AVY,2011,Avery Dennison Corporation,Commercial Services,North America,United States,52.666666666666664,54.333333333333336,65.0,56.333333333333336,29.549999999999997,1058250.0,0.2882,1.1692,64.4528,0.7934,4.2522,0.0,24.5445,1.9844,0.353,3.3191,4.2522,3.0725,0.6995,2.0239,5186200000.0,83800000.0,-926600000.0,1256400000.0,,,569000000.0,,Commercial Services
AVY,2012,Avery Dennison Corporation,Commercial Services,North America,United States,64.0,66.0,74.0,67.0,24.94,813300.0,0.28755,1.137,59.64665,0.8686,5.298,0.0,26.08655,2.0839,0.30735,4.029,5.298,4.0419,0.79155,2.47215,5782000000.0,,239000000.0,1513800000.0,,,486700000.0,,Commercial Services
AVY,2014,Avery Dennison Corporation,Commercial Services,North America,United States,67.33333333333333,72.66666666666667,65.0,68.5,42.06,931450.0,0.3683,1.2061,53.7319,1.0923,7.085,0.0,25.8662,2.4191,0.4729,4.4367,7.085,6.0319,1.6158,6.7195,5863500000.0,,237600000.0,1528200000.0,,,513400000.0,,Commercial Services
AVY,2016,Avery Dennison Corporation,Containers & Packaging,North America,United States,65.32333333333334,76.70333333333333,67.19666666666667,69.77666666666666,66.755,700100.0,0.3527,0.9793,60.037,1.2477,9.4585,0.0,27.6795,2.113,0.4353,5.1898,9.4585,8.1442,1.8627,8.3638,6330300000.0,,360800000.0,1651200000.0,,,354900000.0,,Containers & Packaging
AVY,2017,Avery Dennison Corporation,Containers & Packaging,United States and Canada,United States,65.5375,78.1175,65.675,69.975,83.06,604400.0,0.3195,1.1285,62.9596,1.5119,10.1135,0.0,26.889,1.9805,0.544,6.4483,10.1136,9.0647,2.055,9.5427,5966900000.0,,408900000.0,1645800000.0,,,473700000.0,,Containers & Packaging
AVY,2018,Avery Dennison Corp,Containers & Packaging,United States and Canada,United States,66.1,74.43,63.2,68.28999999999999,101.03,642500.0,0.3416,1.1038,60.5377,1.783,10.8939,0.0,26.658,1.9914,0.5579,5.4899,10.8939,7.545,2.371,10.1665,6086500000.0,320700000.0,477100000.0,1699700000.0,,,582100000.0,,Containers & Packaging
AVY,2019,Avery Dennison Corp,Containers & Packaging,United States and Canada,United States,64.6,74.66,63.2,67.77,109.4,509650.0,0.3299,1.0385,61.7475,1.8894,11.3376,0.0,26.8586,1.943,0.5839,8.2094,11.3376,10.2135,,13.4967,6613800000.0,281800000.0,589500000.0,1812200000.0,,,645700000.0,,Containers & Packaging
AWK,2009,"American Water Works Company, Inc.",Utilities,North America,United States,45.0,50.5,65.0,51.5,14.65,608650.0,0.0465,0.8218,31.6504,1.366,31.2183,0.0,100.0,0.0,0.5667,8.4847,31.2183,15.2766,0.3942,1.3235,,,,,,,,,Utilities
AWK,2010,"American Water Works Company, Inc.",Utilities,North America,United States,52.0,58.0,75.0,60.0,16.994999999999997,974750.0,0.0461,0.8462,32.2334,1.3764,29.5395,0.0,100.0,0.0,0.5675,11.4585,29.5395,18.0484,0.4939,1.684,2336928000.0,-562421000.0,-186896000.0,,,,552169000.0,,Utilities
AWK,2011,"American Water Works Company, Inc.",Utilities,North America,United States,54.666666666666664,58.666666666666664,76.33333333333333,61.333333333333336,23.375,1042300.0,0.0466,1.0721,27.1912,1.3855,30.1096,0.0,100.0,0.0,0.5584,12.1264,30.1096,18.8502,0.5215,1.7994,2290446000.0,124114000.0,266480000.0,,13459368000.0,,596156000.0,,Utilities
AWK,2012,"American Water Works Company, Inc.",Utilities,North America,United States,60.0,60.0,76.0,63.666666666666664,28.755000000000003,784350.0,0.0517,0.6172500000000001,29.406,1.28115,36.2969,0.0,100.0,0.0,0.54325,14.3542,36.2969,26.457,0.8094,2.6996,2555035000.0,267827000.0,728122000.0,,14086246000.0,,774933000.0,,Utilities
AWK,2013,"American Water Works Company, Inc.",Utilities,North America,United States,61.333333333333336,70.66666666666667,77.0,67.66666666666667,34.94,750400.0,0.0484,0.5202,29.7363,1.2426,33.3976,0.0,100.0,0.0,0.5284,13.9815,33.3976,23.1571,0.6761,2.2148,2666236000.0,309613000.0,803136000.0,,14776391000.0,,808357000.0,,Utilities
AWK,2014,"American Water Works Company, Inc.",Utilities,North America,United States,64.5,75.0,77.0,70.0,42.045,656650.0,0.0489,0.573,28.5617,1.2112,33.7566,0.0,100.0,0.0,0.5254,14.481,33.7566,24.1797,0.7142,2.2608,2853926000.0,358070000.0,924104000.0,,14718976000.0,,955598000.0,,Utilities
AWK,2015,"American Water Works Company, Inc.",Utilities,North America,United States,64.66666666666667,73.0,82.66666666666667,72.0,48.295,815800.0,0.0467,0.5886,29.3103,1.2527,35.5499,0.0,100.0,0.0,0.5355,15.7289,35.5499,26.087,0.7351,2.434,,369000000.0,948000000.0,,15064000000.0,,896000000.0,,Utilities
AWK,2016,"American Water Works Company, Inc.",Utilities,North America,United States,68.055,76.6,81.95,74.095,67.265,1142150.0,0.0467,0.3971,29.2258,1.3322,34.3011,0.0,100.0,0.0,0.5277,15.914,34.3011,26.129,0.7737,2.6586,,423000000.0,1003000000.0,,16038000000.0,,1097000000.0,,Utilities
AWK,2017,"American Water Works Company, Inc.",Utilities,United States and Canada,United States,64.8,75.58333333333333,80.51666666666667,71.96,75.2,779100.0,0.0445,0.3097,30.0,1.386,36.7299,0.0,100.0,0.0,0.5468,15.5213,36.7299,26.7773,0.6907,2.4331,,476000000.0,1075000000.0,,17241000000.0,,1195000000.0,,Utilities
AWK,2018,American Water Works Co Inc,Utilities,United States and Canada,United States,61.84,75.08500000000001,75.2,69.15,82.86,838100.0,0.0417,0.373,31.998,1.4583,34.3238,0.0,100.0,0.0,0.5637,18.9918,34.3238,26.0258,0.7914,2.8243,,468000000.0,1085000000.0,,18482000000.0,,1289000000.0,,Utilities
AWK,2019,American Water Works Co Inc,Utilities,United States and Canada,United States,58.96333333333333,73.88,74.95,67.43333333333334,113.575,901950.0,0.0404,0.5626,29.7631,1.5049,34.2404,0.0,100.0,0.0,0.5854,19.2744,34.2404,25.737,,2.8206,,426000000.0,1253000000.0,,19482000000.0,,1449000000.0,,Utilities
AXP,2010,American Express Company,Diversified Financials,North America,United States,45.0,61.75,54.25,53.75,35.66,9537200.0,0.0452,0.0,0.0,4.7837,0.0,0.0,0.0,0.0,0.8121,16.3636,0.0,24.8485,0.724,6.8656,28365000000.0,2699000000.0,3581000000.0,,,,7773000000.0,,Diversified Financials
AXP,2011,American Express Company,Diversified Financials,North America,United States,59.0,63.0,57.0,60.0,41.19,7388750.0,0.0491,0.0,0.0,3.8783000000000003,0.0,0.0,0.0,0.0,0.77235,16.6621,0.0,23.8375,0.8306,6.8232,5331000000.0,2130000000.0,2841000000.0,,,,6337000000.0,,Diversified Financials
AXP,2012,American Express Company,Diversified Financials,North America,United States,59.0,61.0,56.333333333333336,58.666666666666664,50.185,5340200.0,0.0495,0.0,0.0,3.3234,0.0,0.0,0.0,0.0,0.7434000000000001,17.120449999999998,0.0,25.04,0.8226,6.4175,,1331000000.0,1765000000.0,,,,,,Diversified Financials
AXP,2013,American Express Company,Diversified Financials,North America,United States,56.0,58.0,56.0,57.0,66.59,4354750.0,0.0519,0.0,0.0,3.1397,0.0,0.0,0.0,0.0,0.7346,17.1784,0.0,25.425,0.91,7.1087,,1339000000.0,1879000000.0,,,,,1197000000.0,Diversified Financials
AXP,2014,American Express Company,Diversified Financials,North America,United States,56.0,63.0,56.0,58.5,82.475,3948000.0,0.0534,0.0,0.0,3.1494,0.0,0.0,0.0,0.0,0.7371,16.7549,0.0,26.1796,0.9095,6.9995,,1405000000.0,2004000000.0,,,,,1164000000.0,Diversified Financials
AXP,2015,American Express Company,Diversified Financials,North America,United States,56.666666666666664,62.666666666666664,53.333333333333336,57.333333333333336,71.455,5366750.0,0.0497,0.0,0.0,2.7147,0.0,0.0,0.0,0.0,0.6992,16.1013,0.0,25.2871,0.8209,5.9339,,1529000000.0,2312000000.0,,,,,1105000000.0,Diversified Financials
AXP,2016,American Express Company,Diversified Financials,United States and Canada,United States,58.87,58.95,52.6475,56.5225,59.7,4341000.0,0.0487,0.0,0.0,2.6938,0.0,0.0,0.0,0.0,0.6962,15.2957,0.0,23.8652,0.7446,5.4337,,1525000000.0,2316000000.0,,,,,1064000000.0,Diversified Financials
AXP,2017,American Express Company,Diversified Financials,United States and Canada,United States,56.75333333333333,61.96333333333334,53.20666666666667,57.07666666666666,79.72,3317100.0,0.0505,0.0,0.0,2.7331,0.0,0.0,0.0,0.0,0.7104,15.2986,0.0,21.4906,0.8048,6.3471,8235000000.0,2015000000.0,3016000000.0,,,,,1023000000.0,Diversified Financials
AXP,2018,American Express Company,Diversified Financials,United States and Canada,United States,55.15,63.29,55.7625,57.989999999999995,96.83,3280700.0,0.0497,0.0,0.0,2.7801,0.0,0.0,0.0,0.0,0.7238,17.3797,0.0,22.7083,0.878,7.7685,9290000000.0,1359000000.0,1957000000.0,,,,,969000000.0,Diversified Financials
AXP,2019,American Express Company,Diversified Financials,United States and Canada,United States,55.46,64.52333333333333,54.28333333333333,57.919999999999995,115.62,3018450.0,0.0521,0.0,0.0,2.7429,0.0,0.0,0.0,0.0,0.7148,17.0425,0.0,22.2412,,7.6221,10144000000.0,1654000000.0,2118000000.0,,,,,904000000.0,Diversified Financials
AZO,2010,"AutoZone, Inc.",Retailing,North America,United States,33.0,30.0,58.0,38.0,196.22,467850.0,0.3341,0.8524,5.8594,-3.937,19.3337,0.0,50.6651,0.3928,1.3257449999999977,10.9986,19.3337,17.3123,3.7182,-36.4031,6522706000.0,641606000.0,1124134000.0,3268061000.0,,,921100000.0,,Retailing
AZO,2011,"AutoZone, Inc.",Retailing,North America,United States,37.0,39.0,61.5,44.0,291.37,345950.0,0.3362,0.8123,6.2037,-2.6723,19.8338,0.0,51.1951,0.3872,1.3257449999999977,11.4107,19.8338,17.797,3.8637,-20.3095,6816824000.0,657049000.0,1176062000.0,3416449000.0,,,923808000.0,,Retailing
AZO,2012,"AutoZone, Inc.",Retailing,North America,United States,40.0,45.666666666666664,60.666666666666664,47.333333333333336,372.29499999999996,417250.0,0.3435,0.82155,5.7081,-2.48975,20.2309,0.0,51.71455,0.3886,1.3257449999999977,11.7142,20.2309,18.1616,4.0428,-17.5452,7362618000.0,738311000.0,1319414000.0,3711744000.0,,,1196252000.0,,Retailing
AZO,2013,"AutoZone, Inc.",Retailing,North America,United States,46.0,57.0,63.0,55.0,419.195,251150.0,0.3252,0.7863,6.3465,-2.4815,20.5537,0.0,51.8307,0.3801,1.3257449999999977,11.9919,20.5537,18.5863,3.9154,-17.3318,8072973000.0,848974000.0,1494803000.0,4119463000.0,,,1291538000.0,,Retailing
AZO,2014,"AutoZone, Inc.",Retailing,North America,United States,45.0,58.0,65.0,55.5,568.285,258650.0,0.2929,0.7283,7.7853,-2.6594,18.0759,0.0,52.0586,0.3303,1.3257449999999977,10.5435,18.0759,16.4362,3.0881,-14.3318,8603863000.0,930373000.0,1628891000.0,4432036000.0,6265639000.0,,,,Retailing
AZO,2016,AutoZone Inc.,Retailing,North America,United States,42.57,55.185,64.15,53.01,769.365,273350.0,0.3064,0.9039,9.8747,-2.6586,20.6801,0.0,52.8058,0.34,1.3257449999999977,12.5565,20.6801,19.3475,3.8695,-17.5773,9475313000.0,1069744000.0,1830223000.0,4934907000.0,7497163000.0,,,,Retailing
AZO,2017,AutoZone Inc.,Retailing,United States and Canada,United States,46.785,51.995,63.45,53.035,629.43,380100.0,0.2901,0.9403,9.4706,-3.2673,20.1454,0.0,52.7531,0.3213,1.3257449999999977,12.3526,20.1454,18.6821,3.674,-19.35,10187340000.0,1160241000.0,1953051000.0,5327031000.0,8102349000.0,,,,Retailing
AZO,2018,"AutoZone, Inc.",Retailing,United States and Canada,United States,43.5025,49.65,65.075,51.355,728.33,317000.0,0.286,0.9315,8.8404,-3.2926,18.4658,0.0,53.6106,0.3088,1.3257449999999977,13.3021,18.4658,16.9893,3.9425,-26.3282,10635676000.0,1241007000.0,2060395000.0,5608736000.0,8599787000.0,,1641060000.0,,Retailing
AZO,2019,AutoZone Inc,Retailing,United States and Canada,United States,42.57,49.68,65.55,51.16,1083.875,247850.0,0.2847,0.9123,9.107,-3.0378,19.576,0.0,53.6118,0.2984,1.3257449999999977,14.1717,19.576,18.0416,,-25.5392,10888676000.0,1280869000.0,2080069000.0,5739620000.0,9259781000.0,,1570612000.0,,Retailing
BA,2010,The Boeing Company,Aerospace & Defense,North America,United States,72.0,50.25,72.0,64.75,51.34,5243350.0,0.2443,1.1463,35.6987,4.0801,8.4222,0.0,19.2315,0.6137,0.7828,5.0536,8.1747,7.3319,1.2833,24.8661,17154000000.0,998000000.0,1529000000.0,,,,,1012261159.0,Aerospace & Defense
BA,2011,The Boeing Company,Aerospace & Defense,North America,United States,68.0,49.0,70.33333333333333,62.0,56.84,5190950.0,0.239,1.2068,33.4574,2.4104,9.4481,0.0,19.1911,0.4698,0.6815,6.1939,9.2728,8.6139,1.4751,18.788600000000002,16967000000.0,837000000.0,1387000000.0,,,,,1012261159.0,Aerospace & Defense
BA,2012,The Boeing Company,Aerospace & Defense,North America,United States,70.5,55.0,65.0,63.5,60.405,4152250.0,0.24345,1.23535,26.9756,1.82275,7.8799,0.0,16.2947,0.4773,0.5972,4.8288,7.75,7.2776499999999995,1.1851,16.40115,17727000000.0,1098000000.0,1714000000.0,,,,,1012261159.0,Aerospace & Defense
BA,2013,The Boeing Company,Aerospace & Defense,North America,United States,71.25,53.25,66.25,63.5,86.78999999999999,4423300.0,0.2369,1.2915,27.7488,1.0583,7.9487,0.0,15.5077,0.4581,0.489,5.1797,7.8661,7.4857,1.2258,12.7937,20008000000.0,1032000000.0,1565000000.0,,,,,1012261159.0,Aerospace & Defense
BA,2014,The Boeing Company,Aerospace & Defense,North America,United States,69.5,51.0,64.0,61.5,108.775,3823400.0,0.2633,1.405,29.1283,1.0319,8.3415,0.0,15.4201,0.4426,0.4808,5.9874,8.2761,7.8879,1.5777,16.678,22130000000.0,1158000000.0,1803000000.0,,,,,1012261159.0,Aerospace & Defense
BA,2015,Boeing Co.,Aerospace & Defense,North America,United States,66.66666666666667,50.0,61.666666666666664,59.0,127.77,3438250.0,0.2502,1.1692,31.6179,1.4295,6.9266,0.0,13.0791,0.4365,0.5771,4.5227,6.8574,6.6129,1.1315,17.5995,23784000000.0,1653000000.0,2119000000.0,,,,,1012261159.0,Aerospace & Defense
BA,2016,Boeing Co.,Aerospace & Defense,North America,United States,61.8,43.366,59.948,54.794000000000004,119.435,3842600.0,0.2687,1.2737,37.242,11.3478,9.6075,0.0,16.7713,0.466,0.916,7.978,9.5489,9.2183,1.9667,106.0,25849000000.0,1704000000.0,2580000000.0,,,,,1012261159.0,Aerospace & Defense
BA,2017,The Boeing Company,Aerospace & Defense,United States and Canada,United States,61.22666666666667,42.78,60.80666666666667,54.64666666666667,189.85,2911600.0,0.256,1.1789,41.1638,6.4898,11.0321,0.0,18.9233,0.4402,0.8952,7.5875,10.9757,10.6807,1.9889,115.96061349999727,24755000000.0,2279000000.0,2282000000.0,,,,,1012261159.0,Aerospace & Defense
BA,2018,The Boeing Company,Aerospace & Defense,United States and Canada,United States,57.44,52.553333333333335,61.51500000000001,56.95166666666666,332.46,4014100.0,0.2193,1.1041,47.4588,-8.8195,11.2417,0.0,19.5358,0.3389,1.1303,9.3892,11.1716,10.6604,2.0609,-50.534578999999994,24223000000.0,1810000000.0,2630000000.0,,,,,1012261159.0,Aerospace & Defense
BA,2019,The Boeing Company,Aerospace & Defense,United States and Canada,United States,54.3825,42.71,58.995000000000005,51.6775,356.19,4200750.0,0.134,1.0505,66.7027,-3.8875,-12.2327,0.0,0.0,0.244,1.3257449999999977,-5.6222,-12.3053,-13.0758,,12.1687,25146000000.0,2477000000.0,2875000000.0,,,,,1012261159.0,Aerospace & Defense
BAC,2010,Bank of America Corporation,Diversified Financials,North America,United States,57.666666666666664,51.666666666666664,41.333333333333336,50.666666666666664,12.785,166101400.0,0.009,0.0,0.0,4.0361,0.0,0.0,0.0,0.0,0.6751,-8.8424,0.0,-20.8177,-0.0549,-0.5877,72782000000.0,4008000000.0,4428000000.0,,0.0,,4034000000.0,,Diversified Financials
BAC,2011,Bank of America Corporation,Diversified Financials,North America,United States,61.0,54.833333333333336,53.166666666666664,56.166666666666664,9.32,196223900.0,0.0103,0.0,0.0,3.2529,0.0,0.0,0.0,0.0,0.6341,7.4475,0.0,11.5658,0.0935,0.9482999999999999,119643000000.0,6276000000.0,4360000000.0,,,,129731000000.0,,Diversified Financials
BAC,2012,Bank of America Corporation,Diversified Financials,North America,United States,67.0,52.0,52.333333333333336,56.333333333333336,7.17,173702950.0,0.009,0.0,0.0,2.91265,0.0,0.0,0.0,0.0,0.5534,1.9414,0.0,5.9505,0.0315,0.32055,110220000000.0,-2238000000.0,-1323000000.0,,,,82541000000.0,,Diversified Financials
BAC,2013,Bank of America Corporation,Diversified Financials,North America,United States,75.0,50.0,52.0,58.0,11.97,105783650.0,0.0101,0.0,0.0,2.605,0.0,0.0,0.0,0.0,0.5236,15.0482,0.0,22.8172,0.1636,1.5679,93454000000.0,1446000000.0,-230000000.0,,,,64448000000.0,,Diversified Financials
BAC,2014,Bank of America Corporation,Diversified Financials,North America,United States,75.66666666666667,59.0,56.666666666666664,63.333333333333336,15.305,70536750.0,0.0096,0.0,0.0,2.2581,0.0,0.0,0.0,0.0,0.4997,16.995,0.0,26.8843,0.1776,1.6671,83334000000.0,4188000000.0,3072000000.0,,,,,,Diversified Financials
BAC,2015,Bank of America Corporation,Banks,North America,United States,78.25,68.5,61.25,69.0,14.81,76830250.0,0.0094,0.0,0.0,2.1309,0.0,0.0,0.0,0.0,0.4811,20.6975,0.0,30.9472,0.2145,1.977,88942000000.0,11431000000.0,16172000000.0,,,,,,Banks
BAC,2016,Bank of America Corporation,Banks,North America,United States,79.22,66.55,64.51333333333334,69.63166666666666,13.385,95627150.0,0.0093,0.0,0.0,1.878,0.0,0.0,0.0,0.0,0.4546,21.7725,0.0,33.5648,0.2187,1.9777,85894000000.0,5520000000.0,7963000000.0,,,,,,Banks
BAC,2017,Bank of America Corporation,Banks,United States and Canada,United States,79.08500000000001,69.13499999999999,64.67,70.425,22.3,72432800.0,0.0092,0.0,0.0,1.973,0.0,0.0,0.0,0.0,0.4563,21.4677,0.0,36.2342,0.2265,2.0776,82965000000.0,15910000000.0,22187000000.0,,,,,,Banks
BAC,2018,Bank of America Corporation,Banks,United States and Canada,United States,78.94333333333333,69.8,61.70666666666667,69.47000000000001,28.33,62211500.0,0.0094,0.0,0.0,2.0015,0.0,0.0,0.0,0.0,0.4637,30.448,0.0,39.9504,0.2971,2.9883,83701000000.0,17822000000.0,25021000000.0,,,,17277000000.0,,Banks
BAC,2019,Bank of America Corporation,Banks,United States and Canada,United States,81.14,69.21333333333332,62.096666666666664,70.09,27.915,49432650.0,0.0091,0.0,0.0,1.9983,0.0,0.0,0.0,0.0,0.4756,31.5209,0.0,38.1586,,2.8972,87126000000.0,18232000000.0,29213000000.0,,,,9864000000.0,,Banks
BAX,2010,Baxter International Inc.,Healthcare,North America,United States,79.33333333333333,68.0,77.66666666666667,74.33333333333333,22.22,7137850.0,0.1937,1.9386,58.3845,0.722,21.8535,0.0,51.2837,0.6527,0.392,16.2841,21.8535,19.8821,2.9835,7.748,12348000000.0,2014000000.0,2462000000.0,6130000000.0,15405000000.0,,2515000000.0,,Healthcare
BAX,2011,Baxter International Inc.,Healthcare,North America,United States,85.0,64.5,78.5,74.75,24.715,6547000.0,0.195,1.9212,60.7157,0.6317,21.4142,0.0,50.9054,0.6517,0.3821,16.5565,21.4142,20.8968,3.2394,8.0389,12562000000.0,2205000000.0,2734000000.0,6525000000.0,17354000000.0,,2909000000.0,,Healthcare
BAX,2012,Baxter International Inc.,Healthcare,North America,United States,87.33333333333333,61.333333333333336,73.0,71.0,27.36,5008000.0,0.1779,1.8085,60.1553,0.8153999999999999,21.7525,0.0,52.0564,0.6171500000000001,0.4199,17.061349999999997,21.7525,22.0305,3.0355,8.27595,12843000000.0,1420000000.0,1890000000.0,5958000000.0,17489000000.0,,3003000000.0,,Healthcare
BAX,2013,Baxter International Inc.,Healthcare,North America,United States,87.0,64.0,76.0,73.5,33.510000000000005,5281850.0,0.1545,1.9426,60.6178,1.1704,17.628,0.0,51.3747,0.5637,0.5276,14.6631,17.628,17.8976,2.0911,6.8164,13893000000.0,2224000000.0,2809000000.0,7046000000.0,19073000000.0,,2817000000.0,,Healthcare
BAX,2014,Baxter International Inc.,Healthcare,North America,United States,87.0,62.0,77.0,73.0,35.995000000000005,4769950.0,0.1067,1.6833,60.796,1.107,6.8483,0.0,43.2772,1.0032,0.4734,34.17,6.8483,3.9082,0.4859,1.5571,13936000000.0,2326000000.0,2838000000.0,7134000000.0,20390000000.0,,3106000000.0,,Healthcare
BAX,2015,Baxter International Inc.,Healthcare,North America,United States,88.5,65.5,77.75,75.0,35.31,6063200.0,0.1233,2.0515,64.1255,0.8577,3.6992,0.0,41.2525,0.8567,0.3258,7.8755,3.6992,4.3636,0.2465,0.9226,9413000000.0,2012000000.0,496000000.0,4162000000.0,25224000000.0,,3198000000.0,,Healthcare
BAX,2016,Baxter International Inc.,Healthcare,North America,United States,86.4,62.534000000000006,77.22200000000001,72.904,42.775000000000006,4149650.0,0.162,2.3958,61.1845,0.336,7.2713,0.0,41.8687,1.0138,0.2465,9.1871,7.2713,10.5482,1.5438,2.8986,10719000000.0,2497000000.0,656000000.0,4581000000.0,26138000000.0,,3215000000.0,,Healthcare
BAX,2017,Baxter International Inc.,Healthcare,United States and Canada,United States,82.67999999999999,65.56,73.922,72.34400000000001,57.85,2500800.0,0.1543,2.7979,58.116,0.3772,11.0824,0.0,41.759,1.0174,0.2737,9.2723,11.0824,10.713,1.4138,2.6218,9968000000.0,3380000000.0,449000000.0,4146000000.0,,,1771000000.0,,Healthcare
BAX,2018,Baxter International Inc.,Healthcare,United States and Canada,United States,76.55,61.144999999999996,67.47,66.895,67.91,2980300.0,0.1714,2.5991,58.7442,0.3944,13.6928,0.0,43.5961,0.9868,0.2827,12.069,13.6928,14.2153,2.3031,3.8674,10163000000.0,4965000000.0,745000000.0,4116000000.0,,,1654000000.0,,Healthcare
BAX,2019,Baxter International Inc,Healthcare,United States and Canada,United States,77.3,57.96,67.045,65.52000000000001,79.27,2405750.0,0.1648,2.7614,57.2641,0.665,17.6374,0.0,42.7114,0.9567,0.3969,11.0445,17.6374,11.5032,,3.9944,10584000000.0,602000000.0,1288000000.0,4474000000.0,16843000000.0,7781000000.0,1714000000.0,683494944.0,Healthcare
BBY,2010,"Best Buy Co., Inc.",Retailing,North America,United States,60.0,54.0,70.33333333333333,60.0,27.25,5675100.0,0.5925,1.14035,17.39665,0.2552,3.43135,0.0,25.411250000000003,1.1059999999999999,0.14500000000000002,2.0326,3.43135,3.3456,1.27695,3.7409499999999998,45015000000.0,1003000000.0,1870000000.0,10998000000.0,15826000000.0,,1877000000.0,,Retailing
BBY,2011,"Best Buy Co., Inc.",Retailing,North America,United States,67.33333333333333,58.333333333333336,72.0,64.33333333333333,21.925,6257450.0,0.5826,1.2519,15.4567,0.309,2.46215,0.0,25.37645,1.25835,0.19255,1.3695,2.46215,2.38635,0.8345,2.70335,49747000000.0,1317000000.0,2374000000.0,12541000000.0,18302000000.0,,2206000000.0,392590000.0,Retailing
BBY,2012,"Best Buy Co., Inc.",Retailing,North America,United States,75.0,75.0,72.0,74.0,14.885,6615650.0,0.5892,1.0779,18.2958,0.479,0.9423,0.0,24.2103,1.1237,0.2208,0.1285,0.9423,0.6853,0.1956,0.7541,,,,,,,,,Retailing
BBY,2013,"Best Buy Co., Inc.",Retailing,North America,United States,77.0,74.66666666666667,70.66666666666667,74.33333333333333,21.09,6081600.0,0.6975,1.1688,11.539,0.4752,1.7974,0.0,23.0876,1.3164,0.2435,-0.8666,1.7974,1.562,0.6769,2.7339,45457000000.0,158000000.0,2200000000.0,10984000000.0,16005000000.0,,3293000000.0,,Retailing
BBY,2014,"Best Buy Co., Inc.",Retailing,North America,United States,80.33333333333333,75.0,71.66666666666667,76.0,29.21,4861000.0,0.573,1.3984,10.6222,0.3575,2.2697,0.0,22.9849,1.0081,0.2581,1.1847,2.2697,2.0815,0.7359,2.5366,,,,,,,,,Retailing
BBY,2015,Best Buy Co. Inc.,Retailing,North America,United States,69.0,75.0,69.0,71.5,29.845,4190250.0,0.6241,1.4595,10.8173,0.3466,2.608,0.0,23.9483,1.2873,0.2088,1.5074,2.608,2.4152,0.8504,2.7742,38252000000.0,266000000.0,405000000.0,9023000000.0,16787000000.0,,1454000000.0,,Retailing
BBY,2016,Best Buy Co. Inc.,Retailing,North America,United States,74.97,69.07,69.3675,71.21000000000001,29.005000000000003,4590650.0,0.6438,1.4256,11.6937,0.3204,3.488,0.0,24.6283,1.3185,0.2369,2.3204,3.488,3.3985,1.3732,4.506,40611000000.0,532000000.0,1144000000.0,9399000000.0,13990000000.0,,1094000000.0,351468000.0,Retailing
BBY,2017,Best Buy Co. Inc.,Retailing,United States and Canada,United States,71.68,62.96,69.19500000000001,67.57249999999999,50.84,3611700.0,0.6583,1.4184,9.7148,0.3115,3.5906,0.0,24.0828,1.3135,0.2244,2.3378,3.5906,3.4676,1.5546,4.8079,40339000000.0,1233000000.0,1450000000.0,9047000000.0,15245000000.0,,1935000000.0,,Retailing
BBY,2018,Best Buy Co Inc,Retailing,United States and Canada,United States,72.16,60.5025,66.32,66.0375,68.56,3260900.0,0.7539,1.2133,8.6434,0.3924,3.3577,0.0,23.7659,1.4069,0.2009,2.6016,3.3577,3.4411,2.0345,7.6585,39528000000.0,897000000.0,1375000000.0,9191000000.0,13519000000.0,,1343000000.0,,Retailing
BBY,2019,Best Buy Co Inc,Retailing,United States and Canada,United States,72.79,60.0,64.12,65.505,66.39,2517550.0,0.6283,1.0813,9.117,0.3839,3.6535,0.0,23.9409,1.3423,0.2752,2.8987,3.6535,3.6097,,7.901,39403000000.0,1228000000.0,1854000000.0,9440000000.0,13856000000.0,,2557000000.0,,Retailing
BDX,2010,"Becton, Dickinson and Company",Healthcare,North America,United States,67.33333333333333,65.66666666666667,67.0,66.33333333333333,62.95,1324950.0,0.1829,2.6951,53.5845,0.329,22.4255,0.0,51.7489,0.7239,0.2247,17.1518,22.4255,22.158,3.1205,5.7075,6897619000.0,1126996000.0,1488144000.0,,7912943000.0,,,,Healthcare
BDX,2011,"Becton, Dickinson and Company",Healthcare,North America,United States,69.66666666666667,65.66666666666667,66.0,67.0,68.03999999999999,1288850.0,0.1791,3.0599,57.6455,0.5633,19.5062,0.0,50.9482,0.7173,0.3398,16.0585,19.5062,18.5333,2.4364,5.2633,6986722000.0,1231603000.0,1589682000.0,,9304624000.0,,,,Healthcare
BDX,2012,"Becton, Dickinson and Company",Healthcare,North America,United States,82.0,64.5,64.25,69.0,66.30000000000001,1046500.0,0.1731,2.7651000000000003,56.2565,0.9851,20.252,0.0,51.68615,0.7646,0.4704,15.7958,20.252,19.20995,2.43795,6.6429,7124385000.0,1317610000.0,1582378000.0,,9650694000.0,,,,Healthcare
BDX,2013,"Becton, Dickinson and Company",Healthcare,North America,United States,82.0,64.0,61.0,68.0,88.3,813850.0,0.1729,2.8758,53.1176,0.7872,18.7593,0.0,51.6318,0.7047,0.4273,13.4491,18.7593,17.8164,2.2518,5.3357,7584000000.0,1271000000.0,1666000000.0,,10430000000.0,,,,Healthcare
BDX,2014,"Becton, Dickinson and Company",Healthcare,North America,United States,85.0,64.0,63.0,69.0,118.155,1182700.0,0.1108,5.8198,45.2413,2.0012,17.0161,0.0,50.9508,0.6653,0.6623,11.5066,17.0161,13.8957,1.2701,4.636,7708000000.0,1170000000.0,1558000000.0,,11361000000.0,,,,Healthcare
BDX,2015,"Becton, Dickinson and Company",Healthcare,North America,United States,84.0,59.0,63.0,66.0,131.405,1045750.0,0.1152,1.2917,47.4519,1.7898,9.6405,0.0,46.732,0.8321,0.6105,5.915,9.6405,6.2092,0.6874,2.5401,8054000000.0,1293000000.0,1254000000.0,1111000000.0,12149000000.0,,,,Healthcare
BDX,2016,"Becton, Dickinson and Company",Healthcare,North America,United States,82.6,57.68333333333334,62.36666666666667,65.31333333333333,157.82999999999998,890050.0,0.1229,1.447,45.5347,1.4829,16.1351,0.0,48.374,0.8997,0.568,12.1951,16.1351,13.1958,1.4991,4.855,8446000000.0,1185000000.0,1606000000.0,1174000000.0,12384000000.0,,1746000000.0,,Healthcare
BDX,2017,"Becton, Dickinson and Company",Healthcare,United States and Canada,United States,81.6,56.616666666666674,64.28666666666668,65.16000000000001,185.94,1093300.0,0.0817,5.5643,51.8649,1.4574,7.6299,0.0,49.8263,0.8376,0.5904,-5.4366,7.6299,3.4091,-0.2457,-0.6402,10282000000.0,695000000.0,1074000000.0,1547000000.0,26478000000.0,,1730000000.0,,Healthcare
BDX,2018,"Becton, Dickinson and Company",Healthcare,United States and Canada,United States,81.0,57.112,60.484,64.092,226.3,1067300.0,0.0793,1.027,47.4018,1.0239,13.082,0.0,47.4279,0.8829,0.4737,12.9967,13.082,15.1239,-0.022,2.7814,12483000000.0,976000000.0,1430000000.0,1504000000.0,25586000000.0,,2559000000.0,,Healthcare
BDX,2019,"Becton, Dickinson and Co",Healthcare,United States and Canada,United States,82.5,51.74,61.035,62.215,243.905,1037750.0,0.0833,1.0872,45.931,0.9198,11.858,0.0,47.6782,0.8657,0.456,5.6805,11.858,9.3254,,1.3067,12093000000.0,1100000000.0,1522000000.0,2017000000.0,37734000000.0,,2550000000.0,,Healthcare
BEN,2010,Franklin Resources Inc.,Diversified Financials,North America,United States,40.5,41.0,54.0,44.5,25.605,3490800.0,0.1427,4.1929,40.2904,0.1278,33.9987,0.0,100.0,0.0,0.1079,24.3767,33.9987,36.1399,3.51,4.862,6032386000.0,1588213000.0,2099002000.0,,9176520000.0,,1409241000.0,,Diversified Financials
BEN,2011,Franklin Resources Inc.,Diversified Financials,North America,United States,58.0,44.5,49.5,50.5,28.89,3163650.0,0.1334,3.562,41.335,0.2382,37.1585,0.0,100.0,0.0,0.18835,27.0076,37.1585,37.0821,3.6362,5.4568,4194087000.0,896778000.0,1202594000.0,,9468463000.0,,641402000.0,,Diversified Financials
BEN,2012,Franklin Resources Inc.,Diversified Financials,North America,United States,57.0,50.0,48.0,51.5,29.45,2189700.0,0.1308,3.75535,42.1308,0.2357,35.160250000000005,0.0,100.0,0.0,0.18625,26.9959,35.160250000000005,37.3527,3.4166,5.1637,5853000000.0,1445700000.0,1958700000.0,,,,1651000000.0,,Diversified Financials
BEN,2013,Franklin Resources Inc.,Diversified Financials,North America,United States,58.0,53.0,51.666666666666664,54.0,38.260000000000005,2066700.0,0.1326,4.26,47.1085,0.2148,37.0365,0.0,100.0,0.0,0.1768,26.2999,37.0365,37.0299,3.6697,5.3769,7140000000.0,1923600000.0,2659800000.0,,,,1621800000.0,,Diversified Financials
BEN,2014,Franklin Resources Inc.,Diversified Financials,North America,United States,58.666666666666664,53.0,55.333333333333336,55.333333333333336,43.75,1473300.0,0.1267,6.1231,40.4026,0.1727,37.8821,0.0,100.0,0.0,0.1473,27.2635,37.8821,39.8392,3.4749,4.6592,7101000000.0,1931400000.0,2515200000.0,,,,1066200000.0,,Diversified Financials
BEN,2015,Franklin Resources Inc.,Diversified Financials,North America,United States,59.0,53.666666666666664,58.333333333333336,57.0,38.959999999999994,2382950.0,0.1147,6.913786999999992,40.4388,0.1725,38.3232,0.0,100.0,0.0,0.1471,25.1999,38.3232,37.555,2.8622,3.7228,7985000000.0,2150200000.0,2921300000.0,,,,2035700000.0,,Diversified Financials
BEN,2016,Franklin Resources Inc.,Diversified Financials,North America,United States,58.876666666666665,53.14000000000001,59.193333333333335,57.126666666666665,28.89,3123900.0,0.1001,6.913786999999992,44.7494,0.1663,36.4315,0.0,100.0,0.0,0.1426,28.0113,36.4315,39.704,2.8848,3.7303,8491400000.0,2384300000.0,3221200000.0,,,,2138000000.0,,Diversified Financials
BEN,2017,Franklin Resources Inc.,Diversified Financials,United States and Canada,United States,54.53333333333333,51.87833333333333,62.10166666666667,56.56,35.09,2055200.0,0.0922,6.913786999999992,55.7678,0.0907,34.9588,0.0,100.0,0.0,0.0831,25.2246,34.9588,40.3343,2.6287,3.6159,7948700000.0,2035300000.0,3027600000.0,,,,2252000000.0,,Diversified Financials
BEN,2018,Franklin Resources Inc,Diversified Financials,United States and Canada,United States,61.38666666666666,53.5,60.223333333333336,58.416666666666664,29.98,3268900.0,0.1004,3.4073,54.0217,0.0716,29.1534,0.0,100.0,0.0,0.0668,25.5807,29.1534,28.6924,2.7298,3.4876,6618000000.0,1726700000.0,2365700000.0,,,,1727700000.0,,Diversified Financials
BEN,2019,Franklin Resources Inc,Diversified Financials,United States and Canada,United States,65.76666666666667,56.423333333333325,65.24666666666667,62.57666666666666,28.86,2676850.0,0.0942,3.3505,51.8169,0.0704,25.3877,0.0,100.0,0.0,0.0657,22.5917,25.3877,29.3751,,2.9113,6392200000.0,1696700000.0,2264300000.0,,,,1135400000.0,,Diversified Financials
BIIB,2010,Biogen Idec Inc.,Pharmaceuticals,North America,United States,60.666666666666664,47.666666666666664,66.33333333333333,57.0,55.93,2481950.0,0.159,2.5848,44.6894,0.213,29.1357,0.0,91.7721,0.3562,0.1703,21.6123,29.1357,28.7531,3.3581,4.9868,4097507000.0,783167000.0,1213611000.0,1027000000.0,,,1562445000.0,,Pharmaceuticals
BIIB,2011,Biogen Idec Inc.,Pharmaceuticals,North America,United States,74.5,53.5,73.5,65.0,94.865,1756600.0,0.1466,3.2047,39.9216,0.1707,34.2917,0.0,90.57,0.3973,0.1454,24.1453,34.2917,34.22005,3.6247,5.231,4377348000.0,970132000.0,1295427000.0,1105700000.0,,,1074898000.0,,Pharmaceuticals
BIIB,2012,Biogen Idec Inc.,Pharmaceuticals,North America,United States,76.5,57.0,76.0,67.5,139.355,1102200.0,0.1439,2.00235,43.313,0.16899999999999998,35.5905,0.0,90.076,0.369,0.0901,27.2244,35.5905,35.7981,4.1368,5.9802,4716423000.0,1005273000.0,1248889000.0,1186400000.0,,,1624673000.0,,Pharmaceuticals
BIIB,2013,Biogen Idec Inc.,Pharmaceuticals,North America,United States,71.0,62.0,74.0,68.0,218.49,1192350.0,0.1625,1.8114,43.8924,0.0859,37.4515,0.0,86.8491,0.3923,0.0788,26.6781,37.4515,37.1976,4.3343,6.0009,5048634000.0,1234428000.0,1724691000.0,1281800000.0,,,1727741000.0,,Pharmaceuticals
BIIB,2014,Biogen Idec Inc.,Pharmaceuticals,North America,United States,75.83333333333333,63.166666666666664,76.0,70.0,321.16499999999996,1399100.0,0.1845,2.0445,44.0482,0.0539,43.9229,0.0,88.7441,0.3697,0.0509,33.4569,43.9229,43.587,6.1658,8.1618,5516461000.0,1380033000.0,1855849000.0,1593100000.0,,,1879897000.0,,Pharmaceuticals
BIIB,2015,Biogen Idec Inc.,Pharmaceuticals,North America,United States,85.0,65.0,78.0,74.0,355.59,1753550.0,0.1456,2.5993,43.0182,0.6184,47.5806,0.0,88.8405,0.3374,0.3819,34.7601,47.5806,47.1601,4.9184,8.8396,6932200000.0,1862300000.0,2515500000.0,2208800000.0,,,2345100000.0,,Pharmaceuticals
BIIB,2016,Biogen Idec Inc.,Pharmaceuticals,North America,United States,82.18333333333334,67.76333333333334,76.55666666666667,74.00333333333333,280.375,1567700.0,0.1337,2.9599,44.6925,0.5394,48.2205,0.0,86.821,0.3779,0.3502,34.9449,48.2205,46.2548,4.6605,8.5036,9703300000.0,2934800000.0,3972400000.0,2467900000.0,,,2942100000.0,,Pharmaceuticals
BIIB,2017,Biogen Inc.,Pharmaceuticals,United States and Canada,United States,86.30000000000001,67.58833333333334,69.58166666666666,72.86333333333333,286.89,1300300.0,0.1398,2.1946,47.6605,0.5068,44.3363,0.0,87.9784,0.391,0.3202,28.0276,44.3363,42.3284,3.9653,7.4549,10763800000.0,3547000000.0,4891000000.0,2538900000.0,,,3919400000.0,,Pharmaceuticals
BIIB,2018,Biogen Inc.,Pharmaceuticals,United States and Canada,United States,84.095,63.067499999999995,64.675,68.805,316.99,1371200.0,0.1394,2.3576,52.3134,0.4555,40.9239,0.0,86.6008,0.5027,0.313,26.8497,40.9239,40.1129,4.4891,7.4671,11448800000.0,3702800000.0,5151700000.0,2712200000.0,,,4587200000.0,215900000.0,Pharmaceuticals
BIIB,2019,Biogen Inc.,Pharmaceuticals,United States and Canada,United States,81.92999999999999,60.24333333333333,64.41,66.91333333333334,237.34500000000003,1477550.0,0.1348,1.9061,48.3362,0.4464,50.1736,0.0,87.8218,0.572,0.2505,41.3111,50.1736,48.6217,,11.0486,12273900000.0,2539100000.0,5345800000.0,2978200000.0,,,4551000000.0,211500000.0,Pharmaceuticals
BK,2010,The Bank of New York Mellon Corporation,Diversified Financials,North America,United States,49.2,54.8,52.4,52.2,22.11,7625050.0,0.0141,0.0,0.0,0.9647,0.0,0.0,0.0,0.0,0.3695,18.0552,0.0,25.709,0.2851,2.1322,,,,,,,,,Diversified Financials
BK,2011,The Bank of New York Mellon Corporation,Diversified Financials,North America,United States,53.333333333333336,61.333333333333336,54.666666666666664,56.333333333333336,21.005000000000003,7947050.0,0.0115,0.0,0.0,1.0695,0.0,0.0,0.0,0.0,0.3934,17.2228,0.0,25.4306,0.2061,1.93,,,,,,,,,Diversified Financials
BK,2012,The Bank of New York Mellon Corporation,Diversified Financials,North America,United States,65.0,54.0,60.0,59.0,18.965,6714700.0,0.0109,0.0,0.0,1.0981,0.0,0.0,0.0,0.0,0.3644,16.8063,0.0,23.74925,0.19505,1.80135,,,,,,,,,Diversified Financials
BK,2013,The Bank of New York Mellon Corporation,Diversified Financials,North America,United States,64.25,59.75,57.75,60.75,25.59,4986800.0,0.0102,0.0,0.0,1.0678,0.0,0.0,0.0,0.0,0.3472,20.178,0.0,26.5009,0.2449,2.5099,,,,,,,,,Diversified Financials
BK,2014,The Bank of New York Mellon Corporation,Diversified Financials,North America,United States,65.0,61.0,64.0,63.0,34.825,4539450.0,0.0096,0.0,0.0,1.0384,0.0,0.0,0.0,0.0,0.3536,5.5586,0.0,4.4469,0.0667,0.6963,,,,,,,,,Diversified Financials
BK,2015,The Bank of New York Mellon Corporation,Diversified Financials,North America,United States,66.33333333333333,63.333333333333336,62.333333333333336,63.666666666666664,36.845,5537400.0,0.0098,0.0,0.0,0.9321,0.0,0.0,0.0,0.0,0.3618,21.0946,0.0,29.2689,0.2191,2.272,,,,,,,,,Diversified Financials
BK,2016,The Bank of New York Mellon Corporation,Diversified Financials,North America,United States,64.668,57.774,59.04200000000001,60.355999999999995,36.175,5499800.0,0.0106,0.0,0.0,0.9834,0.0,0.0,0.0,0.0,0.3869,21.4531,0.0,30.7794,0.2615,2.4298,,,,,,,,,Diversified Financials
BK,2017,The Bank of New York Mellon Corporation,Diversified Financials,United States and Canada,United States,66.518,62.936,63.778,64.328,46.82,4192300.0,0.0112,0.0,0.0,1.1692,0.0,0.0,0.0,0.0,0.4272,24.4406,0.0,33.0053,0.2878,2.7298,,,,,,,,,Diversified Financials
BK,2018,Bank of New York Mellon Corp,Diversified Financials,United States and Canada,United States,73.39,66.25,62.52,66.97333333333334,49.75,4630900.0,0.0116,0.0,0.0,1.2176,0.0,0.0,0.0,0.0,0.4297,25.3079,0.0,32.7603,0.3139,2.9146,,,,,,,,,Diversified Financials
BK,2019,Bank of New York Mellon Corp,Diversified Financials,United States and Canada,United States,76.25,66.25,62.89,67.97,45.335,4300850.0,0.0104,0.0,0.0,1.1805,0.0,0.0,0.0,0.0,0.4098,25.7674,0.0,33.1958,,2.7554,,,,,,,,,Diversified Financials
BLK,2010,"BlackRock, Inc.",Diversified Financials,North America,United States,36.0,45.0,61.0,47.0,129.125,454400.0,0.0125,2.0237,88.0955,0.92,34.3012,0.0,95.2264,0.0,0.4752,26.3384,34.3012,37.5239,0.3347,2.279,,,,,,,,,Diversified Financials
BLK,2011,"BlackRock, Inc.",Diversified Financials,North America,United States,46.5,49.5,67.0,54.0,142.35,773250.0,0.012750000000000001,2.2735,81.88325,1.0303,35.62564999999999,0.0,100.0,0.0,0.5065,26.3741,35.62564999999999,35.7511,0.3271,2.2964,,,,,,,,,Diversified Financials
BLK,2012,"BlackRock, Inc.",Diversified Financials,North America,United States,56.333333333333336,54.0,63.333333333333336,58.0,147.42000000000002,654900.0,0.012150000000000001,2.6050500000000003,88.33324999999999,1.2076500000000001,37.45355,0.0,100.0,0.0,0.5462,26.3048,37.45355,37.10235,0.3171,2.3967,,,,,,,,,Diversified Financials
BLK,2013,"BlackRock, Inc.",Diversified Financials,North America,United States,54.0,54.0,64.0,58.0,221.76999999999998,670350.0,0.0126,2.4013,81.5512,1.0932,39.0777,0.0,100.0,0.0,0.5223,29.5308,39.0777,38.3495,0.3644,2.7883,,,,,,,,,Diversified Financials
BLK,2014,"BlackRock, Inc.",Diversified Financials,North America,United States,62.666666666666664,54.0,65.33333333333333,60.666666666666664,296.33000000000004,543900.0,0.0116,2.8003,68.5345,1.5268,41.092,0.0,100.0,0.0,0.6042,29.2026,41.092,38.9368,0.3361,2.9325,,,,,,,,,Diversified Financials
BLK,2015,"BlackRock, Inc.",Diversified Financials,North America,United States,58.333333333333336,56.333333333333336,68.33333333333333,61.333333333333336,305.985,593700.0,0.0127,2.855,72.7126,1.2689,41.9931,0.0,100.0,0.0,0.5593,28.9691,41.9931,40.3436,0.3744,2.9635,,,,,,,,,Diversified Financials
BLK,2016,"BlackRock, Inc.",Diversified Financials,North America,United States,49.68666666666667,62.94,69.44666666666667,61.36000000000001,317.22,631350.0,0.0126,3.0036,82.5132,1.211,41.8331,0.0,100.0,0.0,0.5477,28.1384,41.8331,40.9415,0.3847,2.9057,,,,,,,,,Diversified Financials
BLK,2017,"BlackRock, Inc.",Diversified Financials,United States and Canada,United States,46.2925,63.205,65.5175,59.0075,383.85,468300.0,0.0159,2.8873,81.6619,1.0648,39.4527,0.0,100.0,0.0,0.5157,26.9099,39.4527,39.4793,0.4334,3.1764,,,,,,,,,Diversified Financials
BLK,2018,"BlackRock, Inc.",Diversified Financials,United States and Canada,United States,60.84,63.75,64.515,63.17,472.66,616400.0,0.0205,3.073,67.5,0.7904,39.038,0.0,100.0,0.0,0.4415,29.7642,39.038,39.2788,0.5513,3.3495,,,,,,,,,Diversified Financials
BLK,2019,"BlackRock, Inc.",Diversified Financials,United States and Canada,United States,62.91,63.44,65.27,63.98,425.33500000000004,506200.0,0.0225,2.3257,73.1186,0.7644,38.6724,0.0,100.0,0.0,0.4332,30.3088,38.6724,39.545,,3.4466,,,,,,,,,Diversified Financials
BLL,2010,Ball Corporation,Containers & Packaging,North America,United States,42.5,69.0,66.0,57.5,12.52,2877000.0,0.2916,1.3558,47.6518,1.6961,11.0635,0.0,18.1519,1.8394,0.5986,4.6211,11.0635,8.8369,2.1849,9.9972,,,,,,,,,Containers & Packaging
BLL,2011,Ball Corporation,Containers & Packaging,North America,United States,49.5,68.0,66.0,60.0,16.435000000000002,2814900.0,0.2942,1.4415,44.1412,2.2045,10.1227,0.0,17.5398,1.5877,0.655,5.8495,10.1227,8.2186,1.8412,8.3814,,,,,,,,,Containers & Packaging
BLL,2012,Ball Corporation,Containers & Packaging,North America,United States,59.0,74.5,68.0,67.0,19.36,1821500.0,0.3034,1.38815,46.18355,2.5717499999999998,9.5772,0.0,17.92975,1.8258,0.6884,5.0427,9.5772,7.6407,1.6201,8.292,,,,,,,,,Containers & Packaging
BLL,2013,Ball Corporation,Containers & Packaging,North America,United States,70.0,79.5,68.5,72.5,21.335,1672100.0,0.2818,1.4821,42.9672,2.6747,9.2893,0.0,18.9209,1.6348,0.7219,5.0573,9.2893,7.2347,1.5773,9.2345,,,,,,,,,Containers & Packaging
BLL,2014,Ball Corporation,Containers & Packaging,North America,United States,69.0,89.0,67.0,75.66666666666667,31.155,2009100.0,0.2684,1.1528,42.3829,2.5564,6.7753,0.0,19.4844,1.6095,0.7072,3.7394,6.7752,4.8563,1.1676,7.1313,,,,,,,,,Containers & Packaging
BLL,2016,Ball Corporation,Containers & Packaging,North America,United States,70.375,88.38,67.2475,75.89750000000001,34.79,2586900.0,0.156,1.2304,58.5065,2.1271,6.4209,0.0,20.3726,1.4218,0.6737,2.061,6.4209,3.6465,0.3215,1.4685,,,,,,,,,Containers & Packaging
BLL,2017,Ball Corporation,Containers & Packaging,United States and Canada,United States,69.9625,87.27,67.25,75.345,38.87,2186000.0,0.1707,1.0402,53.5348,2.0345,6.5499,0.0,20.4904,1.4895,0.6608,3.4676,6.5499,3.9229,0.5981,2.6954,,,,,,,,,Containers & Packaging
BLL,2018,Ball Corp,Containers & Packaging,United States and Canada,United States,69.43,81.66,64.65,72.50999999999999,39.24,2823800.0,0.1768,1.0123,57.8594,1.839,7.8362,0.0,19.8716,1.9002,0.6422,3.8375,7.8362,5.3531,0.6843,3.0038,,,,,,,,,Containers & Packaging
BLL,2019,Ball Corp,Containers & Packaging,United States and Canada,United States,72.45333333333333,85.37,64.25,74.92333333333333,64.375,2098850.0,0.1763,1.0148,58.3494,2.0505,7.5763,0.0,19.9797,2.0025,0.6599,5.8845,7.5763,4.5237,,4.3061,,,,,,,,,Containers & Packaging
BMY,2010,Bristol-Myers Squibb Company,Pharmaceuticals,North America,United States,69.66666666666667,56.0,65.66666666666667,62.666666666666664,18.44,11284800.0,0.1536,2.1975,61.2796,0.4198,32.1099,0.0,73.2173,1.0095,0.2863,19.4421,32.1099,33.3893,4.0834,8.1418,17715000000.0,5247000000.0,4776000000.0,3471000000.0,,,3707000000.0,,Pharmaceuticals
BMY,2011,Bristol-Myers Squibb Company,Pharmaceuticals,North America,United States,71.66666666666667,59.0,76.66666666666667,67.66666666666667,21.52,10890850.0,0.167,1.9939,62.0823,0.3419,32.797399999999996,0.0,73.6763,1.00425,0.2486,17.32705,32.797399999999996,33.589150000000004,4.16915,8.16975,18808000000.0,10612000000.0,5602000000.0,3518000000.0,,,4065000000.0,,Pharmaceuticals
BMY,2012,Bristol-Myers Squibb Company,Pharmaceuticals,North America,United States,76.4,62.8,72.8,69.0,26.06,8873550.0,0.12855,1.36265,64.0658,0.43689999999999996,19.5595,0.0,73.5814,0.73365,0.285,14.5172,19.5595,18.0379,2.5516,5.11,19484000000.0,3102000000.0,6071000000.0,3953000000.0,32014000000.0,,4491000000.0,,Pharmaceuticals
BMY,2013,Bristol-Myers Squibb Company,Pharmaceuticals,North America,United States,73.5,57.5,64.5,63.5,35.795,7568300.0,0.1117,1.2836,75.7263,0.5014,19.5677,0.0,71.3353,0.7165,0.3095,16.3477,19.5677,19.5677,1.8802,4.703,21244000000.0,3709000000.0,6981000000.0,3948000000.0,36044000000.0,,4840000000.0,,Pharmaceuticals
BMY,2014,Bristol-Myers Squibb Company,Pharmaceuticals,North America,United States,76.11111111111111,59.44444444444444,63.666666666666664,64.55555555555556,49.635,6158050.0,0.1262,1.7265,71.6534,0.5227,-1.4091,0.0,77.3133,0.6192,0.3258,0.3053,-1.4091,-1.4091,0.08,0.1802,17621000000.0,1960000000.0,2340000000.0,2940000000.0,36804000000.0,,6941000000.0,,Pharmaceuticals
BMY,2015,Bristol-Myers Squibb Company,Pharmaceuticals,North America,United States,80.5,68.5,71.5,72.5,55.915,6031700.0,0.1303,1.756,86.4389,0.4763,1.2491,0.0,75.6666,0.7797,0.3028,-3.1227,1.2491,1.2491,-0.3442,-0.7194,16385000000.0,2563000000.0,2891000000.0,2914000000.0,33503000000.0,,3545000000.0,,Pharmaceuticals
BMY,2016,Bristol-Myers Squibb Company,Pharmaceuticals,North America,United States,82.87333333333333,68.345,71.82833333333333,73.02,54.745000000000005,7400000.0,0.1484,1.5501,102.342,0.4325,31.6741,0.0,73.4864,0.8806,0.27,23.9376,31.6741,31.6741,3.6025,7.6991,15879000000.0,2004000000.0,2381000000.0,3194000000.0,33579000000.0,,3148000000.0,,Pharmaceuticals
BMY,2017,Bristol-Myers Squibb Company,Pharmaceuticals,United States and Canada,United States,83.71666666666667,64.75,70.97666666666667,71.35666666666667,50.82,6460700.0,0.1546,1.5886,101.443,0.5661,22.5162,0.0,69.9467,1.2892,0.3189,16.083,22.5162,22.5162,2.5194,5.7396,16560000000.0,1565000000.0,2077000000.0,3665000000.0,33727000000.0,,2105000000.0,,Pharmaceuticals
BMY,2018,Bristol-Myers Squibb Company,Pharmaceuticals,United States and Canada,United States,82.14,55.45,65.99000000000001,65.28,54.26,6763300.0,0.1707,1.5338,87.7121,0.5314,25.1967,0.0,71.5112,1.3084,0.2926,19.4207,25.1967,25.1967,4.5189,8.1971,19427000000.0,4457000000.0,5915000000.0,3675000000.0,33977000000.0,,3058000000.0,,Pharmaceuticals
BMY,2019,Bristol-Myers Squibb Company,Pharmaceuticals,United States and Canada,United States,82.14,57.79,65.72,66.26,46.4,13292700.0,0.1046,3.8317,82.5537,1.4058,22.4571,0.0,68.6344,1.5017,0.5787,22.5237,22.4571,22.4571,,7.694,20776000000.0,1901000000.0,5131000000.0,4099000000.0,33734000000.0,,5275000000.0,,Pharmaceuticals
BSX,2010,Boston Scientific Corporation,Healthcare,North America,United States,52.166666666666664,52.333333333333336,59.0,53.833333333333336,6.58,18251300.0,0.0852,1.2034,61.3849,0.5469,13.1002,0.0,67.0829,0.7371,0.3174,9.9165,13.1002,8.5073,0.845,1.7213,8050000000.0,190000000.0,275000000.0,5581000000.0,,,1216000000.0,,Healthcare
BSX,2011,Boston Scientific Corporation,Healthcare,North America,United States,64.0,52.5,59.5,57.5,6.875,17088000.0,0.0872,1.7027,60.6818,0.37,9.285,0.0,64.2857,0.7054,0.2699,7.3924,9.285,5.9232,0.6604,1.2325,8188000000.0,-1025000000.0,-894000000.0,5612000000.0,,,835000000.0,,Healthcare
BSX,2012,Boston Scientific Corporation,Healthcare,North America,United States,75.0,54.0,50.0,58.0,5.69,11834050.0,0.10264999999999999,1.74115,61.6451,0.5851999999999999,-19.840792999999998,0.0,67.9303,0.6437,0.36865,-21.290181999999994,-19.840792999999998,-25.906755999999998,-1.7871890000000001,-9.7247,7806000000.0,-1065000000.0,-656000000.0,5207000000.0,,,325000000.0,,Healthcare
BSX,2013,Boston Scientific Corporation,Healthcare,North America,United States,73.75,50.5,50.0,56.0,9.445,14314750.0,0.1064,1.6508,63.9989,0.6474,6.9097,0.0,70.6052,0.6198,0.3928,5.876,6.9097,3.21,0.6517,1.6516,7622000000.0,441000000.0,904000000.0,4963000000.0,,,1008000000.0,,Healthcare
BSX,2014,Boston Scientific Corporation,Healthcare,North America,United States,78.0,57.0,55.0,62.0,12.995000000000001,11723750.0,0.1108,1.267,56.4229,0.6573,-19.840792999999998,0.0,70.3233,0.592,0.373,-15.8453,-19.840792999999998,-25.906755999999998,-1.7563,-4.6306,6958000000.0,-4068000000.0,-3868000000.0,4900000000.0,,,1280000000.0,,Healthcare
BSX,2015,Boston Scientific Corporation,Healthcare,North America,United States,82.66666666666667,57.333333333333336,55.0,63.0,17.51,8523700.0,0.1076,1.5469,58.3559,0.8983,-11.4762,0.0,70.9808,0.5579,0.4731,-7.179,-11.4762,-17.0374,-0.7831,-2.2468,7072000000.0,-121000000.0,120000000.0,4969000000.0,,,1110000000.0,,Healthcare
BSX,2016,Boston Scientific Corporation,Healthcare,North America,United States,83.96666666666665,55.03333333333333,52.5,61.50666666666667,21.950000000000003,8183650.0,0.1192,1.0465,59.2162,0.8369,6.3898,0.0,71.7815,0.6471,0.446,5.6595,6.3898,4.0621,0.6852,1.8417,7462000000.0,-119000000.0,-301000000.0,5170000000.0,,,1269000000.0,,Healthcare
BSX,2017,Boston Scientific Corporation,Healthcare,United States and Canada,United States,83.96666666666665,61.413333333333334,51.10999999999999,63.96,26.59,5926900.0,0.1228,0.7204,57.8331,0.8009,13.242,0.0,71.9982,0.6178,0.3679,6.4688,13.242,9.4645,0.7943,2.018,7477000000.0,-239000000.0,-283000000.0,5304000000.0,,,691000000.0,,Healthcare
BSX,2018,Boston Scientific Corporation,Healthcare,United States and Canada,United States,80.35,60.739999999999995,51.58,62.894999999999996,32.93,6822500.0,0.122,0.7814,57.3615,0.8086,15.7028,0.0,71.5736,0.6261,0.367,18.0527,15.7028,13.9357,2.1198,5.2117,8386000000.0,347000000.0,447000000.0,5962000000.0,,,1182000000.0,,Healthcare
BSX,2019,Boston Scientific Corporation,Healthcare,United States and Canada,United States,75.4,56.18,51.330000000000005,59.53,40.525000000000006,6126500.0,0.1012,1.1394,58.5633,1.0122,14.1485,0.0,71.1897,0.5389,0.4461,5.8533,14.1485,3.3617,,1.6341,9048000000.0,104000000.0,1285000000.0,6455000000.0,,,1426000000.0,,Healthcare
BWA,2010,BorgWarner Inc.,Auto Components,North America,United States,46.0,37.0,54.0,44.5,18.49,3153100.0,0.276,1.4795,61.8738,0.511,8.7178,0.0,19.3712,2.8502,0.312,7.2845,8.7178,8.2004,1.999,4.8373,5263900000.0,17200000.0,27500000.0,838500000.0,,,400800000.0,,Auto Components
BWA,2011,BorgWarner Inc.,Auto Components,North America,United States,56.0,45.0,55.333333333333336,51.333333333333336,31.880000000000003,3053100.0,0.294,1.1786,62.1783,0.5647,11.095,0.0,19.6338,2.9871,0.2602,7.9027,11.095,10.7769,2.4072,5.9496,3961800000.0,106700000.0,123000000.0,560800000.0,4811400000.0,,351000000.0,,Auto Components
BWA,2012,BorgWarner Inc.,Auto Components,North America,United States,73.0,61.0,62.0,65.0,31.64,2524200.0,0.2835,1.5899,64.40525,0.37405,10.1765,0.0,20.4585,3.09415,0.22794999999999999,6.4964,10.1765,10.3339,2.0033000000000003,4.1623,5652800000.0,377400000.0,504300000.0,1093300000.0,5555000000.0,,538900000.0,,Auto Components
BWA,2013,BorgWarner Inc.,Auto Components,North America,United States,69.0,58.5,62.0,63.0,38.775,1599200.0,0.2726,1.7233,63.6639,0.3704,12.4903,0.0,21.0165,3.2281,0.2194,9.1927,12.4903,12.6896,2.4827,5.0339,7114700000.0,550100000.0,797500000.0,1410400000.0,5958600000.0,,708200000.0,,Auto Components
BWA,2014,BorgWarner Inc.,Auto Components,North America,United States,70.0,58.0,62.0,63.0,50.745000000000005,1827950.0,0.2756,1.3702,65.2217,0.3631,10.6531,0.0,20.749,3.1216,0.1625,7.0234,10.6531,10.7787,2.0393,3.9936,7183200000.0,500900000.0,752900000.0,1466900000.0,6400800000.0,,878700000.0,,Auto Components
BWA,2015,BorgWarner Inc.,Auto Components,North America,United States,68.0,61.0,67.0,65.0,48.595,1754300.0,0.2451,2.0796,70.5807,0.4808,11.9346,0.0,21.1132,2.8404,0.3158,7.2887,11.9346,11.6935,2.0267,4.1957,7436600000.0,624300000.0,855200000.0,1557500000.0,6917000000.0,,718800000.0,,Auto Components
BWA,2016,BorgWarner Inc.,Auto Components,North America,United States,70.884,61.224000000000004,66.58599999999998,65.944,32.07,2175800.0,0.2557,1.3452,69.8184,0.6899,11.5662,0.0,21.3249,2.5365,0.3607,7.0582,11.5662,11.1455,1.9514,4.6697,8305100000.0,655800000.0,963700000.0,1756400000.0,7225200000.0,,801800000.0,,Auto Components
BWA,2017,BorgWarner Inc.,Auto Components,United States and Canada,United States,75.515,63.6,64.52,68.0,41.58,1602000.0,0.2573,1.461,73.0372,0.6012,11.365,0.0,21.5876,2.6385,0.3548,7.6525,11.365,11.3401,1.9824,4.969,8023200000.0,577200000.0,888300000.0,1703100000.0,9210500000.0,,867900000.0,,Auto Components
BWA,2018,BorgWarner Inc,Auto Components,United States and Canada,United States,72.71,64.05,59.72,66.0,43.91,1680300.0,0.255,1.5861,71.1915,0.5123,11.2187,0.0,21.1344,2.5992,0.3334,8.9355,11.2187,11.4205,2.3618,5.7077,9071000000.0,595000000.0,973200000.0,1928700000.0,8834700000.0,,1035700000.0,,Auto Components
BWA,2019,BorgWarner Inc,Auto Components,United States and Canada,United States,76.71,64.0,61.67,67.87,38.644999999999996,1516550.0,0.2493,1.6471,71.6172,0.4533,11.1721,0.0,21.0273,2.4945,0.2656,7.7849,11.1721,10.9551,,4.5216,9799000000.0,440000000.0,1072000000.0,2115000000.0,9788000000.0,,1180000000.0,,Auto Components
BXP,2010,Boston Properties Inc.,Real Estate,North America,United States,41.0,39.0,68.0,48.0,57.485,1304700.0,0.0296,0.0,0.0,1.4502,15.8983,0.0,0.0,0.0,0.5919,14.924,15.8983,17.6209,0.5218,1.3408,1469442000.0,105270000.0,577390000.0,,,,565311000.0,,Real Estate
BXP,2011,Boston Properties Inc.,Real Estate,North America,United States,52.0,44.333333333333336,65.66666666666667,54.0,71.205,1113300.0,0.0312,0.0,0.0,1.4882,35.5043,0.0,0.0,0.0,0.5981,15.6864,35.5043,17.8854,0.5753,1.4938,1518190000.0,231014000.0,567531000.0,,,,617376000.0,,Real Estate
BXP,2012,Boston Properties Inc.,Real Estate,North America,United States,72.0,50.0,60.0,62.0,79.155,821900.0,0.0308,0.0,0.0,1.54035,34.6983,0.0,0.0,0.0,0.6063000000000001,13.1576,34.6983,14.28095,0.43484999999999996,1.17605,1543310000.0,159072000.0,609072000.0,,,,375893000.0,,Real Estate
BXP,2015,Boston Properties Inc.,Real Estate,North America,United States,72.0,50.0,78.0,67.0,108.14,752450.0,0.0332,0.0,0.0,1.2291,33.7178,0.0,0.0,0.0,0.5468,22.088,33.7178,26.7106,0.9086,2.1691,2135539000.0,749811000.0,678120000.0,,,,777926000.0,,Real Estate
BXP,2016,Boston Properties Inc.,Real Estate,North America,United States,71.03,45.645,75.13,64.645,111.60499999999999,729550.0,0.0333,0.0,0.0,1.2481,31.3967,0.0,0.0,0.0,0.5506,15.4916,31.3967,18.8209,0.6188,1.5245,2396998000.0,443611000.0,801822000.0,,,,695553000.0,7542.0,Real Estate
BXP,2017,Boston Properties Inc.,Real Estate,United States and Canada,United States,71.12833333333333,46.23666666666667,75.32000000000001,64.92,113.06,640300.0,0.0341,0.0,0.0,1.2677,35.5367,0.0,0.0,0.0,0.559,17.8402,35.5367,22.4572,0.765,1.8697,2490821000.0,583106000.0,849365000.0,,,,799411000.0,1507.0,Real Estate
BXP,2018,"Boston Properties, Inc.",Real Estate,United States and Canada,United States,66.50666666666666,54.25666666666666,75.16666666666667,65.42999999999999,112.62,704400.0,0.0341,0.0,0.0,1.327,34.7072,0.0,0.0,0.0,0.5703,19.3656,34.7072,24.1639,0.8044,2.0037,2550820000.0,512785000.0,,,,,1034548000.0,36836.0,Real Estate
BXP,2019,"Boston Properties, Inc.",Real Estate,United States and Canada,United States,67.73,55.49,77.35,66.94,125.125,591050.0,0.0349,0.0,0.0,1.5018,36.2087,0.0,0.0,0.0,0.6003,18.5927,36.2087,23.2355,,2.2524,2602076000.0,462439000.0,,1605435000.0,,,911979000.0,,Real Estate
C,2010,Citigroup Inc.,Diversified Financials,North America,United States,55.75,62.25,66.5,61.0,35.48,49052250.0,0.009,0.0,0.0,4.894,0.0,0.0,0.0,0.0,0.701,14.3843,0.0,21.8883,0.1311,1.5776,51599000000.0,4279000000.0,5294000000.0,,,,,,Diversified Financials
C,2011,Citigroup Inc.,Diversified Financials,North America,United States,61.0,63.666666666666664,64.66666666666667,63.0,34.71,44409850.0,0.009,0.0,0.0,4.3052,0.0,0.0,0.0,0.0,0.6505,19.1044,0.0,24.8519,0.1703,1.8684,80285000000.0,4428000000.0,5285000000.0,,,,,,Diversified Financials
C,2012,Citigroup Inc.,Diversified Financials,North America,United States,70.0,66.0,64.5,66.5,29.189999999999998,37638400.0,0.009,0.0,0.0,3.64755,0.0,0.0,0.0,0.0,0.59915,12.7912,0.0,15.186300000000001,0.11235,1.1456499999999998,86601000000.0,10602000000.0,13184000000.0,,,,,,Diversified Financials
C,2013,Citigroup Inc.,Diversified Financials,North America,United States,69.0,66.33333333333333,66.0,67.0,43.78,25361950.0,0.009,0.0,0.0,3.0529,0.0,0.0,0.0,0.0,0.5222,19.1792,0.0,26.2491,0.1677,1.6132,77331000000.0,11067000000.0,14722000000.0,,,,,,Diversified Financials
C,2014,Citigroup Inc.,Diversified Financials,North America,United States,68.0,73.0,65.0,68.5,47.629999999999995,15565900.0,0.009,0.0,0.0,2.8054,0.0,0.0,0.0,0.0,0.5131,0.462,0.0,9.1147,0.0208,0.1903,69190000000.0,7541000000.0,7825000000.0,,,,,,Diversified Financials
C,2015,"Citigroup, Inc.",Banks,North America,United States,69.0,72.0,58.5,66.5,47.385000000000005,17169900.0,0.0095,0.0,0.0,2.3891,0.0,0.0,0.0,0.0,0.4896,23.7347,0.0,36.1601,0.2381,2.081,76724000000.0,13659000000.0,19802000000.0,,,,,,Banks
C,2016,"Citigroup, Inc.",Banks,North America,United States,69.69333333333333,68.54,58.345,65.08166666666666,40.94,19924650.0,0.009,0.0,0.0,2.2491,0.0,0.0,0.0,0.0,0.4732,22.243,0.0,35.0943,0.2138,1.8211,77219000000.0,7310000000.0,14701000000.0,,,,,,Banks
C,2017,"Citigroup, Inc.",Banks,United States and Canada,United States,84.72666666666667,66.8,58.95333333333334,69.19666666666667,60.05,15680200.0,0.009,0.0,0.0,2.4972,0.0,0.0,0.0,0.0,0.5044,21.2505,0.0,34.4351,0.2083,1.8329,76354000000.0,17242000000.0,24826000000.0,,,,,,Banks
C,2018,"Citigroup, Inc.",Banks,United States and Canada,United States,75.25,65.55,54.55,64.285,64.57,15995200.0,0.009,0.0,0.0,2.9756,0.0,0.0,0.0,0.0,0.5409,24.7271,0.0,35.6543,0.2407,2.474,70797000000.0,14912000000.0,21477000000.0,,,,,,Banks
C,2019,"Citigroup, Inc.",Banks,United States and Canada,United States,86.08,65.55,58.162,68.91799999999999,63.975,12826450.0,0.009,0.0,0.0,3.0858,0.0,0.0,0.0,0.0,0.56,27.167,0.0,36.4705,,2.7834,72444000000.0,4622000000.0,22761000000.0,,,,,,Banks
CAG,2010,"ConAgra Foods, Inc.",Food Products,North America,United States,51.5,56.75,71.25,58.25,13.08,4835700.0,0.2554,1.9177,25.8062,0.7069,8.6046,0.0,24.0561,1.2169,0.3955,5.2206,8.6046,7.2745,1.2303,2.9173,11248200000.0,930600000.0,651800000.0,,,,92700000.0,,Food Products
CAG,2011,"ConAgra Foods, Inc.",Food Products,North America,United States,60.75,59.25,72.25,63.0,14.455,4595250.0,0.2812,1.7537,25.4917,0.6834,9.182,0.0,21.075,1.3823,0.3778,5.2306,9.182,7.7076,1.5952,3.906,12348600000.0,978400000.0,1487900000.0,841600000.0,11073300000.0,,124000000.0,,Food Products
CAG,2012,"ConAgra Foods, Inc.",Food Products,North America,United States,70.0,61.0,73.0,66.5,15.864999999999998,4272650.0,0.29305000000000003,1.4465,25.0479,0.6629,11.2635,0.0,23.13955,1.28845,0.38370000000000004,6.61395,11.2635,9.801649999999999,1.9270999999999998,5.0297,12014900000.0,613500000.0,1605100000.0,797300000.0,11738000000.0,,1472700000.0,,Food Products
CAG,2013,"ConAgra Foods, Inc.",Food Products,North America,United States,74.66666666666667,60.0,75.33333333333333,69.0,21.625,3919200.0,0.1815,1.287,30.1817,1.7766,9.6349,0.0,22.7382,1.1466,0.618,5.8824,9.6349,5.7943,0.6517,2.4469,12386100000.0,817600000.0,1635900000.0,786600000.0,11408700000.0,,1352300000.0,,Food Products
CAG,2014,"ConAgra Foods, Inc.",Food Products,North America,United States,71.8,56.8,74.8,66.4,23.225,3581350.0,0.1608,1.2087,34.466,1.4993,11.6471,0.0,24.1455,0.9393,0.5756,0.3029,11.6471,9.1379,1.1214,3.8673,3833800000.0,467900000.0,1589100000.0,870900000.0,11441900000.0,,1052000000.0,,Food Products
CAG,2015,"ConAgra Foods, Inc.",Food Products,North America,United States,61.0,50.5,77.0,61.0,27.365000000000002,3433450.0,0.1475,0.9896,34.1258,2.2492,7.8345,0.0,28.3195,0.8558,0.6455,6.5669,7.8345,4.4769,0.5008,2.279,4221100000.0,773900000.0,1695300000.0,959800000.0,20349800000.0,,1412200000.0,,Food Products
CAG,2016,"ConAgra Foods, Inc.",Food Products,North America,United States,57.516,44.544,78.212,57.504,32.13,3359550.0,0.1477,1.4408,40.2142,1.3091,10.9941,0.0,31.0046,0.834,0.5395,9.2365,10.9941,8.4036,0.7682,2.525,3138700000.0,482300000.0,1434000000.0,757700000.0,19241500000.0,,1568600000.0,,Food Products
CAG,2017,"ConAgra Foods, Inc.",Food Products,United States and Canada,United States,56.330000000000005,45.156666666666666,80.08666666666666,57.800000000000004,34.33,3122000.0,0.1844,1.1113,28.316,0.8472,15.5193,0.0,28.7662,1.4304,0.4161,8.4525,15.5193,13.5018,1.5214,3.9561,9034000000.0,204600000.0,1209400000.0,668000000.0,,,1504600000.0,,Food Products
CAG,2018,"Conagra Brands, Inc.",Food Products,United States and Canada,United States,54.735,46.277499999999996,75.61,56.5725,34.08,4024100.0,0.175,0.841,29.3982,1.0158,8.3735,0.0,28.4096,1.1898,0.4624,5.5208,8.3735,4.9922,1.6996,1.8794,8664100000.0,186200000.0,1223100000.0,647500000.0,,,1259200000.0,,Food Products
CAG,2019,Conagra Brands Inc,Food Products,United States and Canada,United States,60.364999999999995,50.33,70.17,58.805,27.4,4691750.0,0.1176,1.1135,29.2245,1.4008,12.1958,0.0,27.7952,1.1426,0.5787,7.2698,12.1958,7.1866,,2.3188,7826900000.0,639300000.0,1240000000.0,658300000.0,,,1170200000.0,,Food Products
CAH,2010,"Cardinal Health, Inc.",Healthcare,North America,United States,41.0,48.0,65.0,50.0,25.675,3148750.0,0.929141999999999,1.2784,20.0867,0.4085,1.3655,0.0,3.9185,3.3122,0.2668,0.9129,1.3655,1.292,0.9695,3.9658,87408200000.0,1300600000.0,1392400000.0,3777100000.0,,,1541700000.0,,Healthcare
CAH,2011,"Cardinal Health, Inc.",Healthcare,North America,United States,48.0,47.0,69.0,52.8,32.230000000000004,2629100.0,0.929141999999999,1.21415,20.819049999999997,0.43420000000000003,1.5378,0.0,4.046,3.429,0.2746,0.8846,1.5378,1.437,1.0223,4.1478,95991500000.0,1151600000.0,1287400000.0,3747500000.0,,,1423900000.0,,Healthcare
CAH,2012,"Cardinal Health, Inc.",Healthcare,North America,United States,54.5,54.75,66.5,58.5,32.394999999999996,2321450.0,0.929141999999999,1.2315,21.84115,0.4584,1.7652,0.0,4.4768,3.0895,0.2771,1.0468,1.7652,1.6957,1.0959,4.3305,98503000000.0,642000000.0,1307000000.0,3781000000.0,19990000000.0,,2134000000.0,,Healthcare
CAH,2013,"Cardinal Health, Inc.",Healthcare,North America,United States,59.333333333333336,49.666666666666664,59.333333333333336,55.0,38.595,2377850.0,0.929141999999999,1.2822,19.732,0.6166,1.9206,0.0,5.1543,2.887,0.3697,1.25,1.9206,1.8024,1.0996,4.1736,102644000000.0,959000000.0,1514000000.0,4162000000.0,22846000000.0,,1395000000.0,,Healthcare
CAH,2014,"Cardinal Health, Inc.",Healthcare,North America,United States,64.5,47.0,62.0,55.5,65.77000000000001,1720200.0,0.929141999999999,1.1949,19.9229,0.6518,2.1381,0.0,5.6937,2.5598,0.3779,1.1317,2.1381,1.7661,1.0606,4.7377,107552000000.0,1069000000.0,1792000000.0,4541000000.0,24260000000.0,,1176000000.0,,Healthcare
CAH,2016,"Cardinal Health, Inc.",Healthcare,North America,United States,60.85,48.5875,58.8875,54.7425,66.92,2150050.0,0.929141999999999,1.1141,21.2353,0.847,1.6698,0.0,4.9627,2.7891,0.4297,0.9774,1.6698,1.5419,0.9252,5.0982,91084000000.0,1166000000.0,1885000000.0,5161000000.0,26033000000.0,,2524000000.0,,Healthcare
CAH,2017,"Cardinal Health, Inc.",Healthcare,United States and Canada,United States,65.175,48.160000000000004,60.870000000000005,56.2275,63.65,2046900.0,0.8201,1.0892,21.9717,1.4941,1.134,0.0,5.1224,2.7571,0.5705,0.8312,1.134,0.9009,0.6931,4.0715,102531000000.0,1215000000.0,2161000000.0,5712000000.0,30142000000.0,,2540000000.0,,Healthcare
CAH,2018,"Cardinal Health, Inc.",Healthcare,United States and Canada,United States,65.9,48.7375,64.2225,57.675,49.25,3096700.0,0.8848,1.0602,19.8591,1.4974,1.3355,0.0,4.734,2.7311,0.5694,0.7419,1.3355,1.0784,0.6215,4.65,121546000000.0,1427000000.0,2459000000.0,6543000000.0,34122000000.0,,2971000000.0,,Healthcare
CAH,2019,Cardinal Health Inc,Healthcare,United States and Canada,United States,65.4,51.84,66.765,59.71,45.16,2666950.0,0.929141999999999,1.0517,19.7397,7.9182,0.8246,0.0,4.4789,2.7827,0.8706,0.5194,0.8246,0.6372,,3.0648,129976000000.0,1288000000.0,2120000000.0,6544000000.0,40112000000.0,,1184000000.0,,Healthcare
CAT,2010,Caterpillar Inc.,Machinery,North America,United States,53.2,45.4,54.8,50.4,48.91,7736650.0,0.1806,1.4162,123.902,2.897,11.7982,0.0,29.1767,0.9752,0.6731,7.1133,10.0804,9.6197,1.2994,8.1114,51324000000.0,3557000000.0,4448000000.0,1502000000.0,67782000000.0,61068000000.0,4672000000.0,601500000.0,Machinery
CAT,2011,Caterpillar Inc.,Machinery,North America,United States,57.666666666666664,49.333333333333336,60.666666666666664,55.333333333333336,73.07499999999999,8144950.0,0.2021,1.4618,99.1054,2.4857,12.5442,0.0,27.1125,0.86295,0.65595,7.2601,11.2509,10.3971,1.4839,8.1193,32396000000.0,827000000.0,577000000.0,3220000000.0,60038000000.0,50738000000.0,,624700000.0,Machinery
CAT,2012,Caterpillar Inc.,Machinery,North America,United States,61.25,45.5,64.5,56.5,68.05,6542000.0,0.18605,1.41125,102.226,2.33875,16.1966,0.0,29.272199999999998,0.6942999999999999,0.61935,9.85165,15.057,14.8268,1.8999,10.091650000000001,42588000000.0,2758000000.0,3963000000.0,3568000000.0,64020000000.0,52695000000.0,,638800000.0,Machinery
CAT,2014,Caterpillar Inc.,Machinery,North America,United States,59.333333333333336,48.0,62.0,56.0,79.5,4447550.0,0.1682,1.3942,105.923,2.3348,-5.5953,0.0,19.6153,0.9381,0.6228,-3.412,-6.6765,-6.9573,-0.5668,-2.8527,65875000000.0,5722000000.0,8573000000.0,3113000000.0,88970000000.0,71388000000.0,,655000000.0,Machinery
CAT,2015,Caterpillar Inc.,Machinery,North America,United States,74.0,51.0,66.0,64.0,66.18,5570650.0,0.1408,1.3657,127.991,2.3511,9.7336,0.0,28.1883,0.7426,0.6153,5.0994,8.4382,7.1429,0.7117,3.5195,55656000000.0,3803000000.0,5628000000.0,3194000000.0,84896000000.0,,,637800000.0,Machinery
CAT,2016,Caterpillar Inc.,Machinery,North America,United States,71.69800000000001,54.922000000000004,62.20399999999999,63.45399999999999,69.035,4788950.0,0.1282,1.2363,136.335,2.5043,6.8559,0.0,28.2634,0.7844,0.6104,3.0895,5.2511,4.1812,0.3704,1.8008,55184000000.0,2468000000.0,3314000000.0,3201000000.0,84498000000.0,,,606200000.0,Machinery
CAT,2017,Caterpillar Inc.,Machinery,United States and Canada,United States,69.7025,56.082499999999996,55.78,61.46,97.84,3826800.0,0.1453,1.3458,123.609,2.5336,12.0115,0.0,31.0211,0.8326,0.6285,7.0779,10.7553,10.2286,1.0228,5.7035,47011000000.0,2523000000.0,3785000000.0,2226000000.0,78342000000.0,,,582300000.0,Machinery
CAT,2018,Caterpillar Inc,Machinery,United States and Canada,United States,70.12333333333333,51.54,54.28,59.666666666666664,134.81,4773300.0,0.1774,1.368,109.516,2.4206,16.7654,0.0,32.7528,0.8371,0.6155,12.1833,15.4664,15.602,2.1586,10.8685,38537000000.0,-59000000.0,1162000000.0,3035000000.0,74704000000.0,,,586500000.0,Machinery
CAT,2019,Caterpillar Inc,Machinery,United States and Canada,United States,70.52999999999999,51.81666666666666,53.69333333333333,59.776666666666664,127.13,3726500.0,0.1675,1.4397,122.593,2.5282,16.6644,0.0,31.1184,0.8092,0.6305,11.2251,15.334,15.0915,,9.9647,45462000000.0,759000000.0,4460000000.0,3857000000.0,,,5706000000.0,597600000.0,Machinery
CB,2010,The Chubb Corporation,Insurance,North America,United States,40.5,46.0,56.0,47.0,36.83,2138500.0,0.0472,0.0,0.0,0.1544,23.1649,0.0,0.0,0.0,0.1275,18.0053,23.1649,21.7819,0.8446,3.1621,3681000000.0,567000000.0,,,,,,329704531.0,Insurance
CB,2011,The Chubb Corporation,Insurance,North America,United States,44.5,47.5,53.0,48.0,47.07,2000300.0,0.0484,0.0,0.0,0.1941,14.50505,0.0,0.0,0.0,0.1231,10.26585,14.50505,12.948899999999998,0.47775,1.7664499999999999,3949000000.0,755000000.0,,,,,,335413501.0,Insurance
CB,2012,The Chubb Corporation,Insurance,North America,United States,44.25,55.0,47.5,49.25,56.11,1485900.0,0.048600000000000004,0.0,0.0,0.1807,15.6645,0.0,0.0,0.0,0.1131,12.4562,15.6645,14.3793,0.6844,2.3736,4294000000.0,594000000.0,,,,,,337841616.0,Insurance
CB,2013,The Chubb Corporation,Insurance,North America,United States,48.0,57.0,46.0,51.0,71.855,1238200.0,0.0537,0.0,0.0,0.2023,22.7828,0.0,0.0,0.0,0.1189,18.9373,22.7828,21.3815,0.9685,3.2643,16834000000.0,1540000000.0,,,,,3470000000.0,341094559.0,Insurance
CB,2014,The Chubb Corporation,Insurance,North America,United States,49.0,61.0,46.0,52.0,94.65,1340650.0,0.0482,0.0,0.0,0.1997,18.0283,0.0,0.0,0.0,0.1019,11.7163,18.0283,16.6139,0.5649,1.8758,17936000000.0,2706000000.0,,,,,3995000000.0,340321534.0,Insurance
CB,2016,The Chubb Corporation,Insurance,North America,United States,49.89714285714285,54.857142857142854,51.107142857142854,51.96785714285714,114.06,1502500.0,0.0511,0.0,0.0,0.3006,22.3291,0.0,0.0,0.0,0.2071,15.9493,22.3291,19.1978,0.8405,2.8115,5048000000.0,942000000.0,,,,,,,Insurance
CB,2017,Chubb Limited,Insurance,Europe,Switzerland,46.625,51.542500000000004,54.089999999999996,51.04,133.58,1297200.0,0.0497,0.0,0.0,0.2771,17.2676,0.0,0.0,0.0,0.1863,16.0952,17.2676,14.3606,0.8007,2.5919,8527000000.0,1360000000.0,,,,,,342832412.0,Insurance
CB,2018,Chubb Ltd,Insurance,Europe,Switzerland,53.58,61.53,54.28,56.39,127.73,1556100.0,0.0508,0.0,0.0,0.2785,18.2171,0.0,0.0,0.0,0.1929,14.0686,18.2171,16.16,0.7341,2.4169,8610000000.0,1305000000.0,,,,,,342832412.0,Insurance
CB,2019,Chubb Ltd,Insurance,Europe,Switzerland,54.5,61.53,53.946666666666665,56.54,144.39,1399000.0,0.0494,0.0,0.0,0.275,17.052,0.0,0.0,0.0,0.1968,13.4241,17.052,15.3582,,2.12,9045000000.0,1294000000.0,,,,,,479783864.0,Insurance
CBOE,2011,"CBOE Holdings, Inc.",Diversified Financials,North America,United States,79.0,65.0,65.0,69.0,22.41,503800.0,0.3816,3.1824,37.0825,0.0,46.9299,0.0,100.0,0.0,0.0,27.1087,46.9299,46.7953,6.186484999999999,15.4453,426082000.0,106451000.0,177585000.0,,,,112766000.0,,Diversified Financials
CBOE,2013,"CBOE Holdings, Inc.",Diversified Financials,North America,United States,77.0,65.0,65.0,68.0,40.67,462850.0,0.3212,4.2219,49.5489,0.0,50.0406,0.0,100.0,0.0,0.0,30.1628,50.0406,49.6677,6.186484999999999,14.8952,508144000.0,139406000.0,241632000.0,,,,,,Diversified Financials
CBOE,2014,"CBOE Holdings, Inc.",Diversified Financials,North America,United States,77.0,62.0,65.5,67.5,48.855000000000004,625300.0,0.4057,3.3137,53.1931,0.0,50.4224,0.0,100.0,0.0,0.0,29.5939,50.4224,50.2404,6.186484999999999,19.7312,512338000.0,157395000.0,244097000.0,,,,,,Diversified Financials
CBOE,2015,"CBOE Holdings, Inc.",Diversified Financials,North America,United States,77.0,62.0,60.5,65.5,58.254999999999995,560200.0,0.4706,2.7585,46.7094,0.0,49.3327,0.0,100.0,0.0,0.0,30.0192,49.3327,49.5082,6.186484999999999,19.754,572050000.0,175999000.0,285814000.0,,,,,,Diversified Financials
CBOE,2016,"CBOE Holdings, Inc.",Diversified Financials,North America,United States,66.93333333333334,61.18,54.24,60.39666666666667,61.595,506700.0,0.4003,2.5466,61.5095,0.0,39.2558,0.0,80.735,0.0,0.0,23.8886,39.2558,39.9526,6.186484999999999,14.1869,617225000.0,189714000.0,313801000.0,,,,,,Diversified Financials
CBOE,2017,"CBOE Holdings, Inc.",Diversified Financials,United States and Canada,United States,31.655,50.85,52.455,45.7,87.96,878700.0,0.1179,1.3811,34.0019,0.456,18.3833,0.0,42.7904,0.0,0.3132,10.5025,18.3833,16.7714,1.2603,2.4142,663800000.0,205000000.0,319900000.0,561700000.0,,,245300000.0,,Diversified Financials
CBOE,2018,"Cboe Global Markets, Inc.",Diversified Financials,United States and Canada,United States,31.64,52.72,51.6,45.97,102.25,929600.0,0.1255,0.9094,43.056,0.3854,21.8962,0.0,44.7238,0.0,0.225,14.7595,21.8962,20.1945,1.674,2.719,,186800000.0,298200000.0,566400000.0,,,229600000.0,,Diversified Financials
CCI,2010,Crown Castle International Corp.,Telecommunication Services,North America,United States,40.0,35.0,74.5,46.5,30.66,1715750.0,0.0452,1.1742,10.3096,2.4528,31.4623,0.0,69.1861,0.0,0.7097,-21.290181999999994,31.4623,-22.428,-0.9429,-3.9331,1526504000.0,10577000.0,292509000.0,,,,513001000.0,,Telecommunication Services
CCI,2011,Crown Castle International Corp.,Telecommunication Services,North America,United States,36.5,35.5,74.0,45.5,33.125,1802050.0,0.0492,1.386,11.3422,2.5579,34.0435,0.0,71.3449,0.0,0.718,8.4538,34.0435,9.5334,0.4641,2.0503,1685407000.0,-97529000.0,433991000.0,,,,571256000.0,,Telecommunication Services
CCI,2012,Crown Castle International Corp.,Telecommunication Services,North America,United States,40.333333333333336,36.333333333333336,67.0,45.0,46.015,1579100.0,0.0465,1.4864000000000002,19.78275,2.9264,35.09885,0.0,70.4114,0.0,0.7435,7.6791,35.09885,9.3169,0.3768,1.65205,1878658000.0,51278000.0,575365000.0,,,,603430000.0,,Telecommunication Services
CCI,2014,Crown Castle International Corp.,Telecommunication Services,North America,United States,52.0,41.666666666666664,60.0,51.0,63.81,2913550.0,0.0422,1.3764,31.6231,1.7694,26.1174,0.0,61.3864,0.0,0.6367,15.3724,26.1174,12.6821,0.5631,1.7673,2432680000.0,188584000.0,834681000.0,,16088709000.0,,772557000.0,,Telecommunication Services
CCI,2016,Crown Castle International Corp.,Real Estate,North America,United States,73.75,44.21,65.35333333333334,62.370000000000005,76.27000000000001,2184850.0,0.0447,0.9353,25.0634,1.7884,24.622,0.0,63.1077,0.0,0.6395,8.8072,24.622,10.4239,0.4437,1.4565,3538756000.0,1153360000.0,940682000.0,,,,1600197000.0,,Real Estate
CCI,2017,Crown Castle International Corp.,Real Estate,United States and Canada,United States,52.04333333333333,44.473333333333336,64.26666666666667,53.44333333333333,89.68,2033800.0,0.0353,0.9533,26.9116,1.3096,24.5532,0.0,63.4995,0.0,0.5653,7.9962,24.5532,11.1007,0.3708,0.9075,3663851000.0,1520992000.0,946180000.0,,21936966000.0,,1794025000.0,,Real Estate
CCI,2018,Crown Castle International Corp.,Real Estate,United States and Canada,United States,42.04,41.88,61.63666666666666,47.873333333333335,100.43,2293900.0,0.0417,0.9051,30.8291,1.3358,25.9399,0.0,65.5273,0.0,0.5702,9.8909,25.9399,12.3719,0.5024,1.4173,1063000000.0,357000000.0,949000000.0,,22675000000.0,,1787000000.0,,Real Estate
CCI,2019,Crown Castle International Corp,Real Estate,United States and Canada,United States,42.04,41.88,63.675,48.485,127.405,1805100.0,0.0379,0.7226,37.6157,1.5762,26.8832,0.0,65.3075,0.0,0.6105,12.9924,26.8832,15.2039,,1.9926,521000000.0,366000000.0,967000000.0,,38321000000.0,27535000000.0,2032000000.0,,Real Estate
CCL,2010,Carnival Corporation,Consumer Services,North America,United States,50.5,43.5,71.5,53.0,27.43,4335150.0,0.0933,0.2345,7.7137,0.4077,10.6826,0.0,33.7313,7.3625,0.2581,7.7135,10.6826,7.6829,0.6994,1.2078,,2324000000.0,2729000000.0,,33400000000.0,,3391000000.0,,Consumer Services
CCL,2011,Carnival Corporation,Consumer Services,North America,United States,53.5,52.0,68.0,56.5,27.45,4557600.0,0.0957,0.2149,6.4042,0.3968,8.3333,0.0,30.4924,6.944649999999999,0.25134999999999996,5.8712,8.3333,5.6548,0.5616,0.9105,,1790000000.0,2154000000.0,,36835000000.0,,3342000000.0,,Consumer Services
CCL,2012,Carnival Corporation,Consumer Services,North America,United States,58.666666666666664,52.666666666666664,63.666666666666664,57.666666666666664,26.195,4000050.0,0.09165,0.31285,6.9887,0.38849999999999996,7.1509,0.0,29.9604,6.821899999999999,0.2552,1.4974500000000002,7.1509,1.4974500000000002,0.13649999999999998,0.2247,,1978000000.0,2347000000.0,,37490000000.0,,3818000000.0,,Consumer Services
CCL,2013,Carnival Corporation,Consumer Services,North America,United States,56.0,46.5,65.0,55.0,29.119999999999997,3947900.0,0.0912,0.2885,9.9645,0.4129,4.3691,0.0,28.5139,7.0642,0.2479,1.1785,4.3691,1.1785,0.1072,0.1761,,1912000000.0,2255000000.0,,38637000000.0,,3766000000.0,,Consumer Services
CCL,2014,Carnival Corporation,Consumer Services,North America,United States,54.0,46.5,67.25,54.75,34.705,4398650.0,0.0943,0.215,8.0344,0.3755,7.1525,0.0,32.8583,7.1547,0.2332,-2.7696,7.1525,-2.5813,-0.2611,-0.4255,,1298000000.0,1642000000.0,,39161000000.0,,2999000000.0,,Consumer Services
CCL,2015,Carnival plc,Consumer Services,Europe,United Kingdom,54.333333333333336,50.0,71.33333333333333,57.333333333333336,42.015,3821000.0,0.0946,0.2396,7.3504,0.3556,13.7197,0.0,40.2156,7.3517,0.2223,7.2776,13.7197,7.3046,0.6881,1.1358,,1055000000.0,1329000000.0,,40042000000.0,,2834000000.0,,Consumer Services
CCL,2016,Carnival Corporation,Consumer Services,North America,United States,56.48142857142857,48.94428571428572,72.36142857142858,57.81142857142857,42.395,4350250.0,0.1012,0.2189,6.814,0.4137,15.1677,0.0,41.0823,7.2019,0.2665,16.3293,15.1677,16.3833,1.5637,2.6906,15884000000.0,1216000000.0,1772000000.0,,39448000000.0,,3430000000.0,,Consumer Services
CCL,2017,Carnival Corporation,Consumer Services,United States and Canada,United States,54.589999999999996,61.28666666666667,72.22333333333334,61.339999999999996,59.44,2927800.0,0.1044,0.1958,6.5931,0.3797,12.8669,0.0,38.5537,6.9402,0.2421,12.8199,12.8669,13.1486,1.339,2.2547,15714000000.0,1757000000.0,2574000000.0,,39237000000.0,,4545000000.0,,Consumer Services
CCL,2018,Carnival Corporation,Consumer Services,United States and Canada,United States,53.62,61.44,68.89,60.17,58.42,3497000.0,0.1051,0.2417,7.0645,0.4119,12.8299,0.0,38.4668,6.6692,0.2518,12.8758,12.8299,12.9447,1.3299,2.344,16389000000.0,2779000000.0,3071000000.0,,38881000000.0,,5134000000.0,,Consumer Services
CCL,2019,Carnival Corp,Consumer Services,United States and Canada,United States,50.97,62.41,73.59,60.635,47.935,3583050.0,0.1087,0.2732,7.5341,0.4535,10.6656,0.0,35.1809,7.2576,0.2736,9.322,10.6656,9.4874,,1.8707,17510000000.0,2606000000.0,2809000000.0,,40778000000.0,,5322000000.0,,Consumer Services
CDNS,2010,Cadence Design Systems Inc.,Software & Services,North America,United States,41.666666666666664,39.666666666666664,70.0,48.0,6.82,2912400.0,0.1395,1.7228,75.8209,1.9868,-1.2957,0.0,83.2647,1.3978,0.6493,21.4067,-1.2957,-6.9204,2.8664,29.8789,1038614000.0,-1856715000.0,-1573268000.0,,,,70286000.0,,Software & Services
CDNS,2011,Cadence Design Systems Inc.,Software & Services,North America,United States,37.333333333333336,42.666666666666664,67.33333333333333,47.333333333333336,9.934999999999999,2751400.0,0.1572,1.20875,46.9094,1.5593,11.0023,0.0,82.9657,1.0932,0.40395000000000003,9.4991,11.0023,9.7761,1.4354,7.4632,852632000.0,-149871000.0,-123591000.0,,,,25637000.0,,Software & Services
CDNS,2012,Cadence Design Systems Inc.,Software & Services,North America,United States,42.0,48.0,66.0,50.333333333333336,11.955,2656900.0,0.17309999999999998,1.1552,32.7547,1.2721,15.89245,0.0,84.8553,1.20785,0.20015,14.2252,15.892500000000002,14.47195,2.4676,8.60235,935954000.0,126538000.0,-28966000.0,,,,199143000.0,,Software & Services
CDNS,2016,Cadence Design Systems Inc.,Software & Services,North America,United States,42.165,45.555,64.35,49.235,24.525,2123250.0,0.2034,1.4912,30.6626,0.9349,14.7689,0.0,86.362,0.9976,0.4097,10.8902,14.7689,14.0947,2.0748,5.1872,1580932000.0,158898000.0,206644000.0,,,,316722000.0,,Software & Services
CDNS,2017,Cadence Design Systems Inc.,Software & Services,United States and Canada,United States,42.58,47.905,59.3,49.155,34.76,1832500.0,0.2106,1.6218,31.5784,0.7373,16.5606,0.0,87.9846,1.8153,0.3945,14.4315,16.5606,16.1515,3.0483,7.2628,1702091000.0,252417000.0,285430000.0,,,,378200000.0,,Software & Services
CDNS,2018,Cadence Design Systems Inc,Software & Services,United States and Canada,United States,45.33,50.1,57.099999999999994,50.42,43.69,1940900.0,0.2308,1.3415,40.7071,0.3456,19.4622,0.0,88.6264,2.0646,0.2154,17.2721,19.4622,18.6977,2.9728,7.6393,1816083000.0,203086000.0,244901000.0,,,,444879000.0,,Software & Services
CDNS,2019,Cadence Design Systems Inc,Software & Services,United States and Canada,United States,46.67,48.68,56.9,50.13,66.33000000000001,1831550.0,0.2177,1.6963,42.6883,0.2336,20.8464,0.0,89.4096,1.2469,0.1894,18.4755,20.8464,20.1359,,7.4961,1943032000.0,204101000.0,323955000.0,,,,470740000.0,,Software & Services
CERN,2010,Cerner Corporation,Healthcare,North America,United States,34.666666666666664,47.0,63.333333333333336,47.0,20.71,2460600.0,0.2031,3.6664,87.1512,0.0658,20.3146,0.0,82.8485,8.6003,0.049,13.1563,20.3146,20.3344,2.5811,3.3643,,,,,,,,,Healthcare
CERN,2011,Cerner Corporation,Healthcare,North America,United States,41.0,46.666666666666664,69.66666666666667,50.666666666666664,29.225,2410800.0,0.201,3.75605,86.2856,0.0548,21.0608,0.0,78.9266,7.5315,0.0383,13.791,21.0608,21.5463,2.7724,3.5715,,,,,,,,,Healthcare
CERN,2012,Cerner Corporation,Healthcare,North America,United States,50.0,48.0,71.0,55.5,37.465,2251800.0,0.19405,3.54515,72.1636,0.06889999999999999,21.59205,0.0,77.3732,6.5075,0.0467,14.983450000000001,21.59205,22.06045,2.9074,3.7379,,,,,,,,,Healthcare
CERN,2015,Cerner Corporation,Healthcare,North America,United States,53.0,52.0,73.0,58.0,66.13,1706150.0,0.2053,2.3498,80.1804,0.1612,19.0936,0.0,83.0497,8.0408,0.128,13.0582,19.0936,19.1217,2.6667,3.8381,,,,,,,,,Healthcare
CERN,2016,Cerner Corporation,Healthcare,North America,United States,52.125,46.7575,73.09,55.9975,55.290000000000006,1909600.0,0.2104,2.3724,72.7802,0.1435,19.8454,0.0,83.0952,12.3132,0.1187,13.6891,19.8454,20.0485,2.8575,3.9733,,,,,,,,,Healthcare
CERN,2017,Cerner Corporation,Healthcare,United States and Canada,United States,53.02,41.623333333333335,67.58,52.25666666666666,64.24,2035100.0,0.2047,2.7656,71.993,0.1172,19.3026,0.0,82.735,14.5489,0.1025,13.9074,19.3026,19.5085,2.9657,4.1254,,,,,,,,,Healthcare
CERN,2018,Cerner Corp,Healthcare,United States and Canada,United States,52.4,41.905,65.245,51.53,60.21,1868400.0,0.2036,2.6315,77.9946,0.09,15.2287,0.0,82.6491,9.4672,0.0818,12.3824,15.2287,15.711,2.4963,3.3437,,,,,,,,,Healthcare
CERN,2019,Cerner Corp,Healthcare,United States and Canada,United States,52.4,40.09,67.43,51.37,66.995,2021950.0,0.206,2.2096,72.7201,0.2354,9.1622,0.0,81.2256,11.5992,0.1906,8.8724,9.1622,10.7698,,2.6916,,,,,,,,,Healthcare
CF,2010,"CF Industries Holdings, Inc.",Chemicals,North America,United States,32.0,40.25,55.0,40.5,14.585,11330750.0,0.1414,1.6531,22.4534,0.5243,26.791,0.0,30.3387,2.7884,0.344,8.0358,26.791,16.9508,1.5892,3.2562,,,,,,,,,Chemicals
CF,2011,"CF Industries Holdings, Inc.",Chemicals,North America,United States,24.25,44.5,62.0,40.5,22.49,10604250.0,0.17154999999999998,1.55695,17.2204,0.33285,46.20155,0.0,46.79575,2.52325,0.24945,24.7808,46.20155,43.184,4.8659,9.11575,1307900000.0,,,396800000.0,,,,48391584.0,Chemicals
CF,2012,"CF Industries Holdings, Inc.",Chemicals,North America,United States,25.0,47.0,68.0,43.0,30.46,6749750.0,0.15225,2.7404,20.6239,0.28015,49.0731,0.0,51.6404,2.9923,0.2188,30.720750000000002,49.0731,47.0943,4.4988,7.8579,1801700000.0,,,867400000.0,,,,48569985.0,Chemicals
CF,2013,"CF Industries Holdings, Inc.",Chemicals,North America,United States,28.0,49.75,58.5,43.25,31.39,4162000.0,0.1242,3.3516,15.4452,0.5697,42.5847,0.0,44.7712,2.647,0.3629,24.5646,42.5847,39.5989,3.1972,6.2776,1735600000.0,,,1043300000.0,,,,71267185.0,Chemicals
CF,2015,"CF Industries Holdings, Inc.",Chemicals,North America,United States,35.0,47.0,62.0,46.0,47.68,2698900.0,0.0879,1.3852,21.5516,1.2518,12.287,0.0,25.1121,2.6012,0.5559,9.6983,12.287,8.8789,0.7537,2.1712,1472700000.0,,,590300000.0,,,,314753440.0,Chemicals
CF,2016,"CF Industries Holdings, Inc.",Chemicals,North America,United States,36.01,48.44333333333333,63.48333333333333,47.23,24.29,4690700.0,0.0573,3.8703,24.4983,0.7937,-11.0727,0.0,11.188,2.2714,0.4425,-4.4118,-11.0727,-19.2647,0.0,0.0,1311000000.0,,,686000000.0,,,,279240970.0,Chemicals
CF,2017,"CF Industries Holdings, Inc.",Chemicals,United States and Canada,United States,40.71,44.59,64.25,47.9525,27.87,3970000.0,0.0753,1.8564,25.141,0.905,9.5541,0.0,13.0118,2.9262,0.4383,0.2669,9.5541,-1.5469,0.1607,0.3756,1134000000.0,,,527000000.0,,,,241673050.0,Chemicals
CF,2018,CF Industries Holdings Inc,Chemicals,United States and Canada,United States,45.19,47.67,66.45,51.379999999999995,39.7,2722700.0,0.0894,2.0267,23.4,0.7621,17.2262,0.0,21.3781,3.2841,0.4325,4.3286,17.2262,12.4558,0.6508,1.6577,1124000000.0,,,173000000.0,,,,233081556.0,Chemicals
CF,2019,CF Industries Holdings Inc,Chemicals,United States and Canada,United States,41.525,47.67,66.65,49.959999999999994,43.445,2199650.0,0.0862,1.428,20.7626,0.808,18.1118,0.0,21.9653,2.7365,0.4194,6.262,18.1118,12.8131,,2.0067,1502000000.0,320000000.0,,499000000.0,,,,233114169.0,Chemicals
CFG,2015,"Citizens Financial Group, Inc.",Banks,North America,United States,37.0,57.0,50.0,48.0,21.53,3561150.0,0.009,0.0,0.0,0.6779,0.0,0.0,0.0,0.0,0.1748,18.7997,0.0,29.0096,0.1599,1.1368,4690000000.0,-3426000000.0,-3468000000.0,,,,2649000000.0,,Banks
CFG,2016,"Citizens Financial Group, Inc.",Banks,North America,United States,36.349999999999994,55.4725,52.1925,48.5725,20.02,5660350.0,0.009,0.0,0.0,0.7588,0.0,0.0,0.0,0.0,0.371,22.3632,0.0,32.8311,0.1886,1.4462,4979000000.0,865000000.0,1268000000.0,,,,1390000000.0,,Banks
CFG,2017,"Citizens Financial Group, Inc.",Banks,United States and Canada,United States,33.848,50.812,52.922000000000004,46.522000000000006,32.03,4265200.0,0.0091,0.0,0.0,0.7637,0.0,0.0,0.0,0.0,0.396,24.8724,0.0,35.9029,0.2299,1.7521,4824000000.0,840000000.0,1263000000.0,,,,1229000000.0,,Banks
CFG,2018,"Citizens Financial Group, Inc.",Banks,United States and Canada,United States,34.58,50.12,49.54999999999999,45.24,36.87,4363100.0,0.0094,0.0,0.0,0.8283,0.0,0.0,0.0,0.0,0.4334,29.8409,0.0,38.5534,0.2793,2.245,5255000000.0,1045000000.0,1534000000.0,,,,1490000000.0,,Banks
CFG,2019,"Citizens Financial Group, Inc.",Banks,United States and Canada,United States,41.92,51.78,48.85,47.71,32.65,3970700.0,0.0094,0.0,0.0,0.6353,0.0,0.0,0.0,0.0,0.3695,28.1067,0.0,36.6949,0.2732,2.1691,5707000000.0,1652000000.0,1912000000.0,,,,1883000000.0,,Banks
CHD,2010,Church & Dwight Co. Inc.,Household Products,North America,United States,48.0,55.0,66.0,55.0,14.03,1653000.0,0.206,1.88,33.9939,0.3619,17.202,0.0,44.5189,1.708,0.2198,10.58,17.202,16.1212,2.1719,3.8218,2422398000.0,195174000.0,340332000.0,971718000.0,,,336167000.0,,Household Products
CHD,2011,Church & Dwight Co. Inc.,Household Products,North America,United States,44.25,53.75,67.75,53.75,17.625,1430000.0,0.223,1.9687,33.6377,0.1225,17.73575,0.0,44.2083,1.7362000000000002,0.109,11.3552,17.73575,17.80325,2.532,3.8168,2520900000.0,243500000.0,412900000.0,1101000000.0,3118400000.0,,400900000.0,,Household Products
CHD,2012,Church & Dwight Co. Inc.,Household Products,North America,United States,49.0,53.0,66.0,54.5,23.255000000000003,1438900.0,0.20895,1.81025,34.870999999999995,0.2902,18.81285,0.0,44.0329,1.7668,0.1757,12.16765,18.81285,18.9045,2.49505,4.2783999999999995,2589200000.0,270700000.0,445000000.0,1157800000.0,2945200000.0,,428500000.0,,Household Products
CHD,2013,Church & Dwight Co. Inc.,Household Products,North America,United States,50.0,52.0,69.0,55.0,27.625,1139400.0,0.1931,1.6643,36.2214,0.3602,17.839,0.0,45.186,1.7088,0.2255,11.2084,17.839,16.922,2.1645,4.0341,2749300000.0,309600000.0,492600000.0,1214500000.0,3117600000.0,,437800000.0,,Household Products
CHD,2014,Church & Dwight Co. Inc.,Household Products,North America,United States,49.666666666666664,55.0,69.0,56.666666666666664,33.965,1197600.0,0.1985,1.1246,33.5771,0.517,18.9255,0.0,45.0144,1.9353,0.2471,12.3166,18.9255,18.4864,2.4454,5.0716,2921900000.0,349800000.0,545100000.0,1291400000.0,4098100000.0,,,,Household Products
CHD,2015,Church & Dwight Co. Inc.,Household Products,North America,United States,58.0,59.0,66.0,61.0,39.095,1206600.0,0.2043,1.0382,34.5359,0.519,19.3681,0.0,44.7668,1.738,0.2562,12.4886,19.3681,18.8759,2.5629,5.3924,3194300000.0,394400000.0,622200000.0,1438000000.0,4237300000.0,,,,Household Products
CHD,2016,Church & Dwight Co. Inc.,Household Products,North America,United States,58.125,58.175,67.5875,60.5075,44.004999999999995,1468400.0,0.2036,0.8824,28.6084,0.5379,19.9795,0.0,45.5357,1.6629,0.2583,12.7194,19.9795,19.4894,2.5892,5.5817,3297600000.0,413900000.0,641200000.0,1452900000.0,4359200000.0,,,,Household Products
CHD,2017,Church & Dwight Co. Inc.,Household Products,United States and Canada,United States,61.445,61.99666666666667,65.48333333333333,62.67666666666667,47.3,1467700.0,0.1718,1.0531,30.4477,1.0705,20.529,0.0,45.7016,1.6681,0.4867,13.7824,20.529,19.2334,2.241,6.8302,3394800000.0,410400000.0,674200000.0,1511800000.0,4256900000.0,,,,Household Products
CHD,2018,Church & Dwight Co Inc,Household Products,United States and Canada,United States,64.7375,65.9225,62.7,64.705,51.5,1806000.0,0.1742,0.8129,30.5224,0.8944,18.0007,0.0,44.2553,1.552,0.4339,13.2911,18.0007,16.3906,2.4517,5.8195,3493100000.0,459000000.0,724200000.0,1590600000.0,4354100000.0,,655300000.0,,Household Products
CHRW,2010,CH Robinson Worldwide Inc.,Transportation,North America,United States,44.0,41.0,59.0,47.0,47.025,1484350.0,0.929141999999999,1.8581,42.1867,0.0,6.8723,0.0,15.8068,0.0,0.0,4.2402,6.8723,6.8784,5.1692,8.7672,8578614000.0,359177000.0,571586000.0,,,,447579000.0,,Transportation
CHRW,2011,CH Robinson Worldwide Inc.,Transportation,North America,United States,37.75,45.75,65.5,47.75,58.485,1023200.0,0.929141999999999,1.8476,41.6883,0.0,6.6953,0.0,15.66355,0.0,0.0,4.243,6.6953,6.7488,5.1081,8.7478,7577189000.0,360830000.0,584811000.0,,,,372571000.0,,Transportation
CHRW,2012,CH Robinson Worldwide Inc.,Transportation,North America,United States,42.5,52.0,72.5,53.5,49.400000000000006,1146800.0,0.929141999999999,1.81755,42.93865,0.0,6.3786000000000005,0.0,14.99375,0.0,0.0,4.0387,6.3786000000000005,6.5037,5.1505,8.98805,9274305000.0,387026000.0,622860000.0,,,,344779000.0,,Transportation
CHRW,2015,CH Robinson Worldwide Inc.,Transportation,North America,United States,44.0,50.0,71.0,53.0,60.595,1368250.0,0.929141999999999,1.1739,43.3215,0.9642,6.6829,0.0,17.2136,0.0,0.3065,3.9423,6.6829,6.2961,4.0308,12.3243,12752076000.0,415904000.0,682650000.0,,,,347777000.0,,Transportation
CHRW,2016,CH Robinson Worldwide Inc.,Transportation,North America,United States,43.14666666666667,46.596666666666664,70.65,51.4,64.25,1358800.0,0.926,1.0932,45.0976,1.0258,6.2957,0.0,16.6419,0.0,0.2836,3.845,6.2957,6.0744,3.5214,10.1627,13470067000.0,449711000.0,748418000.0,,3214338000.0,,513426000.0,,Transportation
CHRW,2017,CH Robinson Worldwide Inc.,Transportation,United States and Canada,United States,36.25,41.43333333333333,69.08333333333333,46.53,68.52,1324600.0,0.929141999999999,1.2634,48.0465,1.0951,5.1385,0.0,15.6917,0.0,0.3563,3.1494,5.1385,4.8615,2.8544,8.7968,13476084000.0,509699000.0,858310000.0,,3184358000.0,,718336000.0,,Transportation
CHRW,2018,"C.H. Robinson Worldwide, Inc.",Transportation,United States and Canada,United States,39.7,42.61,65.05,47.2,85.84,1183500.0,0.929141999999999,1.8511,47.0333,0.904,5.7311,0.0,16.171,0.0,0.4613,4.0983,5.7311,5.579,3.5741,11.2277,13144413000.0,513384000.0,837531000.0,,3687758000.0,,529408000.0,,Transportation
CHRW,2019,"C.H. Robinson Worldwide, Inc.",Transportation,United States and Canada,United States,38.76,41.87,66.275,46.885,80.95,1085100.0,0.8317,1.8088,48.3576,0.7862,5.2147,0.0,16.4266,0.0,0.4282,3.8094,5.2147,4.8729,,8.7798,14869380000.0,504893000.0,775119000.0,,4235834000.0,,384001000.0,,Transportation
CHTR,2011,"Charter Communications, Inc.",Media,North America,United States,43.333333333333336,44.333333333333336,69.66666666666667,50.0,50.644999999999996,281050.0,0.1157,0.3099,12.5871,14.316985999999881,14.4493,0.0,56.2256,0.0,0.9357,-4.6987,14.4493,-0.7186,-0.5435,-9.947199999999999,,,,,,,,,Media
CHTR,2013,"Charter Communications, Inc.",Media,North America,United States,51.0,46.0,66.0,52.0,121.795,756050.0,0.1242,0.2583,9.9858,14.316985999999881,11.2197,0.0,34.3306,0.0,0.9953,-3.305,11.2197,-0.6138,-0.4058,-50.534578999999994,7204000000.0,-83000000.0,1041000000.0,,,,1737000000.0,,Media
CHTR,2016,Charter Communications Inc.,Media,North America,United States,50.24,43.25571428571429,65.19714285714285,50.48571428571428,232.14999999999998,1789100.0,0.0674,0.3216,12.5431,1.2189,9.0764,0.0,35.419,0.0,0.5409,4.4185,9.0764,2.6502,0.3817,1.1297,9108000000.0,54000000.0,971000000.0,,,,2359000000.0,,Media
CHTR,2017,Charter Communications Inc.,Media,United States and Canada,United States,40.4825,40.1025,60.74,45.3525,334.78,1444100.0,0.0706,0.3156,13.8795,1.4776,10.1574,0.0,36.5164,0.0,0.5892,1.3421,10.1574,2.3462,0.1327,0.42,10037000000.0,3067000000.0,1114000000.0,,,,2359000000.0,,Media
CHTR,2018,Charter Communications Inc,Media,United States and Canada,United States,42.21,40.75,59.66,45.84,310.48,1311900.0,0.0746,0.2257,13.8875,1.6024,12.6699,0.0,36.4349,0.0,0.6045,2.6356,12.6699,3.501,0.2318,0.8132,29003000000.0,3522000000.0,2456000000.0,,,,8041000000.0,,Media
CHTR,2019,Charter Communications Inc,Media,United States and Canada,United States,44.04,39.61,59.18,45.61,390.975,1062750.0,0.0788,0.3382,17.0419,1.8484,13.8515,0.0,36.1593,0.0,0.6379,3.3799,13.8515,5.179,,1.1525,41581000000.0,9895000000.0,4106000000.0,,,,11954000000.0,,Media
CI,2010,Cigna Corp.,Healthcare,North America,United States,46.0,44.0,61.5,49.5,34.485,3194500.0,0.1161,0.0,0.0,0.4372,8.8112,0.0,0.0,0.0,0.279,5.8299,8.8112,8.8112,0.6699,4.9241,,,,,,,,,Healthcare
CI,2011,Cigna Corp.,Healthcare,North America,United States,51.5,45.0,77.0,55.5,43.55,2717700.0,0.1171,0.0,0.0,0.4257,8.0944,0.0,0.0,0.0,0.2764,5.1152,8.0944,8.0944,0.5385,3.4151,,,,,,,,,Healthcare
CI,2012,Cigna Corp.,Healthcare,North America,United States,55.0,46.5,74.0,56.5,45.53,2422550.0,0.1377,0.0,0.0,0.56225,8.148150000000001,0.0,0.0,0.0,0.3497,5.43025,8.148150000000001,8.148150000000001,0.7335,4.27275,,,,,,,,,Healthcare
CI,2013,Cigna Corp.,Healthcare,North America,United States,60.0,47.0,70.0,57.0,72.715,1561350.0,0.1493,0.0,0.0,0.5302,9.6115,0.0,0.0,0.0,0.3377,6.3283,9.6115,9.6115,0.94,5.1765,,,,,,,,,Healthcare
CI,2014,Cigna Corp.,Healthcare,North America,United States,65.0,46.0,70.0,58.0,101.505,1426750.0,0.1598,0.0,0.0,0.4751,8.1989,0.0,0.0,0.0,0.3158,5.2307,8.1989,8.1989,0.8269,4.2821,,,,,,,,,Healthcare
CI,2015,Cigna Corp.,Healthcare,North America,United States,60.0,45.0,70.0,56.5,134.91,1563600.0,0.1661,0.0,0.0,0.4416,9.3514,0.0,0.0,0.0,0.3002,5.826,9.3514,9.3514,0.9559,4.6153,,,,,,,,,Healthcare
CI,2016,Cigna Corp.,Healthcare,North America,United States,65.2875,56.115,72.56,63.34,132.29500000000002,1225350.0,0.1674,0.0,0.0,0.3666,7.5101,0.0,0.0,0.0,0.2573,4.6154,7.5101,7.5101,0.7439,3.2327,,,,,,,,,Healthcare
CI,2017,Cigna Corp.,Healthcare,United States and Canada,United States,73.65799999999999,59.694,70.372,66.386,169.49,1263100.0,0.1689,0.0,0.0,0.3781,10.5011,0.0,0.0,0.0,0.2691,5.3389,10.5011,7.8558,0.9074,3.9731,,,,,,,,,Healthcare
CI,2018,Cigna Corp,Healthcare,United States and Canada,United States,75.5,52.76,67.57,62.89,188.11,2098100.0,0.1381,0.0,0.0,1.0352,9.8804,0.0,0.0,0.0,0.4906,6.7382,9.8804,9.0163,1.2805,4.9759,39838000000.0,1843000000.0,3088000000.0,,,,4026000000.0,0.0,Healthcare
CINF,2010,Cincinnati Financial Corp.,Insurance,North America,United States,32.0,41.0,46.0,39.0,19.175,1005400.0,0.062,0.0,0.0,0.1701,19.765,0.0,0.0,0.0,0.1454,13.2479,19.765,18.2692,0.8215,2.4642,3824000000.0,429000000.0,540000000.0,,,,484000000.0,,Insurance
CINF,2011,Cincinnati Financial Corp.,Insurance,North America,United States,35.5,42.25,49.5,42.0,21.520000000000003,1132050.0,0.0613,0.0,0.0,0.1838,2.5424,0.0,0.0,0.0,0.1553,2.0127,2.5424,1.1653,0.1233,0.397,3903000000.0,432000000.0,582000000.0,,,,525000000.0,,Insurance
CINF,2012,Cincinnati Financial Corp.,Insurance,North America,United States,35.0,49.0,51.0,45.0,28.4,805000.0,0.06309999999999999,0.0,0.0,0.17695,14.4088,0.0,0.0,0.0,0.1503,9.72335,14.4088,13.0225,0.6052,1.86145,3772000000.0,375000000.0,498000000.0,,,,531000000.0,,Insurance
CINF,2013,Cincinnati Financial Corp.,Insurance,North America,United States,35.333333333333336,50.333333333333336,50.666666666666664,46.0,37.72,577700.0,0.0664,0.0,0.0,0.1609,15.4437,0.0,0.0,0.0,0.1386,10.4096,15.4437,14.2492,0.6907,2.0099,3803000000.0,164000000.0,173000000.0,,,,247000000.0,,Insurance
CINF,2014,Cincinnati Financial Corp.,Insurance,North America,United States,42.0,53.0,51.0,49.0,42.224999999999994,520350.0,0.0673,0.0,0.0,0.1325,19.7306,0.0,0.0,0.0,0.117,13.233,19.7306,18.7005,0.8908,2.5407,4111000000.0,421000000.0,566000000.0,,,,638000000.0,,Insurance
CINF,2016,Cincinnati Financial Corp.,Insurance,North America,United States,45.019999999999996,53.457499999999996,52.96,50.75,62.235,573400.0,0.068,0.0,0.0,0.1198,13.0562,0.0,0.0,0.0,0.107,8.9716,13.0562,12.108,0.6104,1.7645,4945000000.0,525000000.0,721000000.0,,,,873000000.0,,Insurance
CINF,2017,Cincinnati Financial Corporation,Insurance,United States and Canada,United States,46.56,51.825,52.097500000000004,50.3525,66.41,468700.0,0.0653,0.0,0.0,0.1121,10.1732,0.0,0.0,0.0,0.1008,7.2238,10.1732,9.2352,0.4724,1.3563,5142000000.0,634000000.0,881000000.0,,,,1075000000.0,,Insurance
CINF,2018,Cincinnati Financial Corp,Insurance,United States and Canada,United States,48.58,52.49,49.64,50.23,70.0,500500.0,0.0716,0.0,0.0,0.1106,17.7792,0.0,0.0,0.0,0.0996,13.9281,17.7792,16.9448,0.9972,2.7413,5449000000.0,591000000.0,812000000.0,,,,1115000000.0,,Insurance
CINF,2019,Cincinnati Financial Corp,Insurance,United States and Canada,United States,48.17,52.49,49.64,50.11,101.21000000000001,584750.0,0.0786,0.0,0.0,0.0944,28.3847,0.0,0.0,0.0,0.0863,22.3732,28.3847,27.7052,,4.6873,5732000000.0,1045000000.0,730000000.0,,,,1052000000.0,,Insurance
CL,2010,Colgate-Palmolive Co.,Household Products,North America,United States,45.25,59.75,62.25,54.5,31.035,5169600.0,0.3561,1.2881,37.6141,1.2029,24.2962,0.0,59.0749,1.2616,0.5391,15.6987,24.2962,23.9665,5.8271,23.8456,3998000000.0,590000000.0,,2367000000.0,,,,509034801.0,Household Products
CL,2011,Colgate-Palmolive Co.,Household Products,North America,United States,54.0,56.333333333333336,70.66666666666667,58.333333333333336,34.59,5115800.0,0.33135000000000003,1.0406,36.1338,1.6571,23.1302,0.0,57.3586,1.3406,0.5676,14.6703,23.1302,22.8674,4.9998000000000005,23.554,3943000000.0,619000000.0,,2344000000.0,,,,501412580.0,Household Products
CL,2012,Colgate-Palmolive Co.,Household Products,North America,United States,65.0,61.0,67.8,64.0,42.295,3450200.0,0.3227,1.2868,38.114850000000004,2.06335,23.0138,0.0,58.20165,1.30375,0.6584,14.6942,23.0138,22.8732,5.0559,26.16875,4383000000.0,643000000.0,,2462000000.0,,,,494165017.0,Household Products
CL,2013,Colgate-Palmolive Co.,Household Products,North America,United States,69.0,71.0,65.0,69.0,50.025,2894450.0,0.3222,1.0769,35.5457,2.6328,20.8468,0.0,58.7767,1.2583,0.6997,12.9328,20.8468,20.9618,4.4784,33.4812,4332000000.0,654000000.0,,2529000000.0,,,,989700934.0,Household Products
CL,2014,Colgate-Palmolive Co.,Household Products,North America,United States,66.0,68.0,65.0,66.25,59.215,2799650.0,0.3136,1.2324,33.0917,4.439,23.5726,0.0,58.6354,1.2634,0.803,14.878,23.5726,23.4779,4.9484,48.0866,4398000000.0,656000000.0,,2585000000.0,,,,960036150.0,Household Products
CL,2015,Colgate-Palmolive Co.,Household Products,North America,United States,70.0,62.0,65.0,66.0,59.445,2957650.0,0.2977,1.2405,35.1313,8.8283,22.9218,0.0,58.6897,1.2937,0.9174,14.1171,22.9218,22.7742,4.5095,115.96061349999727,4379000000.0,622000000.0,,2558000000.0,,,,935728676.0,Household Products
CL,2016,Colgate-Palmolive Co.,Household Products,North America,United States,75.426,62.848,68.19000000000001,68.588,63.825,3012350.0,0.3069,1.0234,36.3072,14.316985999999881,27.6959,0.0,60.0983,1.2588,0.994,16.2859,27.6959,25.1008,5.1802,115.96061349999727,4070000000.0,726000000.0,,2392000000.0,,,,919946575.0,Household Products
CL,2017,Colgate-Palmolive Co.,Household Products,United States and Canada,United States,81.79,62.455,71.23,71.42,67.16,3106100.0,0.307,1.2289,34.6502,14.316985999999881,24.0815,0.0,59.9648,1.2809,0.9643,13.6958,24.0815,22.6472,4.4515,115.96061349999727,3867000000.0,702000000.0,,2324000000.0,,,,906712145.0,Household Products
CL,2018,Colgate-Palmolive Co.,Household Products,United States and Canada,United States,81.3,63.346666666666664,70.96666666666665,71.53833333333334,62.39,3947300.0,0.3072,1.1052,35.7823,-8.848264,23.3797,0.0,59.1183,1.264,1.0105,15.9013,23.3797,21.8315,5.1582,-50.534578999999994,3974000000.0,607000000.0,,2383000000.0,,,,892738518.0,Household Products
CL,2019,Colgate-Palmolive Co,Household Products,United States and Canada,United States,82.32,62.52,70.94,71.56,67.05000000000001,3370100.0,0.2671,1.0349,34.2541,14.0627,22.9695,0.0,59.7,1.1758,0.9777,15.1578,22.9695,21.2882,,115.96061349999727,4002000000.0,637000000.0,,2408000000.0,,,,883108963.0,Household Products
CLX,2011,The Clorox Company,Household Products,North America,United States,57.0,70.5,71.0,65.5,51.695,1145350.0,0.3201,0.95665,31.8826,-8.848264,16.092,0.0,41.8391,1.8649,1.04115,9.9617,16.092,14.3295,3.1886,-50.534578999999994,5158000000.0,537000000.0,,2204000000.0,,,738000000.0,,Household Products
CLX,2012,The Clorox Company,Household Products,North America,United States,62.75,70.75,72.0,68.0,57.01,815400.0,0.30685,0.84415,33.8341,-8.848264,16.9656,0.0,42.6996,1.8147,1.04085,9.9402,16.9656,14.4993,2.9285,-50.534578999999994,5234000000.0,603000000.0,,2319000000.0,,,819000000.0,,Household Products
CLX,2013,The Clorox Company,Household Products,North America,United States,67.0,76.0,74.0,72.0,69.815,823700.0,0.3123,1.2522,34.3349,14.316985999999881,17.796,0.0,43.4847,1.7289,0.937,10.1266,17.796,15.7111,3.2318,115.96061349999727,5231000000.0,557000000.0,,2273000000.0,,,698000000.0,,Household Products
CLX,2014,The Clorox Company,Household Products,North America,United States,72.66666666666667,74.66666666666667,75.66666666666667,74.0,85.50999999999999,1027300.0,0.2878,1.0923,31.6506,9.5089,16.4312,0.0,42.5279,1.7332,0.8646,9.2937,16.4312,14.6468,2.7386,45.5516,5468000000.0,541000000.0,,2304000000.0,,,612000000.0,,Household Products
CLX,2015,The Clorox Company,Household Products,North America,United States,74.25,73.0,79.25,75.0,95.67500000000001,774500.0,0.3394,1.0437,30.5612,14.316985999999881,19.2036,0.0,44.964,1.875,0.9379,12.2672,19.2036,18.5613,4.2247,115.96061349999727,1366000000.0,137000000.0,,,,,,,Household Products
CLX,2016,The Clorox Company,Household Products,North America,United States,76.92999999999999,68.86666666666666,80.75,74.66000000000001,112.945,975450.0,0.3231,0.9304,32.0063,8.3287,19.3457,0.0,44.7368,1.7269,0.8576,10.5974,19.3457,16.1451,3.6585,55.5556,1401000000.0,174000000.0,,,,,,,Household Products
CLX,2017,The Clorox Company,Household Products,United States and Canada,United States,77.505,61.144999999999996,75.85,70.55,123.04,731700.0,0.3261,1.1047,31.86,3.7162,19.49,0.0,44.8667,1.79,0.7196,12.8,19.49,17.9114,4.4172,32.4324,5533000000.0,572000000.0,,2391000000.0,4302000000.0,,,,Household Products
CLX,2018,The Clorox Company,Household Products,United States and Canada,United States,76.47666666666667,65.505,68.91666666666667,70.20166666666667,130.65,1020300.0,0.309,1.0925,32.2607,3.4201,18.874,0.0,43.6524,1.7052,0.7588,12.8326,18.874,17.1465,4.1518,29.8898,5514000000.0,558000000.0,,2356000000.0,4251000000.0,,,,Household Products
CLX,2019,The Clorox Company,Household Products,United States and Canada,United States,75.60499999999999,61.63,66.35,67.705,148.77499999999998,894500.0,0.279,0.8683,33.7888,4.9745,18.9243,0.0,44.0994,1.6726,0.8048,13.4794,18.9243,17.1315,,36.9091,5655000000.0,580000000.0,,2465000000.0,4154000000.0,,,,Household Products
CMA,2010,Comerica Incorporated,Banks,North America,United States,45.333333333333336,48.0,46.0,46.333333333333336,29.68,2691300.0,0.009,0.0,0.0,1.2687,0.0,0.0,0.0,0.0,0.5528,14.0816,0.0,18.9796,0.1253,1.2086,,,,,,,,,Banks
CMA,2011,Comerica Incorporated,Banks,North America,United States,48.0,63.5,53.5,55.5,26.994999999999997,3289400.0,0.01,0.0,0.0,0.7442,0.0,0.0,0.0,0.0,0.4188,16.4686,0.0,21.3922,0.161,1.4099,,,,,,,,,Banks
CMA,2012,Comerica Incorporated,Banks,North America,United States,56.0,67.0,56.0,60.0,24.634999999999998,2331950.0,0.01,0.0,0.0,0.6865,0.0,0.0,0.0,0.0,0.4029,20.01735,0.0,29.608,0.20450000000000002,1.8740999999999999,,,,,,,,,Banks
CMA,2013,Comerica Incorporated,Banks,North America,United States,59.0,77.0,58.0,65.0,32.77,1697650.0,0.0098,0.0,0.0,0.54,0.0,0.0,0.0,0.0,0.3384,22.6324,0.0,33.2263,0.2272,2.0692,,,,,,,,,Banks
CMA,2014,Comerica Incorporated,Banks,North America,United States,65.0,75.0,61.0,67.0,39.8,1588800.0,0.0091,0.0,0.0,0.3771,0.0,0.0,0.0,0.0,0.2655,23.6045,0.0,34.9282,0.2154,2.013,,,,,,,,,Banks
CMA,2015,Comerica Incorporated,Banks,North America,United States,64.0,71.0,54.333333333333336,63.0,38.975,1855900.0,0.009,0.0,0.0,0.4075,0.0,0.0,0.0,0.0,0.288,20.4268,0.0,30.3354,0.1915,1.7843,,,,,,,,,Banks
CMA,2016,Comerica Incorporated,Banks,North America,United States,59.457499999999996,66.57,57.7725,61.2125,39.224999999999994,2303950.0,0.0094,0.0,0.0,0.7638,0.0,0.0,0.0,0.0,0.4325,20.9632,0.0,30.17,0.201,1.9283,,,,,,,,,Banks
CMA,2017,Comerica Incorporated,Banks,United States and Canada,United States,59.21,63.57,57.24,59.855000000000004,63.59,1549700.0,0.0111,0.0,0.0,0.6405,0.0,0.0,0.0,0.0,0.3673,26.614,0.0,40.5904,0.2841,2.813,,,,,,,,,Banks
CMA,2018,Comerica Incorporated,Banks,United States and Canada,United States,55.83,64.23,50.96,56.675,84.87,1630100.0,0.012,0.0,0.0,0.8351,0.0,0.0,0.0,0.0,0.4518,37.3702,0.0,47.1698,0.4451,4.0843,,,,,,,,,Banks
CMA,2019,Comerica Incorporated,Banks,United States and Canada,United States,56.25,64.45,50.43,56.67,66.55,1673450.0,0.0111,0.0,0.0,1.0225,0.0,0.0,0.0,0.0,0.498,35.9356,0.0,46.0967,,4.0556,,,,,,,,,Banks
CMCSA,2018,Comcast Corp,Media,United States and Canada,United States,51.7225,59.085,62.239999999999995,58.0325,33.77,21982500.0,0.1106,0.9583,36.5245,1.0075,21.8478,0.0,40.5692,0.0,0.4907,13.0382,21.8478,17.5966,1.6639,4.003,,,,,,,,,Media
CMCSA,2019,Comcast Corp,Media,United States and Canada,United States,54.84,60.93,63.23,59.98,41.815,16549000.0,0.1047,0.8382,35.843,1.3397,19.9053,0.0,38.8452,0.0,0.5654,11.6353,19.9053,15.1452,,4.1154,,,,,,,,,Media
CME,2010,CME Group Inc.,Diversified Financials,North America,United States,44.0,57.0,55.666666666666664,52.333333333333336,38.825,3081500.0,0.0218,1.1045,36.5794,0.1269,53.097118999999736,0.0,100.0,0.0,0.0956,33.2596,53.097118999999736,55.153459999999995,0.7252,1.2276,2561000000.0,715500000.0,1582200000.0,,,,1197200000.0,,Diversified Financials
CME,2011,CME Group Inc.,Diversified Financials,North America,United States,47.5,57.0,57.5,54.0,37.68,2649750.0,0.0225,1.1476,38.0405,0.10085,53.097118999999736,0.0,100.0,0.0,0.0916,36.1588,53.097118999999736,55.153459999999995,0.8306,1.5098,2612800000.0,825800000.0,1589100000.0,,,,1083100000.0,,Diversified Financials
CME,2012,CME Group Inc.,Diversified Financials,North America,United States,55.0,59.0,61.5,58.5,37.845,2185500.0,0.0184,1.194,38.604,0.1147,53.097118999999736,0.0,100.0,0.0,0.0888,31.33945,53.097118999999736,55.153459999999995,0.6085,1.0901999999999998,3003700000.0,951400000.0,1831100000.0,,,,1359600000.0,,Diversified Financials
CME,2013,CME Group Inc.,Diversified Financials,North America,United States,56.0,60.0,65.0,60.0,53.15,1738100.0,0.0146,1.047,39.6018,0.1308,53.097118999999736,0.0,100.0,0.0,0.0875,33.1234,53.097118999999736,55.153459999999995,0.4824,1.0752,3280600000.0,1812300000.0,2021100000.0,,,,1346300000.0,,Diversified Financials
CME,2014,CME Group Inc.,Diversified Financials,North America,United States,56.0,61.0,62.5,59.5,66.225,1513750.0,0.0116,1.0244,36.5093,0.1007,53.097118999999736,0.0,100.0,0.0,0.0915,36.4404,53.097118999999736,55.153459999999995,0.4243,1.4649,2914600000.0,896300000.0,1692000000.0,,,,1219700000.0,,Diversified Financials
CME,2015,CME Group Inc.,Diversified Financials,North America,United States,55.0,60.0,56.0,56.666666666666664,76.705,1346250.0,0.0111,1.0375,39.5699,0.1054,53.097118999999736,0.0,100.0,0.0,0.0954,35.8442,53.097118999999736,55.153459999999995,0.4331,1.4193,2936300000.0,976800000.0,1637000000.0,,,,1280500000.0,,Diversified Financials
CME,2016,CME Group Inc.,Diversified Financials,North America,United States,45.67666666666667,56.17666666666667,53.28666666666667,52.01333333333333,84.00999999999999,1444250.0,0.0133,1.0441,42.3108,0.1058,53.097118999999736,0.0,100.0,0.0,0.0957,40.9026,53.097118999999736,55.153459999999995,0.5383,1.8357,3112500000.0,1127100000.0,1768400000.0,,,,1291400000.0,,Diversified Financials
CME,2017,CME Group Inc.,Diversified Financials,United States and Canada,United States,42.055,58.1025,54.6875,51.99,111.74,1257700.0,0.0118,1.0383,39.4331,0.107,53.097118999999736,0.0,100.0,0.0,0.0967,41.736046,53.097118999999736,55.153459999999995,0.5294,2.0013,3326800000.0,1247000000.0,1988700000.0,,,,1532500000.0,,Diversified Financials
CME,2018,CME Group Inc,Diversified Financials,United States and Canada,United States,48.34,59.91,51.65,53.305,156.67,1530500.0,0.0153,1.0839,38.4506,0.1479,53.097118999999736,0.0,100.0,0.0,0.1285,41.736046,53.097118999999736,55.153459999999995,0.8181,1.7677,3595200000.0,1534100000.0,2200500000.0,,,,1732000000.0,,Diversified Financials
CME,2019,CME Group Inc,Diversified Financials,United States and Canada,United States,47.795,60.004999999999995,51.575,53.14,191.68,1345100.0,0.0161,1.0424,38.8809,0.1445,53.097118999999736,0.0,100.0,0.0,0.1262,41.2421,53.097118999999736,55.153459999999995,,1.943,3644700000.0,4063400000.0,2310600000.0,,,,1751100000.0,,Diversified Financials
CMG,2010,"Chipotle Mexican Grill, Inc.",Consumer Services,North America,United States,52.0,56.0,68.0,57.5,144.865,620600.0,0.4619,3.3394,2.7436,0.0001,16.0567,0.0,26.859,21.25183049999997,0.0,9.9522,16.0567,16.1299,4.6041,6.1947,,78202000.0,124039000.0,,,,198507000.0,,Consumer Services
CMG,2011,"Chipotle Mexican Grill, Inc.",Consumer Services,North America,United States,43.666666666666664,45.333333333333336,70.33333333333333,50.666666666666664,293.095,790250.0,0.4406,3.7792,1.2652,0.0001,15.7299,0.0,26.0895,21.25183049999997,0.0,9.631,15.7299,15.7993,4.0323,5.5039,,126845000.0,203705000.0,,,,260673000.0,,Consumer Services
CMG,2012,"Chipotle Mexican Grill, Inc.",Consumer Services,North America,United States,39.666666666666664,51.333333333333336,68.66666666666667,50.666666666666664,359.275,570650.0,0.41910000000000003,4.12735,5.53615,0.0001,16.7963,0.0,27.3796,21.25183049999997,0.0,10.3208,16.7963,16.8744,4.2375,5.5291,,178981000.0,287831000.0,,,,289191000.0,,Consumer Services
CMG,2013,"Chipotle Mexican Grill, Inc.",Consumer Services,North America,United States,49.0,58.0,71.0,57.0,376.81,347700.0,0.4326,3.3444,1.6485,0.0,16.5864,0.0,26.7874,21.25183049999997,0.0,10.0832,16.5864,16.6789,4.3621,5.6885,,214945000.0,350562000.0,,,,411096000.0,,Consumer Services
CMG,2014,"Chipotle Mexican Grill, Inc.",Consumer Services,North America,United States,48.0,59.5,66.5,56.5,656.8399999999999,364650.0,0.4233,3.4981,4.318,0.0,17.5613,0.0,26.6261,21.25183049999997,0.0,11.3323,17.5612,17.644,4.7969,6.0244,,278000000.0,455865000.0,,,,,,Consumer Services
CMG,2015,"Chipotle Mexican Grill, Inc.",Consumer Services,North America,United States,49.25,58.25,65.5,56.5,663.44,441000.0,0.4128,3.7899,2.784,0.0,18.9864,0.0,27.9787,21.25183049999997,0.0,11.7053,18.9864,19.1319,4.9148,6.0331,,327438000.0,532720000.0,,,,,,Consumer Services
CMG,2016,"Chipotle Mexican Grill, Inc.",Consumer Services,North America,United States,49.696000000000005,49.382,68.05600000000001,54.172000000000004,419.78,1071600.0,0.5017,1.6776,4.0024,0.0,2.953,0.0,14.1461,21.25183049999997,0.0,1.5441,2.9529,3.0098,0.7885,1.139,,445374000.0,710800000.0,,,,,,Consumer Services
CMG,2017,"Chipotle Mexican Grill, Inc.",Consumer Services,United States and Canada,United States,50.46,50.330000000000005,68.38333333333334,54.89333333333334,396.95,926100.0,0.5464,2.0282,2.9404,0.0,5.4075,0.0,16.0569,21.25183049999997,0.0,3.945,5.4075,5.537,2.1407,3.2096,,475602000.0,763589000.0,,,,,,Consumer Services
CMG,2018,Chipotle Mexican Grill Inc,Consumer Services,United States and Canada,United States,49.85666666666666,48.97,64.58333333333333,53.22666666666667,436.44,705700.0,0.5491,1.969,3.982,0.0,4.7339,0.0,18.6734,21.25183049999997,0.0,3.1187,4.7339,4.9374,2.2026,2.6607,3904384000.0,66730000.0,106725000.0,,,,355160000.0,,Consumer Services
CMG,2019,Chipotle Mexican Grill Inc,Consumer Services,United States and Canada,United States,49.13,48.97,64.85,53.0,737.54,473250.0,0.2843,1.5182,3.4182,0.0,8.2369,0.0,20.7942,21.25183049999997,0.0,6.3468,8.2369,8.5511,,5.9184,4476412000.0,176253000.0,270794000.0,,,,468216000.0,35852000.0,Consumer Services
CMI,2010,Cummins Inc.,Machinery,North America,United States,41.0,59.0,58.0,52.0,56.84,2577350.0,0.3483,1.9398,57.5686,0.1817,12.6842,0.0,23.7739,1.4861,0.1385,8.3211,12.6842,12.805,3.1301,6.8758,14342000000.0,755000000.0,1272000000.0,2940000000.0,8519000000.0,,987000000.0,,Machinery
CMI,2011,Cummins Inc.,Machinery,North America,United States,54.666666666666664,69.66666666666667,72.66666666666667,64.66666666666667,78.795,2815700.0,0.4091,1.902,51.8677,0.1343,14.4762,0.0,25.6809,1.5046,0.1071,10.3261,14.4762,14.50025,4.4549,9.12365,10800000000.0,484000000.0,682000000.0,2169000000.0,8816000000.0,,,,Machinery
CMI,2012,Cummins Inc.,Machinery,North America,United States,73.25,66.5,70.0,69.5,80.33,2212550.0,0.3539,2.08995,53.49055,0.1172,13.231,0.0,26.0462,1.2561,0.09154999999999999,9.3859,13.231,13.1805,3.54565,6.588900000000001,13226000000.0,1140000000.0,1602000000.0,3168000000.0,10402000000.0,,,,Machinery
CMI,2013,Cummins Inc.,Machinery,North America,United States,81.66666666666667,62.666666666666664,70.0,72.33333333333333,95.94,1466550.0,0.3115,2.515,54.5967,0.2211,12.2832,0.0,25.3399,1.3624,0.1752,9.1492,12.2832,12.3769,3.1301,5.8577,18048000000.0,1946000000.0,2681000000.0,4589000000.0,11668000000.0,,,,Machinery
CMI,2014,Cummins Inc.,Machinery,North America,United States,73.0,63.0,70.0,68.0,120.535,1559800.0,0.3229,2.2519,52.0904,0.2083,11.4145,0.0,25.0098,1.3318,0.1631,8.723,11.4145,12.0236,2.9624,5.7704,17334000000.0,1738000000.0,2254000000.0,4416000000.0,12548000000.0,,,,Machinery
CMI,2015,Cummins Inc.,Machinery,North America,United States,72.0,63.0,70.0,68.0,111.00999999999999,1658650.0,0.3149,2.2213,61.4118,0.2046,12.0563,0.0,26.1472,1.2334,0.1648,8.2251,12.0563,12.1429,2.4815,4.8509,17301000000.0,1588000000.0,2101000000.0,4280000000.0,14728000000.0,,,,Machinery
CMI,2016,Cummins Inc.,Machinery,North America,United States,73.035,69.19,66.69666666666667,70.10833333333333,102.36,1673300.0,0.3,1.8092,60.4597,0.26,10.1932,0.0,25.7702,1.1991,0.1799,8.3944,10.1932,11.2814,2.6381,5.5199,19221000000.0,1736000000.0,2365000000.0,4861000000.0,15764000000.0,,2266000000.0,,Machinery
CMI,2017,Cummins Inc.,Machinery,United States and Canada,United States,70.0,73.36749999999999,65.545,70.065,143.56,1184500.0,0.303,1.5728,62.9717,0.2457,11.54,0.0,25.1278,1.2834,0.1628,8.3497,11.54,11.7692,2.54,5.3382,19110000000.0,1470000000.0,2057000000.0,4947000000.0,15134000000.0,,2065000000.0,,Machinery
CMI,2018,Cummins Inc,Machinery,United States and Canada,United States,70.82666666666667,70.24333333333333,66.25666666666666,69.48,135.97,1426400.0,0.3214,1.5379,59.5003,0.3005,11.9328,0.0,25.2367,1.2184,0.162,9.4515,11.9328,11.6601,2.9289,7.3859,17509000000.0,1456000000.0,1880000000.0,4458000000.0,15011000000.0,,1939000000.0,,Machinery
CMI,2019,Cummins Inc,Machinery,United States and Canada,United States,69.015,64.09,69.84,67.495,155.34,1151550.0,0.2835,1.5209,60.4581,0.2796,12.1186,0.0,25.9015,1.1756,0.1561,10.7836,12.1186,13.0895,,7.0376,20428000000.0,994000000.0,2334000000.0,5100000000.0,18075000000.0,,2277000000.0,,Machinery
CMS,2010,CMS Energy Corp.,Utilities,North America,United States,48.0,64.0,69.0,58.0,11.12,3184200.0,0.0927,1.3652,49.097,2.5241,19.5522,0.0,50.4478,0.6165,0.6882,5.9701,19.5522,11.8657,0.6644,3.6311,6807000000.0,295000000.0,794000000.0,,,,557000000.0,,Utilities
CMS,2011,CMS Energy Corp.,Utilities,North America,United States,47.666666666666664,63.666666666666664,69.0,57.666666666666664,14.35,2588600.0,0.0917,1.2918,45.567,2.3803,15.176,0.0,48.9736,0.7183,0.6689,7.3314,15.176,9.1784,0.7418499999999999,3.94975,6205000000.0,229000000.0,698000000.0,,15256000000.0,,848000000.0,,Utilities
CMS,2012,CMS Energy Corp.,Utilities,North America,United States,56.0,64.16666666666667,74.83333333333333,62.666666666666664,17.810000000000002,2256200.0,0.0907,1.2973,43.64919999999999,2.2765,19.5049,0.0,54.0135,0.5827,0.6759999999999999,7.5019,19.5049,12.6032,0.6199,3.2013,6432000000.0,340000000.0,978000000.0,,15616000000.0,,959000000.0,,Utilities
CMS,2013,CMS Energy Corp.,Utilities,North America,United States,60.0,69.66666666666667,79.0,67.66666666666667,21.53,2237600.0,0.0851,1.379,47.9032,2.261,16.5007,0.0,51.4225,0.8229,0.6747,5.8756,16.5007,9.6017,0.5857,2.9218,6503000000.0,417000000.0,1003000000.0,,16452000000.0,,1169000000.0,,Utilities
CMS,2014,CMS Energy Corp.,Utilities,North America,United States,65.4,81.0,83.2,74.4,27.384999999999998,2089650.0,0.0916,1.3332,45.6655,2.3574,15.529,0.0,48.4642,0.9869,0.6871,5.4608,15.529,8.6462,0.5056,2.6167,6253000000.0,382000000.0,1003000000.0,,17131000000.0,,,,Utilities
CMS,2015,CMS Energy Corp.,Utilities,North America,United States,65.6,76.2,81.2,72.8,29.475,2561100.0,0.0743,1.1874,45.4,2.2495,17.23,0.0,55.1852,0.8792,0.679,7.0245,17.23,11.0669,0.5271,2.6918,6566000000.0,452000000.0,1142000000.0,,17290000000.0,,,,Utilities
CMS,2016,CMS Energy Corp.,Utilities,North America,United States,71.02,78.7525,82.75,76.27,36.59,2049950.0,0.0758,0.9713,40.372,2.3073,20.0584,0.0,58.034,1.0017,0.6721,9.0445,20.0584,13.3479,0.6109,2.9812,7179000000.0,477000000.0,1152000000.0,,19143000000.0,,,,Utilities
CMS,2017,CMS Energy Corp.,Utilities,United States and Canada,United States,70.75999999999999,83.645,82.125,77.4625,42.37,1725000.0,0.069,0.9381,42.1118,2.2596,21.3161,0.0,56.8054,1.0825,0.672,6.3492,21.3161,12.4859,0.4253,2.0731,6456000000.0,523000000.0,1178000000.0,,20299000000.0,,1640000000.0,,Utilities
CMS,2018,CMS Energy Corp,Utilities,United States and Canada,United States,71.68333333333334,86.25999999999999,79.01666666666667,77.88666666666667,44.01,2496300.0,0.0669,0.9018,43.5523,2.3389,17.0912,0.0,57.1716,1.1211,0.6651,9.3164,17.0912,11.059,0.7067,2.973,6399000000.0,551000000.0,1256000000.0,,21622000000.0,,1629000000.0,,Utilities
CMS,2019,CMS Energy Corp,Utilities,United States and Canada,United States,71.08,84.7,79.15,77.18,56.15,1932100.0,0.0594,0.9447,45.2758,2.6206,17.3259,0.0,61.1699,1.0815,0.7041,9.3036,17.3259,11.4206,,3.3234,6583000000.0,460000000.0,1338000000.0,,23050000000.0,,1705000000.0,,Utilities
CNC,2015,Centene Corp.,Healthcare,North America,United States,53.0,47.0,66.0,54.0,31.655,2710400.0,0.795,1.0093,19.8059,0.5897,3.1438,0.0,12.1141,0.0,0.3699,1.5983,3.1438,3.1239,1.2701,4.5361,10863000000.0,165000000.0,277000000.0,,3519000000.0,,382000000.0,,Healthcare
CNC,2016,Centene Corp.,Healthcare,North America,United States,50.65714285714285,44.47571428571428,66.36714285714287,52.59142857142857,30.98,3519600.0,0.5589,0.891,28.5866,0.8017,3.4597,0.0,13.7561,0.0,0.3971,1.5601,3.4597,3.2761,0.872,3.0686,16560000000.0,271000000.0,464000000.0,,5824000000.0,,1223000000.0,,Healthcare
CNC,2017,Centene Corp.,Healthcare,United States and Canada,United States,50.14333333333334,44.76666666666667,53.92666666666667,48.86000000000001,40.56,2990000.0,0.5473,0.995,29.3701,0.7096,2.8576,0.0,11.8339,0.0,0.4149,1.796,2.8576,2.74,1.0204,3.2488,22760000000.0,355000000.0,705000000.0,,7339000000.0,,658000000.0,,Healthcare
CNC,2018,Centene Corporation,Healthcare,United States and Canada,United States,51.63666666666666,39.449999999999996,49.699999999999996,45.57333333333333,61.85,2608600.0,0.5194,1.0272,25.8454,0.5938,2.3431,0.0,13.7066,0.0,0.3724,1.4554,2.3431,2.1559,1.0403,2.1883,37579000000.0,562000000.0,1263000000.0,,20197000000.0,,1851000000.0,,Healthcare
CNP,2010,"CenterPoint Energy, Inc.",Utilities,North America,United States,42.0,59.0,73.0,55.0,9.24,3515200.0,0.0984,0.7757,37.9245,2.9779,14.9772,0.0,55.6948,2.5677,0.7332,5.9104,14.9772,7.817,0.6166,3.8774,11322000000.0,446000000.0,1273000000.0,,19676000000.0,,851000000.0,,Utilities
CNP,2011,"CenterPoint Energy, Inc.",Utilities,North America,United States,41.75,60.0,75.25,55.5,12.934999999999999,3932150.0,0.0934,0.8649,34.5455,2.176,16.4943,0.0,57.6483,2.5178,0.6718,6.478,16.4943,10.343,0.68005,4.0617,8281000000.0,372000000.0,1124000000.0,,19773000000.0,,1841000000.0,,Utilities
CNP,2012,"CenterPoint Energy, Inc.",Utilities,North America,United States,46.0,59.0,75.0,57.0,14.24,3214500.0,0.0759,0.8699,37.1085,2.31355,15.35915,0.0,69.5015,1.5204,0.66435,6.6606000000000005,15.35915,10.16545,0.5606,2.9086,8785000000.0,973000000.0,1249000000.0,,20111000000.0,,1386000000.0,,Utilities
CNP,2013,"CenterPoint Energy, Inc.",Utilities,North America,United States,47.0,60.333333333333336,74.0,57.666666666666664,17.310000000000002,2834850.0,0.0875,0.8936,35.6389,1.9669,11.774,0.0,53.5375,3.1884,0.6455,5.174,11.774,8.0128,0.5167,2.6103,8450000000.0,1357000000.0,1298000000.0,,21703000000.0,,,,Utilities
CNP,2014,"CenterPoint Energy, Inc.",Utilities,North America,United States,49.0,64.0,74.0,59.5,18.6,3967150.0,0.1022,1.1705,38.9671,1.9474,9.317,0.0,45.3626,3.4195,0.6378,7.4199,9.317,8.8111,0.7586,3.8698,7452000000.0,417000000.0,1038000000.0,,22871000000.0,,,,Utilities
CNP,2015,"CenterPoint Energy, Inc.",Utilities,North America,United States,46.0,63.0,73.0,57.5,15.39,3832850.0,0.0748,0.8029,38.4422,2.1313,12.6187,0.0,65.47,1.9307,0.6538,-21.290181999999994,12.6187,-25.906755999999998,-1.7871890000000001,-9.6353,8106000000.0,311000000.0,1010000000.0,,21870000000.0,,,,Utilities
CNP,2016,"CenterPoint Energy, Inc.",Utilities,North America,United States,45.71333333333334,61.169999999999995,71.51666666666667,56.800000000000004,19.05,3783350.0,0.0887,1.0138,33.5892,2.4832,14.7525,0.0,63.8433,1.9459,0.6902,4.8534,14.7525,7.7847,0.4627,2.9191,9226000000.0,611000000.0,935000000.0,,23150000000.0,,,,Utilities
CNP,2017,"CenterPoint Energy, Inc.",Utilities,United States and Canada,United States,40.3,61.485,67.94999999999999,53.565,24.67,2650600.0,0.0972,0.9431,33.5891,2.3994,11.6755,0.0,51.8432,2.5171,0.6755,8.0553,11.6755,10.8416,0.7635,4.6711,7386000000.0,179000000.0,933000000.0,,21290000000.0,,1870000000.0,,Utilities
CNP,2018,"CenterPoint Energy, Inc.",Utilities,United States and Canada,United States,48.69,61.23333333333333,68.28333333333335,57.346666666666664,25.04,4171600.0,0.0995,1.0562,38.8969,1.413,8.5544,0.0,54.8825,2.843,0.5683,2.9644,8.5544,5.9618,0.7108,1.8993,5711000000.0,432000000.0,1023000000.0,,21829000000.0,,1923000000.0,,Utilities
CNP,2019,CenterPoint Energy Inc,Utilities,United States and Canada,United States,51.21,67.27,79.69999999999999,63.150000000000006,27.66,4352100.0,0.0485,0.9948,62.9674,1.7831,13.8118,0.0,80.6393,0.6701,0.6302,9.9518,13.8118,10.0121,,3.7166,6124000000.0,1792000000.0,1136000000.0,,22736000000.0,,1417000000.0,,Utilities
COF,2010,Capital One Financial Corporation,Diversified Financials,North America,United States,40.666666666666664,51.666666666666664,54.666666666666664,48.666666666666664,34.095,5380250.0,0.016,0.0,0.0,1.7011,0.0,0.0,0.0,0.0,0.6247,22.2863,0.0,36.6148,0.4112,3.1388,13893000000.0,-46000000.0,582000000.0,,165913000000.0,,3483000000.0,,Diversified Financials
COF,2011,Capital One Financial Corporation,Diversified Financials,North America,United States,45.5,61.0,56.0,54.0,40.965,4794650.0,0.0176,0.0,0.0,1.3157,0.0,0.0,0.0,0.0,0.5507,23.0181,0.0,34.966,0.4322,2.9444,12983000000.0,884000000.0,1336000000.0,,169646000000.0,,2082000000.0,,Diversified Financials
COF,2012,Capital One Financial Corporation,Diversified Financials,North America,United States,48.0,64.0,53.0,55.666666666666664,47.165,4212450.0,0.01455,0.0,0.0,0.966,0.0,0.0,0.0,0.0,0.48425,21.2545,0.0,33.34895,0.32820000000000005,2.5462499999999997,15353000000.0,2743000000.0,4330000000.0,,,,8142000000.0,24442706.0,Diversified Financials
COF,2013,Capital One Financial Corporation,Diversified Financials,North America,United States,49.0,62.0,52.0,55.0,55.2,3293350.0,0.0164,0.0,0.0,0.8828,0.0,0.0,0.0,0.0,0.4565,22.3749,0.0,35.2562,0.3857,2.6778,16279000000.0,3147000000.0,4587000000.0,,,,7455000000.0,,Diversified Financials
COF,2014,Capital One Financial Corporation,Diversified Financials,North America,United States,49.0,60.0,52.0,54.0,72.24000000000001,2649400.0,0.0153,0.0,0.0,1.0756,0.0,0.0,0.0,0.0,0.5136,20.7058,0.0,30.1871,0.3148,2.153,21396000000.0,3492000000.0,5184000000.0,,,,9524000000.0,,Diversified Financials
COF,2015,Capital One Financial Corp.,Diversified Financials,North America,United States,47.0,61.0,59.0,56.0,71.07,2621550.0,0.0146,0.0,0.0,0.9809,0.0,0.0,0.0,0.0,0.4846,18.2699,0.0,27.7108,0.2744,1.9203,22384000000.0,4121000000.0,6578000000.0,,,,9984000000.0,,Diversified Financials
COF,2016,Capital One Financial Corp.,Diversified Financials,North America,United States,45.83,61.68,55.6325,54.692499999999995,63.97,3194600.0,0.0137,0.0,0.0,1.2407,0.0,0.0,0.0,0.0,0.5492,18.683,0.0,29.3222,0.2781,1.9602,22290000000.0,4428000000.0,6569000000.0,,,,9304000000.0,,Diversified Financials
COF,2017,Capital One Financial Corp.,Diversified Financials,United States and Canada,United States,44.913333333333334,65.19,56.72333333333333,55.89000000000001,80.34,2361700.0,0.014,0.0,0.0,1.1855,0.0,0.0,0.0,0.0,0.5392,19.3312,0.0,30.3834,0.2986,2.1308,23413000000.0,4050000000.0,5881000000.0,,,,10127000000.0,,Diversified Financials
COF,2018,Capital One Financial Corporation,Diversified Financials,United States and Canada,United States,50.57,61.29,54.375,55.45,92.25,2288400.0,0.0157,0.0,0.0,1.0678,0.0,0.0,0.0,0.0,0.5138,25.2898,0.0,33.7373,0.4136,2.9642,25501000000.0,3751000000.0,5484000000.0,,,,11856000000.0,,Diversified Financials
COF,2019,Capital One Financial Corporation,Diversified Financials,United States and Canada,United States,50.17666666666667,57.550000000000004,54.38,54.13333333333333,87.48,2108200.0,0.0147,0.0,0.0,0.8828,0.0,0.0,0.0,0.0,0.4671,22.7762,0.0,30.5595,,2.2821,27237000000.0,1982000000.0,5492000000.0,,,,14182000000.0,,Diversified Financials
COG,2010,Cabot Oil & Gas Corporation,Oil & Gas Producers,North America,United States,35.75,42.25,63.5,44.75,8.08,6326200.0,0.0555,0.7256,37.2731,0.5499,26.0027,0.0,79.9731,1.5017,0.3548,10.828,26.0027,18.1277,0.5602,1.1746,,,,,,,,,Oil & Gas Producers
COG,2011,Cabot Oil & Gas Corporation,Oil & Gas Producers,North America,United States,27.666666666666668,47.333333333333336,58.666666666666664,42.333333333333336,14.545,6861400.0,0.0586,1.0072,38.874,0.5581499999999999,30.839,0.0,78.9163,2.015,0.3582,10.8661,30.839,23.998350000000002,0.6368,1.394,,,,,,,,,Oil & Gas Producers
COG,2012,Cabot Oil & Gas Corporation,Oil & Gas Producers,North America,United States,29.0,50.0,63.0,46.0,18.435000000000002,6153500.0,0.064,0.7383,31.616999999999997,0.4909,27.0467,0.0,75.69305,5.5649,0.3197,12.3312,27.0467,21.24495,0.81575,1.71455,,,,,,,,,Oil & Gas Producers
COG,2013,Cabot Oil & Gas Corporation,Oil & Gas Producers,North America,United States,28.5,50.0,64.5,46.0,32.835,3915500.0,0.0896,0.8155,41.0756,0.4995,34.4092,0.0,77.1392,5.2708,0.3329,16.0351,34.4092,30.9784,1.5648,3.5356,,,,,,,,,Oil & Gas Producers
COG,2014,Cabot Oil & Gas Corporation,Oil & Gas Producers,North America,United States,35.333333333333336,57.333333333333336,64.66666666666667,51.666666666666664,29.28,6297300.0,0.1137,0.8285,34.8069,0.8176,-19.840792999999998,0.0,76.8026,10.2211,0.4498,-21.290181999999994,-19.840792999999998,-25.906755999999998,-1.7871890000000001,-10.3499,,,,,,,,,Oil & Gas Producers
COG,2015,Cabot Oil & Gas Corporation,Oil & Gas Producers,North America,United States,46.0,58.5,64.5,55.5,25.965000000000003,5844450.0,0.0556,0.8111,40.0807,0.9601,-6.1907,0.0,54.1563,7.6551,0.4873,-8.9808,-6.1907,-14.0811,-0.4997,-1.2819,,,,,,,,,Oil & Gas Producers
COG,2016,Cabot Oil & Gas Corporation,Oil & Gas Producers,North America,United States,47.84,57.32,64.725,55.85,22.009999999999998,5828400.0,0.0561,2.8852,44.5723,0.5351,-19.840792999999998,0.0,55.6145,9.8788,0.3468,-21.290181999999994,-19.840792999999998,-25.906755999999998,-1.1293,-2.1862,,,,,,,,,Oil & Gas Producers
COG,2017,Cabot Oil & Gas Corporation,Oil & Gas Producers,United States and Canada,United States,49.7725,51.695,63.09,53.8675,23.29,5539700.0,0.0847,1.6385,44.0531,0.5758,10.3748,0.0,62.8854,13.6485,0.3269,4.5631,10.3748,6.4185,0.3429,0.665,,,,,,,,,Oil & Gas Producers
COG,2018,Cabot Oil & Gas Corp,Oil & Gas Producers,United States and Canada,United States,50.17,47.41,62.98,52.27,22.69,5826000.0,0.1305,1.6932,47.6467,0.614,32.2927,0.0,55.983,14.7646,0.3679,22.44,32.2927,29.6686,2.5831,5.8419,,,,,,,,,Oil & Gas Producers
COG,2019,Cabot Oil & Gas Corp,Oil & Gas Producers,United States and Canada,United States,50.43,47.41,62.98,52.36,22.479999999999997,6304150.0,0.1028,1.7323,61.2989,0.551,46.9569,0.0,62.8661,9.0608,0.3422,31.8488,46.9569,44.2029,,6.8297,,,,,,,,,Oil & Gas Producers
COO,2010,The Cooper Companies Inc.,Healthcare,North America,United States,44.666666666666664,43.0,53.0,46.666666666666664,39.615,368350.0,0.1181,2.3694,56.7223,0.4057,17.385,0.0,59.5281,0.5268,0.2814,13.4379,17.385,14.7655,1.5872,2.4921,1047375000.0,63956000.0,126963000.0,610030000.0,,,96528000.0,,Healthcare
COO,2012,The Cooper Companies Inc.,Healthcare,North America,United States,45.0,43.0,53.5,46.75,82.33500000000001,369250.0,0.1311,2.60825,53.804500000000004,0.19035,19.46,0.0,63.9135,0.4407,0.1484,17.217750000000002,19.46,18.53285,2.21155,3.00645,1158517000.0,112803000.0,189912000.0,676723000.0,2525018000.0,,267663000.0,,Healthcare
COO,2015,The Cooper Companies Inc.,Healthcare,North America,United States,46.0,45.5,58.0,49.5,164.35000000000002,375250.0,0.1022,1.4935,55.3205,0.5046,10.8974,0.0,59.1076,0.465,0.2925,9.7364,10.8974,9.6606,1.023,1.6794,1587725000.0,296151000.0,305945000.0,1026808000.0,3137300000.0,,415925000.0,,Healthcare
COO,2016,The Cooper Companies Inc.,Healthcare,North America,United States,48.0,44.69333333333333,57.276666666666664,49.29666666666666,166.93,390600.0,0.1121,2.8401,53.7414,0.5251,18.5614,0.0,61.5116,0.4604,0.3396,15.3163,18.5614,17.0732,1.617,2.7106,1717776000.0,269856000.0,306486000.0,1091570000.0,4458300000.0,,454823000.0,,Healthcare
COO,2017,"The Cooper Companies, Inc.",Healthcare,United States and Canada,United States,49.2,45.825,57.08,50.045,230.33,380200.0,0.1156,2.511,53.6141,0.3923,20.2878,0.0,64.0648,0.4402,0.2761,18.6331,20.2878,19.3705,2.1661,3.3492,1797100000.0,203500000.0,236700000.0,1070300000.0,4462500000.0,,390900000.0,,Healthcare
COO,2018,"The Cooper Companies, Inc.",Healthcare,United States and Canada,United States,49.2,45.825,55.25,49.495000000000005,242.92,363200.0,0.1055,2.5765,51.7621,0.711,17.5152,0.0,64.6667,0.4723,0.4107,15.2727,17.5152,13.697,1.611,3.0443,1966800000.0,273900000.0,324100000.0,1173100000.0,4478600000.0,,509600000.0,,Healthcare
COO,2019,The Cooper Companies Inc,Healthcare,United States and Canada,United States,52.3,45.77,55.165,50.215,294.99,292700.0,0.1101,1.208,54.4979,0.5033,21.2117,0.0,66.1165,0.4555,0.2824,17.6774,21.2117,18.693,,3.3346,2139000000.0,372900000.0,429100000.0,1365800000.0,4858700000.0,,593600000.0,,Healthcare
COP,2010,ConocoPhillips,Oil & Gas Producers,North America,United States,49.75,57.25,69.0,57.0,29.195,12610350.0,0.331,1.2641,24.4812,0.3414,11.3786,0.0,30.7695,4.5373,0.2494,6.1656,11.3786,10.644,1.9758,4.3895,240842000000.0,-16349000000.0,,,142865000000.0,,22658000000.0,,Oil & Gas Producers
COP,2011,ConocoPhillips,Oil & Gas Producers,North America,United States,49.25,63.0,70.0,60.0,39.855000000000004,11341200.0,0.1079,1.1194,88.496,0.3441,23.9114,0.0,51.488550000000004,1.1505,0.2474,17.4623,23.9114,21.5933,0.9665,2.254,149341000000.0,4414000000.0,,,152138000000.0,,12479000000.0,,Oil & Gas Producers
COP,2012,ConocoPhillips,Oil & Gas Producers,North America,United States,47.0,67.66666666666667,62.666666666666664,59.0,42.935,8337200.0,0.12885000000000002,0.9211,53.33325,0.44484999999999997,27.28245,0.0,56.671800000000005,5.33495,0.28515,13.74735,27.28245,25.46285,1.5084499999999998,3.6689,63335000000.0,11358000000.0,,,156314000000.0,,17045000000.0,,Oil & Gas Producers
COP,2013,ConocoPhillips,Oil & Gas Producers,North America,United States,47.666666666666664,72.66666666666667,60.0,61.0,49.81,5319250.0,0.1209,1.3522,53.5851,0.4204,27.8108,0.0,58.6904,4.9422,0.2904,16.031,27.8108,26.1349,1.7666,4.2222,66069000000.0,12436000000.0,,,153230000000.0,,19646000000.0,,Oil & Gas Producers
COP,2014,ConocoPhillips,Oil & Gas Producers,North America,United States,48.0,79.0,69.0,66.0,58.87,8390700.0,0.1017,1.3061,51.6944,0.4317,-0.8776,0.0,53.1938,4.1675,0.2998,-0.3291,-0.8776,-2.7086,-0.0206,-0.0459,62004000000.0,8428000000.0,,,117144000000.0,,13922000000.0,,Oil & Gas Producers
COP,2015,ConocoPhillips,Oil & Gas Producers,North America,United States,46.0,79.0,69.0,65.0,51.31999999999999,7841550.0,0.0709,1.1662,53.8233,0.5587,-19.3286,0.0,42.3205,3.7883,0.3568,-14.2667,-19.3286,-23.1917,-0.9967,-2.3701,58248000000.0,9156000000.0,,,118057000000.0,,16141000000.0,,Oil & Gas Producers
COP,2016,ConocoPhillips,Oil & Gas Producers,North America,United States,59.849999999999994,77.045,66.1975,68.3175,38.19,8698400.0,0.0691,1.2601,45.8564,0.7743,-18.3855,0.0,53.148,2.9567,0.4264,-15.9607,-18.3855,-25.3837,-1.0882,-2.7966,55517000000.0,6869000000.0,,,116539000000.0,,16569000000.0,,Oil & Gas Producers
COP,2017,ConocoPhillips,Oil & Gas Producers,United States and Canada,United States,61.982499999999995,80.5675,64.28,69.99000000000001,43.51,6573400.0,0.1139,2.0027,42.0792,0.6839,13.8707,0.0,58.3183,2.9627,0.3905,5.8374,13.8707,9.0757,0.5824,1.4196,30935000000.0,-4428000000.0,-7239000000.0,,97484000000.0,,7572000000.0,,Oil & Gas Producers
COP,2018,ConocoPhillips,Oil & Gas Producers,United States and Canada,United States,58.27,78.35,63.6,67.63666666666667,62.75,6216200.0,0.1441,1.795,38.2792,0.4675,30.9199,0.0,64.2597,2.9322,0.3172,18.0292,30.9199,28.3442,2.3993,5.8387,23693000000.0,-3615000000.0,-5530000000.0,,89772000000.0,,4403000000.0,,Oil & Gas Producers
COP,2019,ConocoPhillips,Oil & Gas Producers,United States and Canada,United States,61.305,79.79499999999999,63.84,69.33500000000001,57.959999999999994,6050800.0,0.1176,2.4014,37.6032,0.425,27.8998,0.0,66.6348,2.8596,0.2967,18.8544,27.8998,24.5585,,4.8286,29106000000.0,-855000000.0,-2615000000.0,,73362000000.0,,7077000000.0,,Oil & Gas Producers
COST,2010,Costco Wholesale Corporation,Food Retailers,North America,United States,47.5,46.5,68.0,52.5,44.875,3490650.0,0.744,1.1788,4.1406,0.197,2.7615,0.0,12.8571,2.7937,0.1627,1.721,2.7615,2.6659,1.3013,2.8359,72483000000.0,1283000000.0,1969000000.0,,20682000000.0,,2206000000.0,,Food Retailers
COST,2011,Costco Wholesale Corporation,Food Retailers,North America,United States,49.0,48.333333333333336,67.0,53.0,60.995000000000005,2344650.0,0.7920499999999999,1.1319,4.0864,0.1713,2.7001,0.0,12.4139,2.90045,0.0906,1.6191,2.7001,2.6645000000000003,1.34955,2.8813500000000003,71422000000.0,1086000000.0,1777000000.0,,21979000000.0,,2092000000.0,,Food Retailers
COST,2012,Costco Wholesale Corporation,Food Retailers,North America,United States,56.0,58.0,60.0,58.0,72.515,2023450.0,0.8218,1.13025,4.1041,0.10885,2.79735,0.0,12.4489,2.8394,0.0967,1.74165,2.79735,2.7862,1.4763000000000002,3.2474499999999997,77946000000.0,1303000000.0,2077000000.0,,23815000000.0,,2780000000.0,,Food Retailers
COST,2013,Costco Wholesale Corporation,Food Retailers,North America,United States,53.0,57.0,60.0,56.0,93.98,1664850.0,0.8026,1.1743,4.1192,0.4539,2.9366,0.0,12.6438,2.7555,0.3122,1.8992,2.9366,2.9366,1.5464,4.358,88915000000.0,1462000000.0,2439000000.0,,26761000000.0,,3198000000.0,,Food Retailers
COST,2014,Costco Wholesale Corporation,Food Retailers,North America,United States,47.333333333333336,55.333333333333336,60.0,54.0,105.61,2103000.0,0.7762,1.1958,4.1807,0.4005,2.8661,0.0,12.9569,2.4248,0.286,1.8462,2.8661,2.8996,1.459,4.0175,99137000000.0,1709000000.0,2759000000.0,,27140000000.0,,3057000000.0,,Food Retailers
COST,2015,Costco Wholesale Corporation,Food Retailers,North America,United States,48.0,51.5,59.0,52.5,129.35500000000002,1814750.0,0.7793,1.0309,4.1205,0.5572,3.1455,0.0,13.0863,2.558,0.3086,1.9769,3.1455,3.0612,1.5497,4.7993,105156000000.0,2039000000.0,3053000000.0,,30283000000.0,,,,Food Retailers
COST,2016,Costco Wholesale Corporation,Food Retailers,North America,United States,52.593333333333334,48.74666666666667,56.12833333333333,51.93833333333333,136.345,2171400.0,0.7903,0.9731,4.3707,0.4185,3.2052,0.0,13.4745,2.5946,0.2477,2.0359,3.2052,3.1193,1.6208,4.6731,112640000000.0,2058000000.0,3220000000.0,,32662000000.0,,,,Food Retailers
COST,2017,Costco Wholesale Corporation,Food Retailers,United States and Canada,United States,61.5275,47.96,56.18,54.7625,153.06,2395200.0,0.81,0.9773,4.411,0.5704,3.3541,0.0,13.2459,2.5647,0.3632,2.1726,3.3541,3.3437,1.9814,6.9318,116199000000.0,2377000000.0,3624000000.0,,33017000000.0,,,,Food Retailers
COST,2018,Costco Wholesale Corporation,Food Retailers,United States and Canada,United States,60.864999999999995,47.995000000000005,54.480000000000004,54.1175,197.23,2129300.0,0.8171,1.0182,4.4303,0.5019,3.256,0.0,12.9247,2.6474,0.3311,2.3176,3.256,3.2627,1.924,6.122,118719000000.0,2350000000.0,3672000000.0,,33163000000.0,,,,Food Retailers
COST,2019,Costco Wholesale Corporation,Food Retailers,United States and Canada,United States,59.70333333333334,45.68,53.20333333333334,52.47,256.92499999999995,1760150.0,0.794,1.0107,4.1574,0.4378,3.0801,0.0,12.9779,2.6745,0.2446,2.3096,3.0801,3.1412,,6.1808,129025000000.0,2679000000.0,4111000000.0,,36347000000.0,,6726000000.0,,Food Retailers
CPB,2010,Campbell Soup Company,Food Products,North America,United States,62.666666666666664,64.33333333333333,81.66666666666667,68.33333333333333,25.72,2296200.0,0.301,0.8169,30.3557,2.7899,16.2042,0.0,41.1602,1.5251,0.638,9.323,16.2042,14.7059,2.8065,15.3285,7998000000.0,1165000000.0,1098000000.0,,,,766000000.0,,Food Products
CPB,2011,Campbell Soup Company,Food Products,North America,United States,67.0,66.5,84.0,71.0,25.04,1985500.0,0.2706,0.9947999999999999,32.8181,2.8139,16.905749999999998,0.0,40.3751,1.4702,0.6889,10.3144,16.905749999999998,15.51515,2.7761,17.367,7586000000.0,736000000.0,1185000000.0,923000000.0,6056000000.0,,1166000000.0,,Food Products
CPB,2012,Campbell Soup Company,Food Products,North America,United States,73.0,66.66666666666667,83.0,73.0,25.825,1857550.0,0.2663,0.8734500000000001,32.75665,2.7556000000000003,14.4975,0.0,38.7699,1.5470000000000002,0.65855,10.408750000000001,14.4975,13.0148,2.6625500000000004,13.7579,7676000000.0,844000000.0,1348000000.0,894000000.0,,,1057000000.0,,Food Products
CPB,2013,Campbell Soup Company,Food Products,North America,United States,74.0,77.33333333333333,88.66666666666667,79.33333333333333,34.385,1458750.0,0.2321,0.6767,33.1689,3.5926,13.0989,0.0,35.9837,1.2864,0.6777,7.9446,13.0989,11.5189,1.9756,12.719,7143000000.0,805000000.0,1212000000.0,802000000.0,,,1142000000.0,,Food Products
CPB,2014,Campbell Soup Company,Food Products,North America,United States,74.5,73.0,83.5,76.0,35.75,1398700.0,0.2718,0.7443,33.5255,2.5355,17.2506,0.0,35.255,1.3213,0.5829,10.9978,17.2506,16.1419,2.989,15.4421,7175000000.0,774000000.0,1155000000.0,821000000.0,,,1120000000.0,,Food Products
CPB,2015,Campbell Soup Co.,Food Products,North America,United States,78.0,77.0,79.0,78.0,40.614999999999995,1462500.0,0.2449,0.8048,33.8675,2.905,14.2987,0.0,34.2715,1.3804,0.644,8.8062,14.2987,13.0277,2.307,11.2934,8052000000.0,458000000.0,1080000000.0,814000000.0,,,1019000000.0,,Food Products
CPB,2016,Campbell Soup Co.,Food Products,North America,United States,77.2375,73.955,78.5925,76.2625,52.935,1806000.0,0.2314,0.7775,33.3966,2.2453,14.3316,0.0,35.2941,1.4015,0.6015,9.893,14.3316,12.8342,2.2893,11.0514,8268000000.0,866000000.0,1267000000.0,795000000.0,,,899000000.0,,Food Products
CPB,2017,Campbell Soup Co.,Food Products,United States and Canada,United States,79.06333333333333,73.09,75.84333333333333,75.86999999999999,48.33,1684200.0,0.2487,0.7727,31.9019,2.1495,19.0653,0.0,35.9375,1.3766,0.603,12.7256,19.0653,17.677,3.5502,16.2818,8082000000.0,666000000.0,1054000000.0,819000000.0,,,1206000000.0,,Food Products
CPB,2018,Campbell Soup Company,Food Products,United States and Canada,United States,76.61500000000001,75.265,75.54,75.8075,37.7,2996800.0,0.151,0.6844,40.6676,6.9583,13.0239,0.0,32.7476,1.2039,0.8513,4.2361,13.0239,8.8328,0.647,6.8463,7961000000.0,563000000.0,960000000.0,851000000.0,,,1491000000.0,,Food Products
CPB,2019,Campbell Soup Co,Food Products,United States and Canada,United States,79.08333333333333,67.20666666666666,74.42999999999999,73.17,39.65,1928250.0,0.1419,0.5977,30.055,7.502,12.5448,0.0,33.8067,1.4683,0.8585,4.3011,12.5448,7.9877,,9.9434,5837000000.0,887000000.0,1431000000.0,656000000.0,,,1288000000.0,,Food Products
CRM,2011,"Salesforce.com, Inc",Software & Services,North America,United States,62.0,50.0,61.666666666666664,56.333333333333336,33.13,9769400.0,0.1604,0.6266,52.382,0.3739,-1.7384,0.0,77.9952,0.0,0.0339,-0.6429,-1.7384,-1.5147,-0.107,-0.2507,1305583000.0,80719000.0,115272000.0,1047658000.0,,,270911000.0,,Software & Services
CRM,2012,"Salesforce.com, Inc",Software & Services,North America,United States,70.0,58.0,61.0,62.0,36.5,8353200.0,0.1658,0.789,51.5186,0.2995,-2.5198,0.0,78.00495000000001,0.0,0.036500000000000005,-2.07185,-2.5198,-2.7468,-0.34465,-0.79775,1657139000.0,64474000.0,97497000.0,1333326000.0,,,459081000.0,,Software & Services
CRM,2014,"Salesforce.com, Inc",Software & Services,North America,United States,68.0,57.0,59.0,61.0,59.33,4971200.0,0.147,0.7373,51.6842,0.4074,-1.593,0.0,75.9181,0.0,0.2647,-2.8131,-1.593,-1.5791,-0.4135,-1.0269,,,,,,,,,Software & Services
CRM,2015,Salesforce.com,Software & Services,North America,United States,68.0,59.0,59.0,62.0,71.765,3435600.0,0.1514,0.7092,55.7635,0.2826,2.0583,0.0,75.2011,0.0,0.2203,-0.0521,2.0583,1.196,-0.0079,-0.0188,1076034000.0,76603000.0,-39857000.0,2366616000.0,,,736897000.0,,Software & Services
CRM,2016,Salesforce.com,Software & Services,North America,United States,68.3325,53.92,69.055,62.03,74.59,4503900.0,0.1491,0.6097,56.0193,0.2651,1.5983,0.0,74.0697,0.0,0.2096,2.0223,1.5983,1.1923,0.3024,0.6941,1383655000.0,-38924000.0,-22042000.0,3102575000.0,,,875469000.0,,Software & Services
CRM,2017,Salesforce.com,Software & Services,United States and Canada,United States,69.17,52.583333333333336,71.79333333333334,62.35999999999999,89.64,3943500.0,0.1479,0.7721,54.0629,0.2182,3.2596,0.0,73.5654,0.0,0.0778,1.785,3.2596,2.4447,0.2641,0.5443,1711967000.0,4092000.0,43434000.0,4084316000.0,,,1181444000.0,,Software & Services
CRM,2018,Salesforce.com Inc,Software & Services,United States and Canada,United States,73.3725,69.6675,69.805,70.8125,132.65,5123200.0,0.1276,0.8564,54.0478,0.2717,3.505,0.0,74.1237,0.0,0.19,9.1131,3.505,7.0405,1.1579,2.2102,,229622000.0,114923000.0,5012668000.0,,,1672081000.0,,Software & Services
CRM,2019,Salesforce.com Inc,Software & Services,United States and Canada,United States,77.0,70.42333333333333,69.39333333333333,72.13666666666667,156.23000000000002,4943500.0,0.1127,0.9714,51.8518,0.1732,1.4511,0.0,75.5419,0.0,0.1476,2.2767,1.4511,4.1031,,0.5301,8437000000.0,323000000.0,218000000.0,6203000000.0,,,2162000000.0,,Software & Services
CSCO,2010,"Cisco Systems, Inc.",Technology Hardware,North America,United States,75.0,71.2,66.0,71.4,17.490000000000002,52802450.0,0.1336,2.6985,37.4316,0.3451,21.8698,0.0,62.8372,2.9904,0.2158,17.9535,21.8698,22.5581,2.412,4.3694,39540000000.0,8052000000.0,9442000000.0,25346000000.0,,,12089000000.0,,Technology Hardware
CSCO,2011,"Cisco Systems, Inc.",Technology Hardware,North America,United States,76.0,76.25,69.0,74.25,13.085,58271200.0,0.1285,3.27445,37.16015,0.356,17.9077,0.0,61.2829,2.9166,0.2557,15.20115,17.9077,18.28415,1.94935,3.54645,36117000000.0,6134000000.0,7322000000.0,23094000000.0,,,9897000000.0,,Technology Hardware
CSCO,2012,"Cisco Systems, Inc.",Technology Hardware,North America,United States,81.75,78.0,68.75,77.25,14.69,37343050.0,0.1274,3.4929,30.9113,0.31845,23.020249999999997,0.0,61.1229,2.7877,0.2409,18.149250000000002,23.020249999999997,23.001150000000003,2.3166,4.091749999999999,40040000000.0,7767000000.0,9164000000.0,25643000000.0,,,10173000000.0,,Technology Hardware
CSCO,2013,"Cisco Systems, Inc.",Technology Hardware,North America,United States,84.75,78.5,67.5,78.0,17.935000000000002,34632000.0,0.1227,2.9159,38.6363,0.2754,22.6625,0.0,61.2909,3.2029,0.1802,18.2814,22.6625,23.1215,2.2433,3.8391,43218000000.0,6490000000.0,7674000000.0,26536000000.0,,,10079000000.0,,Technology Hardware
CSCO,2014,"Cisco Systems, Inc.",Technology Hardware,North America,United States,84.0,80.0,72.5,79.25,18.94,32887800.0,0.1178,3.3105,32.156,0.3698,19.1262,0.0,59.8857,2.9308,0.257,14.9285,19.1262,19.2732,1.7581,3.2231,46061000000.0,8041000000.0,10065000000.0,28209000000.0,,,,,Technology Hardware
CSCO,2015,"Cisco Systems, Inc.",Technology Hardware,North America,United States,82.66666666666667,79.0,71.0,78.66666666666667,23.51,24961550.0,0.1135,3.1338,36.2536,0.4105,24.0999,0.0,61.7568,3.1408,0.2644,19.161,24.0999,24.7359,2.174,4.051,48607000000.0,9983000000.0,11196000000.0,29440000000.0,,,,,Technology Hardware
CSCO,2016,"Cisco Systems, Inc.",Technology Hardware,North America,United States,81.71000000000001,75.5975,72.55,77.2825,25.225,21984800.0,0.1011,3.2734,35.0105,0.4586,24.8667,0.0,63.8277,3.7993,0.2815,19.575,24.8667,25.6917,1.9797,3.767,47142000000.0,7853000000.0,9345000000.0,27769000000.0,,,,,Technology Hardware
CSCO,2017,"Cisco Systems, Inc.",Technology Hardware,United States and Canada,United States,82.355,81.195,72.94999999999999,79.6,29.51,18194800.0,0.0935,3.0346,34.9372,0.5098,25.0062,0.0,62.194,2.8385,0.2815,19.9786,25.0062,26.2095,1.8672,3.6651,49161000000.0,8981000000.0,10770000000.0,29681000000.0,,,,,Technology Hardware
CSCO,2018,"Cisco Systems, Inc.",Technology Hardware,United States and Canada,United States,83.51666666666667,83.58333333333333,68.38333333333334,79.75333333333333,40.79,22101700.0,0.1181,2.2873,31.2301,0.5918,26.0511,0.0,62.2563,2.6663,0.3035,27.1496,26.0511,27.9664,3.3662,8.0939,49247000000.0,10739000000.0,12660000000.0,30960000000.0,,,13570000000.0,,Technology Hardware
CSCO,2019,Cisco Systems Inc,Technology Hardware,United States and Canada,United States,84.12,84.2,68.15,80.15,47.535,18811400.0,0.1373,1.6949,33.3627,0.6439,27.1981,0.0,63.8517,3.4933,0.3013,22.2357,27.1981,27.8978,,8.2708,48005000000.0,9609000000.0,11973000000.0,30224000000.0,109872000000.0,,13876000000.0,,Technology Hardware
CSX,2010,CSX Corp.,Transportation,North America,United States,48.0,49.0,71.0,54.0,14.405000000000001,10610100.0,0.0996,0.9104,31.7365,0.925,30.0426,0.0,66.7259,4.2332,0.4605,15.5289,30.0426,24.8935,1.5317,4.8269,11255000000.0,1355000000.0,2751000000.0,,,,2893000000.0,407864000.0,Transportation
CSX,2011,CSX Corp.,Transportation,North America,United States,53.75,56.0,70.25,59.0,19.445,9522300.0,0.1049,1.037,33.678250000000006,1.0467,29.6845,0.0,63.9217,4.5297,0.4967,15.97175,29.6845,25.309199999999997,1.6545,5.63565,9041000000.0,1143000000.0,2270000000.0,,,,2039000000.0,,Transportation
CSX,2012,CSX Corp.,Transportation,North America,United States,59.0,63.0,73.25,64.25,18.36,8583050.0,0.09914999999999999,0.9212,34.95465,1.0218,29.5093,0.0,64.741,4.00305,0.491,15.7222,29.5093,24.9957,1.5293,5.15905,10636000000.0,1563000000.0,3071000000.0,,,,3261000000.0,,Transportation
CSX,2013,CSX Corp.,Transportation,North America,United States,60.0,59.0,76.0,64.0,21.87,6532250.0,0.0965,1.0294,29.5779,0.9172,28.1407,0.0,63.9196,4.0337,0.471,15.2429,28.1407,23.7521,1.4704,4.6109,11795000000.0,1854000000.0,3470000000.0,,29491000000.0,20893000000.0,3491000000.0,,Transportation
CSX,2014,CSX Corp.,Transportation,North America,United States,63.0,60.5,76.0,65.0,31.84,6624550.0,0.0966,1.2207,31.8327,0.8717,28.2268,0.0,65.7895,4.0,0.4598,15.3822,28.2268,24.2795,1.4855,4.3933,11763000000.0,1863000000.0,3464000000.0,,,,2946000000.0,,Transportation
CSX,2015,CSX Corp.,Transportation,North America,United States,69.0,56.5,78.0,66.5,29.560000000000002,7574700.0,0.0864,1.4549,30.7145,0.8746,31.7455,0.0,68.7989,2.9676,0.4661,17.2508,31.7455,27.1861,1.4905,4.3482,12026000000.0,1864000000.0,3473000000.0,,,,3267000000.0,,Transportation
CSX,2016,CSX Corp.,Transportation,North America,United States,67.655,52.745000000000005,77.445,64.14,25.305,7272350.0,0.0783,0.9763,30.355,0.9064,31.0651,0.0,70.9253,1.995,0.4601,16.4571,31.0651,26.1465,1.2933,3.8989,12669000000.0,1927000000.0,3613000000.0,,,,3343000000.0,,Transportation
CSX,2017,CSX Corp.,Transportation,United States and Canada,United States,58.26499999999999,49.053333333333335,74.76,58.70333333333334,48.54,6714100.0,0.0801,1.0467,31.1456,1.0193,32.6287,0.0,69.486,2.1352,0.5044,17.3883,32.6287,28.1964,1.4222,4.3962,11811000000.0,1968000000.0,3584000000.0,,,,3370000000.0,,Transportation
CSX,2018,CSX Corp,Transportation,United States and Canada,United States,55.12,43.67,73.68,55.18,62.6,5228900.0,0.0849,1.4321,30.058,1.0027,41.3231,0.0,72.5661,2.9364,0.5003,28.2721,41.3231,36.753,2.3751,6.5089,11069000000.0,1714000000.0,3413000000.0,,,,3041000000.0,,Transportation
CSX,2019,CSX Corp,Transportation,United States and Canada,United States,57.50333333333333,43.15,67.68,54.31,70.77,4218850.0,0.0768,1.5239,32.6658,1.3688,42.6331,0.0,75.9906,3.0586,0.5738,28.4221,42.6331,37.4387,,7.0789,11408000000.0,5471000000.0,3720000000.0,,,,3472000000.0,,Transportation
CTAS,2010,Cintas Corporation,Commercial Services,North America,United States,39.333333333333336,53.0,62.0,49.333333333333336,22.985,1137050.0,0.2375,3.8171,37.4009,0.3188,10.9276,0.0,42.3958,2.876,0.2413,6.1002,10.9276,9.6712,1.4221,2.3325,,,,,,,,,Commercial Services
CTAS,2011,Cintas Corporation,Commercial Services,North America,United States,39.0,55.0,62.5,50.5,26.255000000000003,1096550.0,0.2418,2.3965,40.6164,0.608,12.687000000000001,0.0,42.7875,2.0632,0.33445,6.8523,12.687000000000001,11.14575,1.6628,3.2461,3774685000.0,226357000.0,409065000.0,,,,523522000.0,,Commercial Services
CTAS,2012,Cintas Corporation,Commercial Services,North America,United States,48.0,66.0,70.0,59.666666666666664,34.885000000000005,617700.0,0.2529,2.6218000000000004,40.4092,0.60425,13.3082,0.0,42.1294,2.4661,0.3546,7.3647,13.3082,11.6899,1.84895,3.61835,3547339000.0,215620000.0,390809000.0,1497817000.0,3969736000.0,,,,Commercial Services
CTAS,2013,Cintas Corporation,Commercial Services,North America,United States,49.0,67.0,72.0,61.0,41.485,437900.0,0.2552,2.921,41.8523,0.5961,13.5427,0.0,41.4539,2.6242,0.372,7.5505,13.5427,12.0835,1.9347,3.9319,3810384000.0,246989000.0,440343000.0,1609287000.0,4351940000.0,,,,Commercial Services
CTAS,2014,Cintas Corporation,Commercial Services,North America,United States,49.0,65.0,70.0,60.0,66.8,629050.0,0.2391,2.5195,40.8711,0.59,16.164,0.0,42.855,2.7218,0.3711,10.7187,16.164,14.7477,2.2075,4.7065,4102000000.0,297637000.0,539627000.0,1738608000.0,4165706000.0,,,,Commercial Services
CTAS,2015,Cintas Corporation,Commercial Services,North America,United States,49.0,66.0,63.0,58.5,79.945,553300.0,0.2739,1.8075,40.5446,0.6755,15.9315,0.0,43.7191,2.7505,0.3622,10.162,15.9315,14.3646,2.5758,5.7446,4245964000.0,315442000.0,565978000.0,1753309000.0,4345632000.0,,,,Commercial Services
CTAS,2016,Cintas Corporation,Commercial Services,North America,United States,48.875,66.02000000000001,62.7,58.33,92.255,612250.0,0.3016,2.1378,42.4698,0.608,16.1005,0.0,45.2078,2.6329,0.3445,11.0439,16.1005,14.9868,2.8935,6.0201,4193844000.0,374442000.0,602720000.0,1749759000.0,4462452000.0,,605969000.0,,Commercial Services
CTAS,2017,Cintas Corporation,Commercial Services,United States and Canada,United States,48.13,63.06666666666666,59.78333333333333,56.27,121.71,468400.0,0.2302,1.7702,44.7778,1.1101,14.6418,0.0,44.5935,3.0797,0.4982,8.535,14.6418,12.8466,1.9736,5.395,4369677000.0,430618000.0,683639000.0,1892923000.0,4185674000.0,,,,Commercial Services
CTAS,2018,Cintas Corp,Commercial Services,United States and Canada,United States,43.88,60.02,55.75,52.489999999999995,175.26,487000.0,0.233,2.5494,44.7924,0.8405,15.9025,0.0,45.1128,3.0393,0.4559,12.5158,15.9025,14.4375,2.9167,6.3523,4795772000.0,693520000.0,768941000.0,2101340000.0,4098815000.0,,,,Commercial Services
CTAS,2019,Cintas Corp,Commercial Services,United States and Canada,United States,41.755,56.185,57.775,50.80500000000001,233.58999999999997,457550.0,0.2364,1.983,46.0401,0.943,17.5283,0.0,46.2314,2.8606,0.4541,13.3489,17.5283,16.1061,,7.937,5323381000.0,480708000.0,773691000.0,2380295000.0,7211341000.0,,763887000.0,,Commercial Services
CTSH,2010,Cognizant Technology Solutions Corporation,Software & Services,North America,United States,43.5,47.0,58.0,48.5,25.61,6052400.0,0.2866,4.0224,76.0366,0.0,18.6648,0.0,42.1622,0.0,0.0,15.7306,18.6648,18.9641,4.5741,5.7517,2816304000.0,430845000.0,516670000.0,,,,429705000.0,,Software & Services
CTSH,2011,Cognizant Technology Solutions Corporation,Software & Services,North America,United States,52.25,58.0,64.5,58.0,34.845,4921700.0,0.3021,3.663,71.3349,0.0,18.3017,0.0,42.133700000000005,0.0,0.0,14.1865,18.3017,18.6909,4.4047,5.7651,3278663000.0,534963000.0,618490000.0,,,,672325000.0,,Software & Services
CTSH,2012,Cognizant Technology Solutions Corporation,Software & Services,North America,United States,65.0,72.5,74.25,70.75,32.665,4375900.0,0.3098,3.5838,75.0375,0.0,18.533549999999998,0.0,41.8465,0.0,0.0,14.27345,18.533549999999998,18.805100000000003,4.4556,6.056,4592389000.0,733540000.0,861852000.0,,,,764654000.0,,Software & Services
CTSH,2013,Cognizant Technology Solutions Corporation,Software & Services,North America,United States,68.0,76.0,81.0,75.0,36.485,4017100.0,0.3027,3.5824,73.8193,0.0,19.0121,0.0,40.0897,0.0,0.0,13.8623,19.0121,19.1519,4.1962,5.6428,6121156000.0,883618000.0,1136468000.0,,,,875152000.0,,Software & Services
CTSH,2014,Cognizant Technology Solutions Corporation,Software & Services,North America,United States,67.0,65.0,64.0,65.0,49.755,4176000.0,0.2389,2.477,75.256,0.2116,17.4834,0.0,40.2283,0.0,0.108,13.221,17.4834,17.6949,3.1588,4.6846,7346472000.0,1051263000.0,1361496000.0,,,,1172583000.0,,Software & Services
CTSH,2015,Cognizant Technology Solutions Corporation,Software & Services,North America,United States,69.2,71.0,66.8,69.6,59.72,3170250.0,0.2598,3.4006,73.0023,0.1244,17.1199,0.0,40.1887,0.0,0.0925,13.1106,17.1199,17.3736,3.2448,4.5678,8843200000.0,1228600000.0,1677900000.0,,,,1423800000.0,,Software & Services
CTSH,2016,Cognizant Technology Solutions Corporation,Software & Services,North America,United States,68.166,68.02000000000001,64.99000000000001,67.306,55.1,4233900.0,0.2517,3.564,75.9957,0.0871,16.8839,0.0,39.8494,0.0,0.0739,12.0162,16.8839,17.6558,2.9168,3.8777,10263000000.0,1439000000.0,1885000000.0,,,,1473000000.0,,Software & Services
CTSH,2017,Cognizant Technology Solutions Corporation,Software & Services,United States and Canada,United States,67.2925,59.295,57.665000000000006,61.2875,64.55,3534000.0,0.2583,3.2912,75.7524,0.0818,17.163,0.0,38.349,0.0,0.0618,12.8065,17.163,17.4721,3.3721,4.4834,12416000000.0,1624000000.0,2142000000.0,,,,2187000000.0,,Software & Services
CTSH,2018,Cognizant Technology Solutions Corporation,Software & Services,United States and Canada,United States,69.42,61.14,55.82,62.295,74.52,3223800.0,0.267,3.2406,70.336,0.066,16.7837,0.0,39.1859,0.0,0.0574,11.6969,16.7837,16.2335,3.123,4.3451,13487000000.0,1553000000.0,2289000000.0,,,,1645000000.0,,Software & Services
CTSH,2019,Cognizant Technology Solutions Corporation,Software & Services,United States and Canada,United States,69.67,63.51,61.099999999999994,64.755,62.465,3125750.0,0.2669,2.5515,72.839,0.0698,14.9481,0.0,36.5129,0.0,0.0621,11.6996,14.9481,15.4896,,4.644,14810000000.0,1504000000.0,2481000000.0,,,,2407000000.0,,Software & Services
CTXS,2011,"Citrix Systems, Inc.",Software & Services,North America,United States,47.25,48.5,69.0,53.5,54.315,2820200.0,0.1456,1.2483,55.96125,0.0,18.5159,0.0,86.4668,9.7972,0.0,16.3043,18.5159,18.57715,2.3739,3.4654,,,,,,,,,Software & Services
CTXS,2012,"Citrix Systems, Inc.",Software & Services,North America,United States,50.0,55.0,70.0,57.0,58.22,2310800.0,0.14250000000000002,1.2455500000000002,61.78614999999999,0.0,13.36,0.0,84.40095,10.31115,0.0,13.57695,13.36,14.1713,1.9341500000000003,2.8587,,,,,,,,,Software & Services
CTXS,2014,"Citrix Systems, Inc.",Software & Services,North America,United States,51.333333333333336,59.0,66.33333333333333,59.0,50.230000000000004,1878400.0,0.1545,1.0618,71.2828,0.5948,13.7886,0.0,79.4885,13.8426,0.373,11.1838,13.7886,12.6486,1.7276,4.381,,,,,,,,,Software & Services
CTXS,2015,"Citrix Systems, Inc.",Software & Services,North America,United States,51.0,60.0,63.5,58.0,53.459999999999994,1946550.0,0.1448,1.0426,56.5891,0.6317,7.8446,0.0,82.0166,10.4463,0.3871,12.9619,7.8446,6.5609,1.0346,2.6827,,,,,,,,,Software & Services
CTXS,2016,"Citrix Systems, Inc.",Software & Services,North America,United States,47.44333333333333,60.553333333333335,61.68333333333334,56.903333333333336,64.91,1603900.0,0.115,0.8267,67.3571,0.5693,19.8726,0.0,85.3199,7.9633,0.0,19.7239,19.8726,18.7889,1.8867,4.7513,,,,,,,,,Software & Services
CTXS,2017,"Citrix Systems, Inc.",Software & Services,United States and Canada,United States,49.553333333333335,58.336666666666666,60.38333333333333,56.21666666666667,78.98,1424400.0,0.1276,1.4357,70.2776,0.7425,19.787,0.0,84.3237,8.2631,0.4208,15.6989,19.787,19.3713,2.0039,5.7835,,,,,,,,,Software & Services
CTXS,2018,Citrix Systems Inc,Software & Services,United States and Canada,United States,51.83,59.78,58.849999999999994,57.17,102.84,1572900.0,0.1383,0.7519,64.0584,3.3755,22.4962,0.0,85.8129,5.1518,0.5382,20.6664,22.4962,21.7639,2.808,21.0904,,,,,,,,,Software & Services
CVS,2010,CVS Health Corporation,Food Retailers,North America,United States,47.0,49.5,63.0,52.0,25.895,9661250.0,0.3902,1.5071,19.1232,0.3041,6.2523,0.0,21.1505,1.7663,0.1911,3.4198,6.2523,5.69,1.3361,2.2915,87472000000.0,3198000000.0,6046000000.0,18290000000.0,60960000000.0,,3947000000.0,,Food Retailers
CVS,2011,CVS Health Corporation,Food Retailers,North America,United States,49.0,52.333333333333336,67.66666666666667,55.0,29.335,9057650.0,0.4088,1.5552,19.9104,0.2872,5.9384,0.0,19.4122,2.09025,0.21,3.2541,5.9384,5.3573,1.3287,2.3128,98215000000.0,3696000000.0,6425000000.0,20358000000.0,61641000000.0,,4035000000.0,,Food Retailers
CVS,2012,CVS Health Corporation,Food Retailers,North America,United States,53.5,51.0,71.25,56.75,37.44,6702000.0,0.46745000000000003,1.447,18.26325,0.25465,5.78115,0.0,18.21155,2.37475,0.1954,3.23665,5.78115,5.34455,1.51655,2.6433,95778000000.0,3424000000.0,6137000000.0,20219000000.0,62169000000.0,,4779000000.0,,Food Retailers
CVS,2013,CVS Health Corporation,Food Retailers,North America,United States,55.0,51.0,70.0,57.0,49.12,5039900.0,0.4709,1.5657,22.6466,0.2648,6.7456,0.0,18.8745,2.3986,0.1939,3.8532,6.7456,6.3418,1.77,3.2569,107080000000.0,3458000000.0,6331000000.0,20562000000.0,64852000000.0,,5856000000.0,,Food Retailers
CVS,2014,CVS Health Corporation,Food Retailers,North America,United States,56.5,55.5,71.0,59.5,76.825,4167650.0,0.4995,1.3656,23.528,0.3395,6.2637,0.0,17.9004,2.55,0.2345,3.565,6.2637,5.9101,1.782,3.4823,123120000000.0,3862000000.0,7210000000.0,22488000000.0,66221000000.0,,6671000000.0,,Food Retailers
CVS,2015,CVS Health Corporation,Food Retailers,North America,United States,58.5,62.5,73.0,63.5,88.27000000000001,4396650.0,0.4451,1.2951,26.3736,0.7322,6.0857,0.0,17.2368,2.4173,0.4138,3.4222,6.0857,5.6391,1.6227,3.4255,126761000000.0,4592000000.0,8037000000.0,23783000000.0,,,5783000000.0,,Food Retailers
CVS,2016,CVS Health Corporation,Food Retailers,North America,United States,59.411249999999995,56.5075,76.51124999999999,62.525,83.525,4947050.0,0.4738,1.157,27.1348,0.7474,6.3297,0.0,16.7926,2.5873,0.416,3.4518,6.3297,5.5206,1.6377,4.2888,139367000000.0,4644000000.0,8799000000.0,25367000000.0,,,8137000000.0,,Food Retailers
CVS,2017,CVS Health Corporation,Food Retailers,United States and Canada,United States,63.472500000000004,58.11,75.07249999999999,64.2275,70.32,5996900.0,0.4974,1.0495,24.2437,0.7396,5.4113,0.0,15.4111,2.7159,0.4014,2.7825,5.4113,4.465,1.3839,3.6853,153290000000.0,5237000000.0,9475000000.0,26528000000.0,,,8539000000.0,,Food Retailers
CVS,2018,CVS Health Corporation,Food Retailers,United States and Canada,United States,64.54,63.31999999999999,70.9475,65.655,64.62,7496700.0,0.352,2.3431,28.1181,1.7172,1.514,0.0,17.1476,2.6053,0.6239,-0.7699,1.514,0.1874,0.7385,-0.7208,177526000000.0,5317000000.0,10386000000.0,,,,10141000000.0,,Food Retailers
CVS,2019,CVS Health Corporation,Food Retailers,United States and Canada,United States,66.42,53.55666666666667,68.6,61.82333333333333,58.03,8226400.0,0.2944,0.9437,26.3949,1.0973,4.5404,0.0,37.6069,2.5124,0.505,2.6118,4.5404,3.4894,,2.7178,184786000000.0,6622000000.0,9538000000.0,,216668000000.0,157947000000.0,8007000000.0,,Food Retailers
CVX,2010,Chevron Corporation,Oil & Gas Producers,North America,United States,46.0,51.666666666666664,54.0,50.0,51.64,9598750.0,0.2924,1.6567,32.5729,0.1044,16.2326,0.0,33.7012,5.945,0.0921,9.8007,16.2252,16.2252,2.8793,5.0278,273005000000.0,23931000000.0,43057000000.0,,,,29632000000.0,,Oil & Gas Producers
CVX,2011,Chevron Corporation,Oil & Gas Producers,North America,United States,45.75,53.5,54.25,50.0,69.62,8209300.0,0.3157,1.5843,30.8228,0.0831,19.155,0.0,34.9121,6.776,0.0743,11.2143,19.155,19.155,3.847,6.4573,171636000000.0,10483000000.0,18528000000.0,,,,19373000000.0,,Oil & Gas Producers
CVX,2012,Chevron Corporation,Oil & Gas Producers,North America,United States,41.0,50.666666666666664,56.666666666666664,48.666666666666664,76.06,6049900.0,0.2712,1.6391,31.9163,0.0832,19.7339,0.0,36.16585,5.4174,0.07015,11.08795,19.7339,19.7339,3.07815,5.21935,204928000000.0,19024000000.0,32055000000.0,,,,31354000000.0,,Oil & Gas Producers
CVX,2013,Chevron Corporation,Oil & Gas Producers,North America,United States,39.0,51.0,54.0,48.0,88.67,5409950.0,0.2351,1.5985,33.2921,0.1358,14.9715,0.0,34.7247,5.5401,0.1113,8.7788,14.9715,14.9715,2.0158,3.4202,253706000000.0,26895000000.0,47634000000.0,,,,41095000000.0,,Oil & Gas Producers
CVX,2014,Chevron Corporation,Oil & Gas Producers,North America,United States,42.6,56.6,61.8,53.0,87.92,7913500.0,0.1732,1.3228,32.6818,0.1781,11.682,0.0,40.5897,4.2092,0.1333,7.5312,11.682,11.682,1.3051,2.2229,241909000000.0,26179000000.0,46332000000.0,,,,38812000000.0,,Oil & Gas Producers
CVX,2015,Chevron Corporation,Oil & Gas Producers,North America,United States,42.0,57.0,54.0,51.0,75.765,8214050.0,0.1278,1.3519,37.3481,0.2301,3.3774,0.0,40.7548,2.9618,0.1582,1.4149,3.3774,3.3774,0.2282,0.39,228848000000.0,21423000000.0,35905000000.0,,,,35002000000.0,,Oil & Gas Producers
CVX,2016,Chevron Corporation,Oil & Gas Producers,North America,United States,46.45428571428572,68.14,54.151428571428575,57.05428571428571,83.60499999999999,6904350.0,0.116,1.1669,40.2667,0.3081,1.8097,0.0,37.6112,3.1466,0.2105,1.3176,1.6256,1.6256,0.1684,0.2985,211970000000.0,19241000000.0,31202000000.0,,,,31475000000.0,,Oil & Gas Producers
CVX,2017,Chevron Corporation,Oil & Gas Producers,United States and Canada,United States,51.567499999999995,70.46000000000001,54.3,59.8025,94.17,5188800.0,0.1419,1.0297,35.1101,0.2838,5.8034,0.0,37.964,3.8169,0.1872,5.3915,5.6642,5.6642,0.7783,1.3427,138477000000.0,4587000000.0,4842000000.0,,,,19456000000.0,,Oil & Gas Producers
CVX,2018,Chevron Corporation,Oil & Gas Producers,United States and Canada,United States,50.915,69.24,53.62,58.9225,108.17,6246800.0,0.1668,1.2193,34.3492,0.2335,12.1271,0.0,41.028,4.3025,0.1624,8.8071,11.6133,11.6133,1.4268,2.392,114472000000.0,-497000000.0,-2160000000.0,,,,12690000000.0,,Oil & Gas Producers
CVX,2019,Chevron Corporation,Oil & Gas Producers,United States and Canada,United States,50.74,69.24,54.295,59.03,111.655,5588250.0,0.1518,1.1242,32.9918,0.1947,11.7566,0.0,43.1582,3.5189,0.1377,7.1436,11.2111,11.2111,,1.6444,141722000000.0,9195000000.0,9221000000.0,,,,20338000000.0,,Oil & Gas Producers
CXO,2010,"Concho Resources, Inc.",Oil & Gas Producers,North America,United States,39.5,52.0,57.0,48.5,65.22,761500.0,0.05305,0.6669,93.2844,0.55585,0.20664999999999978,0.0,83.80445,0.0,0.34485,2.81415,0.20664999999999978,-10.327750000000002,-0.27340000000000003,-0.6778,,,,,,,,,Oil & Gas Producers
CXO,2011,"Concho Resources, Inc.",Oil & Gas Producers,North America,United States,37.333333333333336,48.333333333333336,62.333333333333336,47.666666666666664,91.62,914550.0,0.0697,0.6883,78.1046,0.6555,53.097118999999736,0.0,82.66730000000001,0.0,0.3918,41.736046,53.097118999999736,55.153459999999995,3.8465,8.6173,,,,,,,,,Oil & Gas Producers
CXO,2012,"Concho Resources, Inc.",Oil & Gas Producers,North America,United States,42.0,52.0,63.0,51.0,91.15,946300.0,0.0521,0.7096,83.8231,0.8394999999999999,26.99595,0.0,80.90485,0.0,0.45105,11.16695,26.99595,17.0802,0.6178,1.52365,,,,,,,,,Oil & Gas Producers
CXO,2013,"Concho Resources, Inc.",Oil & Gas Producers,North America,United States,42.0,50.0,60.0,50.0,91.03999999999999,1039350.0,0.0659,0.6882,76.4103,0.9771,32.5397,0.0,80.9485,0.0,0.4914,15.0501,32.5397,21.833,0.9212,2.3658,,,,,,,,,Oil & Gas Producers
CXO,2014,"Concho Resources, Inc.",Oil & Gas Producers,North America,United States,42.0,51.666666666666664,60.666666666666664,50.0,114.42500000000001,1266100.0,0.0655,0.9397,75.2942,0.7017,30.5968,0.0,80.797,0.0,0.4124,13.8143,30.5968,22.1856,0.9151,2.3647,,,,,,,,,Oil & Gas Producers
CXO,2015,"Concho Resources, Inc.",Oil & Gas Producers,North America,United States,42.0,50.0,62.0,50.0,108.365,1525850.0,0.037,1.0409,87.3628,0.6171,17.0232,0.0,70.1979,0.0,0.3763,0.0416,17.0232,1.2827,-0.0054,-0.0099,,,,,,,,,Oil & Gas Producers
CXO,2016,"Concho Resources, Inc.",Oil & Gas Producers,North America,United States,41.7875,49.88,59.51,49.4575,118.85,1504600.0,0.0372,1.9319,82.6336,0.381,-19.840792999999998,0.0,75.814,0.0,0.2759,-21.290181999999994,-19.840792999999998,-25.906755999999998,-1.0314,-1.6398,,,,,,,,,Oil & Gas Producers
CXO,2017,Concho Resources Inc.,Oil & Gas Producers,United States and Canada,United States,45.995,48.09,59.3,50.16,128.33,1179700.0,0.0465,0.6605,70.9091,0.3149,-12.2807,0.0,75.4386,0.0,0.239,26.8078,-12.2807,-25.906755999999998,1.1184,1.7413,,,,,,,,,Oil & Gas Producers
CXO,2018,Concho Resources Inc,Oil & Gas Producers,United States and Canada,United States,48.83,48.33,61.3,51.75,140.72,1650400.0,0.0473,0.7624,68.4815,0.2397,21.4815,0.0,77.8836,7.6857,0.1934,14.4974,21.4815,18.7302,0.9261,1.3851,,,,,,,,,Oil & Gas Producers
CXO,2019,Concho Resources Inc,Oil & Gas Producers,United States and Canada,United States,50.875,52.370000000000005,62.42,54.36,98.295,1694700.0,0.0442,0.8926,64.1413,0.2379,-19.840792999999998,0.0,73.913,10.0,0.1902,-8.6069,-19.840792999999998,-13.3097,,-0.5401,,,,,,,,,Oil & Gas Producers
D,2010,"Dominion Resources, Inc.",Utilities,North America,United States,64.0,77.0,69.0,69.0,27.03,2773650.0,0.0812,1.1241,50.6031,1.3972,28.3291,0.0,57.1634,1.3153,0.5678,14.557,28.3291,24.1266,1.3711,4.7871,15895000000.0,1834000000.0,3484000000.0,,,,2676000000.0,,Utilities
D,2011,"Dominion Resources, Inc.",Utilities,North America,United States,65.0,72.0,66.0,67.0,32.68,2399700.0,0.0804,0.9291,49.86295,1.656,22.1095,0.0,55.6475,1.2285,0.5959,10.34315,22.1095,15.8879,0.8425,3.1619,14798000000.0,1287000000.0,2569000000.0,,,,3786000000.0,,Utilities
D,2012,"Dominion Resources, Inc.",Utilities,North America,United States,59.4,71.8,71.6,66.0,36.945,2007800.0,0.06864999999999999,0.7007,47.595,1.7362,20.8985,0.0,59.8003,1.0191,0.58935,7.4291,20.8985,15.4077,0.6399,2.4847,14927000000.0,2808000000.0,5851000000.0,,,,1825000000.0,,Utilities
D,2013,"Dominion Resources, Inc.",Utilities,North America,United States,53.333333333333336,69.0,74.33333333333333,63.333333333333336,43.775,2234950.0,0.0636,0.8074,49.7416,1.9564,25.2433,0.0,57.7181,1.1718,0.6226,13.5322,25.2433,19.4035,0.8683,3.7365,13765000000.0,1408000000.0,2880000000.0,,,,2983000000.0,,Utilities
D,2014,"Dominion Resources, Inc.",Utilities,North America,United States,53.0,74.0,76.5,65.0,56.125,2451600.0,0.0542,0.7801,49.9388,2.1707,21.6786,0.0,63.5746,0.7603,0.6458,8.2569,21.6786,7.6113,0.4583,2.0825,12835000000.0,569000000.0,2858000000.0,,,,4137000000.0,,Utilities
D,2015,"Dominion Resources, Inc.",Utilities,North America,United States,47.5,72.5,75.5,62.0,55.95,2420300.0,0.0491,0.6112,47.1787,2.0993,28.1398,0.0,71.7919,0.6076,0.6365,15.0346,28.1398,22.1332,0.7472,3.2517,13120000000.0,1697000000.0,3316000000.0,,,,3433000000.0,,Utilities
D,2016,"Dominion Resources, Inc.",Utilities,North America,United States,47.7825,68.4425,75.37,60.875,60.785,2552200.0,0.0431,0.5235,44.3072,2.084,30.0616,0.0,75.9883,0.4826,0.6394,17.398,30.0616,23.6336,0.7528,2.9899,12436000000.0,1310000000.0,2721000000.0,,,,3439000000.0,,Utilities
D,2017,"Dominion Resources, Inc.",Utilities,United States and Canada,United States,48.26666666666667,66.38,76.16666666666667,60.67333333333334,66.54,2202700.0,0.0419,0.4498,44.6321,1.9854,29.6885,0.0,78.5153,0.4473,0.6254,20.9185,29.6885,19.6587,0.9232,3.7618,11683000000.0,1899000000.0,3536000000.0,,,,4475000000.0,,Utilities
D,2018,Dominion Energy Inc,Utilities,United States and Canada,United States,52.307500000000005,65.4325,72.72,61.35,63.95,3774800.0,0.0431,0.619,47.8854,1.8713,24.814,0.0,76.3547,0.5608,0.6118,19.0717,24.814,22.5231,0.68,3.0025,11737000000.0,2123000000.0,3448000000.0,,,,4151000000.0,,Utilities
D,2019,Dominion Energy Inc,Utilities,United States and Canada,United States,52.63666666666666,64.55666666666667,72.06,61.06999999999999,71.61,3512600.0,0.0394,0.6027,47.5164,1.3646,28.8392,0.0,75.5919,0.5621,0.5289,20.3345,28.8392,22.8186,,3.3116,12586000000.0,2999000000.0,3937000000.0,,,,4502000000.0,,Utilities
DAL,2010,"Delta Air Lines, Inc.",Transportation,North America,United States,45.0,50.0,67.0,52.0,11.24,9759950.0,0.1864,0.6418,16.8237,14.316985999999881,10.431,0.0,25.6244,21.25183049999997,0.9481,4.0559,10.431,4.0894,0.8412,50.7692,,-161000000.0,204000000.0,,,,-1707000000.0,,Transportation
DAL,2011,"Delta Air Lines, Inc.",Transportation,North America,United States,54.8,50.6,72.0,57.4,8.08,13650000.0,0.2086,0.6101,16.7484,11.8609,8.6439,0.0,21.9132,18.589550000000003,0.9432,5.0601,8.6439,4.953,0.977,25.2229,28063000000.0,467000000.0,1003000000.0,,,,1379000000.0,,Transportation
DAL,2012,"Delta Air Lines, Inc.",Transportation,North America,United States,62.0,56.0,83.33333333333333,65.0,8.895,10877250.0,0.2176,0.6127499999999999,16.9051,-8.848264,4.3105,0.0,18.57045,18.3736,1.1043500000000002,0.77185,4.3105,0.8129500000000001,0.14705000000000001,-6.27335,31755000000.0,593000000.0,2217000000.0,,,,2832000000.0,,Transportation
DAL,2013,"Delta Air Lines, Inc.",Transportation,North America,United States,60.0,58.0,84.0,65.0,16.845,11485450.0,0.2121,0.6333,16.8932,0.9741,9.4159,0.0,28.3413,7.2839,0.9866,13.0505,9.4159,7.0671,2.9763,72.8249,35115000000.0,1047000000.0,1975000000.0,,,,2834000000.0,,Transportation
DAL,2014,"Delta Air Lines, Inc.",Transportation,North America,United States,60.0,63.0,77.0,65.5,39.125,14641250.0,0.1786,0.5436,30.0591,1.0962,-8.583,0.0,18.5239,9.2254,0.4903,-7.3805,-8.583,-11.8172,-1.3184,-8.079,36670000000.0,1369000000.0,2175000000.0,,44550000000.0,,2476000000.0,,Transportation
DAL,2015,Delta Air Lines Inc.,Transportation,North America,United States,59.0,62.5,77.0,64.5,41.66,9893400.0,0.2029,0.6698,19.0826,0.8507,19.9244,0.0,43.0359,9.1036,0.4069,11.8394,19.9244,18.6549,2.4513,12.7115,37773000000.0,10540000000.0,3400000000.0,,52104000000.0,,4504000000.0,,Transportation
DAL,2016,Delta Air Lines Inc.,Transportation,North America,United States,58.46,60.76333333333334,76.79,63.96,39.224999999999994,9567150.0,0.2023,0.4839,18.1086,0.6047,18.7828,0.0,43.4513,6.9635,0.341,12.0099,18.7828,18.1246,2.4711,10.064,40362000000.0,1485000000.0,2474000000.0,,54005000000.0,,4947000000.0,,Transportation
DAL,2017,Delta Air Lines Inc.,Transportation,United States and Canada,United States,53.0,61.214999999999996,69.74000000000001,60.47,46.5,7050100.0,0.2074,0.4294,19.5199,0.6687,16.4813,0.0,41.5695,5.6893,0.3514,10.4783,16.4813,16.0564,2.2319,8.278,40704000000.0,4526000000.0,7802000000.0,,53134000000.0,,7927000000.0,,Transportation
DAL,2018,Delta Air Lines Inc,Transportation,United States and Canada,United States,52.05,58.405,64.99000000000001,57.825,51.84,6494400.0,0.211,0.3704,18.9517,0.7139,13.7622,0.0,37.6726,6.3675,0.3762,9.4954,13.7622,12.521,1.8568,8.0585,39450000000.0,4195000000.0,6996000000.0,,51850000000.0,,7215000000.0,,Transportation
DAL,2019,Delta Air Lines Inc,Transportation,United States and Canada,United States,52.0175,63.019999999999996,63.64,59.325,55.41,5629000.0,0.1987,0.3436,20.418,0.7158,16.4889,0.0,38.9809,6.9464,0.3558,11.5109,16.4889,15.2122,,9.9217,41138000000.0,3205000000.0,5966000000.0,,53671000000.0,,5023000000.0,,Transportation
DE,2010,Deere & Company,Machinery,North America,United States,52.666666666666664,60.0,72.0,60.333333333333336,48.485,4074800.0,0.1665,2.2427,55.9754,3.895,16.3056,0.0,33.1753,1.5869,0.7277,7.6779,13.4813,13.4813,1.3405,9.7148,6748000000.0,472000000.0,612000000.0,1430000000.0,,,,536431204.0,Machinery
DE,2011,Deere & Company,Machinery,North America,United States,53.25,61.5,71.75,61.0,65.825,4657750.0,0.1781,2.0685,51.413700000000006,3.5091,15.091,0.0,31.1843,1.26925,0.6854,8.5082,12.8896,12.8896,1.5165,9.6704,7131000000.0,617000000.0,989000000.0,1783000000.0,,,,536431204.0,Machinery
DE,2012,Deere & Company,Machinery,North America,United States,57.333333333333336,61.333333333333336,68.33333333333333,61.0,67.36,3385500.0,0.1803,2.1586,55.78375,4.1741,14.698,0.0,30.9223,1.13475,0.72865,8.2166,12.6658,12.6658,1.4854,10.6574,8910000000.0,904000000.0,1341000000.0,2221000000.0,,,,536431204.0,Machinery
DE,2013,Deere & Company,Machinery,North America,United States,71.0,62.0,63.5,65.5,71.85,2826050.0,0.1716,2.1661,53.257,3.9215,17.3019,0.0,31.6886,1.2223,0.7164,9.9317,15.4777,15.4777,1.7084,11.5997,10009000000.0,1056000000.0,1597000000.0,2570000000.0,,,,536431204.0,Machinery
DE,2014,Deere & Company,Machinery,North America,United States,72.0,61.0,64.0,65.5,75.51,2901400.0,0.1462,2.1686,48.2698,4.0768,13.9333,0.0,31.9873,1.4484,0.729,7.2495,12.008,12.0081,1.0596,7.1689,10913000000.0,1084000000.0,1744000000.0,2783000000.0,,,,536400000.0,Machinery
DE,2015,Deere & Company,Machinery,North America,United States,75.0,66.0,67.0,70.0,78.04,2773200.0,0.1289,2.0646,60.2872,4.8083,11.9836,0.0,30.3095,1.2314,0.7502,6.7345,9.7252,9.7252,0.8683,6.6239,9948000000.0,981000000.0,1464000000.0,2374000000.0,,,,536400000.0,Machinery
DE,2016,Deere & Company,Machinery,North America,United States,74.7425,61.605,66.925,68.1975,75.745,2773600.0,0.1149,2.1021,63.6441,5.2669,11.7366,0.0,33.1658,1.2965,0.7741,6.2879,9.3113,9.3113,0.8347,6.5675,36066900000.0,3161700000.0,5218000000.0,1704000000.0,61336000000.0,51436600000.0,,536431204.0,Machinery
DE,2017,Deere & Company,Machinery,United States and Canada,United States,72.61666666666666,57.46333333333333,65.41666666666667,65.51666666666667,115.09,2009700.0,0.1252,2.1202,59.1728,4.3703,14.1679,0.0,32.7775,1.3191,0.7341,8.22,11.3976,11.3976,1.0302,7.4905,7875000000.0,496000000.0,733000000.0,1575000000.0,,,,536400000.0,Machinery
DE,2018,Deere & Co,Machinery,United States and Canada,United States,72.88666666666667,55.56,62.78333333333333,64.30333333333333,142.11,2378800.0,0.1486,1.9128,65.7974,3.9899,14.3675,0.0,31.5924,1.0645,0.7161,8.8281,11.5444,11.5444,1.3129,8.7883,8287000000.0,808000000.0,1169000000.0,1832000000.0,,,,536400000.0,Machinery
DE,2019,Deere & Co,Machinery,United States and Canada,United States,70.93,53.32,57.45,61.405,159.10500000000002,1779400.0,0.1365,1.9945,71.654,3.7503,14.8167,0.0,31.6258,1.0829,0.7044,8.9578,11.0901,11.0901,,7.3268,10720000000.0,1208000000.0,1384000000.0,2414000000.0,,,,536400000.0,Machinery
DFS,2009,Discover Financial Services,Diversified Financials,North America,United States,32.0,44.5,51.0,42.0,6.6,8249100.0,0.0235,0.0,0.0,0.2599,0.0,0.0,0.0,0.0,0.1614,23.1533,0.0,42.5137,0.5439,3.6049,,,,,,,,,Diversified Financials
DFS,2010,Discover Financial Services,Diversified Financials,North America,United States,35.666666666666664,45.0,52.0,44.0,15.135,4085500.0,0.009,0.0,0.0,0.0,0.0,0.0,0.0,0.0,0.0,0.0,0.0,0.0,0.0,0.0,,,,,,,,,Diversified Financials
DFS,2011,Discover Financial Services,Diversified Financials,North America,United States,40.5,47.5,52.0,46.5,19.86,5525250.0,0.0246,0.0,0.0,2.2256,0.0,0.0,0.0,0.0,0.6888,37.9862,0.0,55.153459999999995,0.9465,7.9808,,,,,,,,,Diversified Financials
DFS,2012,Discover Financial Services,Diversified Financials,North America,United States,45.333333333333336,52.666666666666664,53.0,50.0,28.82,4296300.0,0.0116,0.0,0.0,1.06585,0.0,0.0,0.0,0.0,0.33945,33.215424999999996,0.0,54.118725,0.39807499999999996,3.2205,,,,,,,,,Diversified Financials
DFS,2013,Discover Financial Services,Diversified Financials,North America,United States,53.0,58.0,54.0,55.0,39.5,3881200.0,0.024,0.0,0.0,1.7722,0.0,0.0,0.0,0.0,0.6377,33.4876,0.0,54.7137,0.8033,6.0882,,,,,,,,,Diversified Financials
DFS,2014,Discover Financial Services,Diversified Financials,North America,United States,54.0,60.0,53.0,56.0,55.235,2261900.0,0.020900000000000002,0.0,0.0,1.9491,0.0,0.0,0.0,0.0,0.6593,29.561899999999998,0.0,47.98455,0.6425000000000001,4.9082,,,,,,,,,Diversified Financials
DFS,2015,Discover Financial Services,Diversified Financials,North America,United States,55.0,60.5,52.5,56.5,50.715,3177300.0,0.0217,0.0,0.0,2.1524,0.0,0.0,0.0,0.0,0.6815,31.3537,0.0,50.4013,0.7054,5.5966,,,,,,,,,Diversified Financials
DFS,2016,Discover Financial Services,Diversified Financials,North America,United States,55.026666666666664,60.49333333333334,51.76,55.72333333333333,50.715,2772450.0,0.0205,0.0,0.0,2.247,0.0,0.0,0.0,0.0,0.692,33.3703,0.0,49.7783,0.7039,5.6842,,,,,,,,,Diversified Financials
DFS,2017,Discover Financial Services,Diversified Financials,United States and Canada,United States,46.76666666666667,63.163333333333334,53.34,54.51333333333333,60.27,2341800.0,0.019,0.0,0.0,2.39,0.0,0.0,0.0,0.0,0.705,29.9044,0.0,48.7352,0.5824,5.1033,,,,,,,,,Diversified Financials
DFS,2018,Discover Financial Services,Diversified Financials,United States and Canada,United States,46.54666666666666,66.39,55.74333333333334,56.39333333333334,69.92,2034900.0,0.0183,0.0,0.0,2.4464,0.0,0.0,0.0,0.0,0.7098,35.2674,0.0,47.1252,0.6511,6.5014,,,,,,,,,Diversified Financials
DFS,2019,Discover Financial Services,Diversified Financials,United States and Canada,United States,45.82,69.94,58.29,58.28,75.38,1784600.0,0.0187,0.0,0.0,2.1672,0.0,0.0,0.0,0.0,0.6843,35.6497,0.0,47.3108,,6.8893,,,,,,,,,Diversified Financials
DG,2010,Dollar General Corporation,Retailing,North America,United States,36.0,51.0,57.0,48.0,26.79,745750.0,0.3466,1.6115,0.0,0.9103,9.3441,0.0,32.1329,1.2529,0.4764,4.371,9.3441,6.9982,1.5149,3.8339,,,,,,,,,Retailing
DG,2011,Dollar General Corporation,Retailing,North America,United States,36.0,34.333333333333336,56.333333333333336,40.333333333333336,31.11,1568450.0,0.3693,1.522,1.0934,0.6357,9.5541,0.0,31.811500000000002,1.2295,0.3886,4.5476,9.5541,7.3522,1.6158,3.7199,11796380000.0,,953258000.0,3689871000.0,,,,,Retailing
DG,2012,Dollar General Corporation,Retailing,North America,United States,38.0,52.0,55.0,48.0,44.665,2546300.0,0.39505,1.6111,0.21394999999999997,0.61395,9.828800000000001,0.0,31.7376,1.2931,0.38029999999999997,5.4468,9.828800000000001,8.61535,2.1519,4.54985,13035000000.0,,1274065000.0,4176556000.0,,,,,Retailing
DG,2013,Dollar General Corporation,Retailing,North America,United States,40.0,58.0,64.5,53.5,50.239999999999995,2837050.0,0.4066,1.6567,0.1617,0.5488,9.3298,0.0,30.5912,1.1909,0.3527,5.4175,9.3298,8.4147,2.2029,4.5002,14807188000.0,,1490804000.0,4697910000.0,,,,,Retailing
DG,2015,Dollar General Corporation,Retailing,North America,United States,40.0,59.0,69.0,55.0,68.445,3287450.0,0.4489,1.5894,0.211,0.5284,8.7055,0.0,30.4697,1.1578,0.3376,5.1484,8.7055,8.2668,2.3113,4.7407,17504167000.0,,1736185000.0,5435742000.0,,,,,Retailing
DG,2016,Dollar General Corporation,Retailing,North America,United States,39.663333333333334,51.06333333333333,68.60000000000001,51.45666666666667,73.97,2695450.0,0.4641,1.3636,0.3837,0.5649,9.1302,0.0,30.6264,1.1344,0.3327,5.6049,9.1302,8.6728,2.6079,5.477,18909588000.0,,1769093000.0,5802507000.0,,,,,Retailing
DG,2017,Dollar General Corporation,Retailing,United States and Canada,United States,37.62,46.089999999999996,68.48333333333333,48.72333333333333,72.13,2493700.0,0.4771,1.4138,0.6834,0.5434,8.4461,0.0,30.2869,1.166,0.3213,4.9823,8.4461,7.9379,2.3693,5.0551,20368562000.0,1165080000.0,1940294000.0,6306091000.0,,,1391686000.0,,Retailing
DG,2018,Dollar General Corp,Retailing,United States and Canada,United States,37.0,46.12,66.05000000000001,47.91,97.04,2267300.0,0.4894,1.5527,0.9548,0.457,8.0168,0.0,30.4565,1.1468,0.3135,5.967,8.0168,7.6116,2.9204,5.8504,21986598000.0,1251133000.0,2063449000.0,6782638000.0,,,1605041000.0,,Retailing
DG,2019,Dollar General Corp,Retailing,United States and Canada,United States,37.0,46.12,65.65,47.81,134.255,1674150.0,0.3119,1.1407,0.7953,0.4156,7.734,0.0,30.2313,1.0956,0.2935,5.8131,7.734,7.3424,,5.8578,23470967000.0,1538960000.0,2007818000.0,7221359000.0,,,1802108000.0,,Retailing
DGX,2010,Quest Diagnostics Inc.,Healthcare,North America,United States,41.75,56.0,64.25,52.75,42.9,1267650.0,0.2204,1.3521,42.672,0.7968,18.0659,0.0,41.4656,13.7568,0.4222,10.381,18.0659,16.6797,2.4068,5.1722,7249447000.0,581490000.0,1222376000.0,801606000.0,,,1063049000.0,,Healthcare
DGX,2011,Quest Diagnostics Inc.,Healthcare,North America,United States,58.666666666666664,57.333333333333336,66.33333333333333,59.666666666666664,46.765,1456150.0,0.2018,0.7915,44.2001,1.1858,16.8932,0.0,41.4304,12.84895,0.4872,9.0142,16.8932,14.8588,1.953,5.0097,7455243000.0,729111000.0,1359111000.0,795756000.0,,,997418000.0,,Healthcare
DGX,2013,Quest Diagnostics Inc.,Healthcare,North America,United States,58.333333333333336,54.333333333333336,58.666666666666664,57.0,50.36,1288950.0,0.2003,1.1506,46.3507,0.8696,15.9229,0.0,39.7245,12.2314,0.4421,9.0909,15.9229,14.1047,1.7817,4.0878,7392000000.0,471000000.0,987000000.0,800000000.0,,,895000000.0,,Healthcare
DGX,2014,Quest Diagnostics Inc.,Healthcare,North America,United States,63.0,54.0,61.0,58.5,55.72,1401950.0,0.191,0.938,44.5459,0.8642,13.6484,0.0,37.1216,10.7636,0.4268,10.0903,13.6484,10.8338,1.9783,4.5035,7383000000.0,556000000.0,1201000000.0,721000000.0,,,1187000000.0,,Healthcare
DGX,2015,Quest Diagnostics Inc.,Healthcare,North America,United States,64.0,54.0,59.0,58.0,63.004999999999995,1183650.0,0.1866,1.2796,43.8078,0.8074,15.6364,0.0,38.1915,13.5116,0.4359,10.0054,15.6364,11.1412,2.0076,4.2436,7146000000.0,849000000.0,1475000000.0,728000000.0,,,652000000.0,,Healthcare
DGX,2016,Quest Diagnostics Inc.,Healthcare,North America,United States,61.596666666666664,54.593333333333334,60.696666666666665,58.173333333333325,73.515,1013000.0,0.1853,1.5607,46.122,0.8142,17.6923,0.0,38.6207,14.1463,0.4483,10.1857,17.6923,15.5128,2.0151,4.3673,7435000000.0,556000000.0,983000000.0,743000000.0,,,944000000.0,,Healthcare
DGX,2017,Quest Diagnostics Inc.,Healthcare,United States and Canada,United States,62.185714285714276,47.74142857142857,67.27142857142857,57.20857142857143,91.15,875800.0,0.1778,1.4677,45.7243,0.7796,16.056,0.0,35.9786,12.5684,0.4378,10.3541,16.056,13.9009,2.0352,4.3735,7493000000.0,709000000.0,1399000000.0,751000000.0,,,821000000.0,,Healthcare
DGX,2018,Quest Diagnostics Incorporated,Healthcare,United States and Canada,United States,60.5,43.46,57.615,51.97,96.62,902600.0,0.1719,1.1212,49.5269,0.7055,15.8937,0.0,35.2267,12.8632,0.393,11.2758,15.8937,13.7572,2.0663,4.2311,7214000000.0,645000000.0,1277000000.0,694000000.0,,,1116000000.0,,Healthcare
DGX,2019,Quest Diagnostics Incorporated,Healthcare,United States and Canada,United States,59.833333333333336,41.160000000000004,57.169999999999995,50.629999999999995,97.63499999999999,942800.0,0.1627,0.8846,50.1383,0.7217,16.002,0.0,35.2279,11.2857,0.3652,11.5719,16.002,13.8037,,3.9972,7402000000.0,772000000.0,1165000000.0,676000000.0,,,1175000000.0,,Healthcare
DHI,2010,DR Horton Inc.,Homebuilders,North America,United States,39.0,37.5,62.5,44.0,9.965,6200500.0,0.1597,4.7028,1.6328,0.828,0.8752,0.0,16.6709,0.2313,0.453,-0.9279,0.8752,-0.1792,-0.1482,-0.3355,,,,,,,,314914440.0,Homebuilders
DHI,2011,DR Horton Inc.,Homebuilders,North America,United States,38.333333333333336,42.0,63.666666666666664,46.333333333333336,10.4,5496100.0,0.1815,4.8404,1.231,0.6516,3.6602,0.0,17.1477,0.2354,0.3945,3.15295,3.6602,3.0866,0.5214,1.1066,3657600000.0,192000000.0,,206800000.0,,,1141200000.0,317480886.0,Homebuilders
DHI,2013,DR Horton Inc.,Homebuilders,North America,United States,39.0,46.0,58.0,46.0,19.42,6288400.0,0.2043,5.9469,0.0,0.8243,11.002,0.0,23.4759,0.2191,0.4518,7.4954,11.002,11.3552,1.574,3.4323,3636800000.0,787800000.0,72200000.0,,,,18900000.0,,Homebuilders
DHI,2014,DR Horton Inc.,Homebuilders,North America,United States,38.0,45.0,63.0,47.0,22.195,4892250.0,0.2227,6.6714,0.0,0.708,9.2244,0.0,21.2021,0.2271,0.4145,6.1887,9.2244,9.5848,1.3783,2.7072,4354000000.0,956300000.0,242900000.0,,,,-292200000.0,,Homebuilders
DHI,2016,DR Horton Inc.,Homebuilders,North America,United States,38.18666666666667,43.406666666666666,63.11666666666667,46.50666666666666,28.145000000000003,3786350.0,0.2852,6.8966,0.0,0.4816,11.5134,0.0,21.9345,0.2967,0.325,7.5831,11.5134,11.5765,2.2041,3.8355,8024900000.0,533500000.0,814200000.0,,,,-661400000.0,,Homebuilders
DHI,2017,DR Horton Inc.,Homebuilders,United States and Canada,United States,38.54,42.68666666666667,58.75,45.24666666666667,33.02,3648700.0,0.3153,6.913786999999992,0.0,0.3935,11.5217,0.0,21.5893,0.3099,0.2824,7.5329,11.5217,11.7382,2.4129,3.8861,10824000000.0,750700000.0,1123400000.0,,,,700400000.0,,Homebuilders
DHI,2018,D.R. Horton Inc,Homebuilders,United States and Canada,United States,41.623333333333335,43.54,54.78333333333334,45.67666666666667,41.72,4203100.0,0.3192,6.913786999999992,0.0,0.3528,13.1423,0.0,23.2193,0.3297,0.2608,10.2316,13.1423,13.4908,3.3228,5.1207,12157400000.0,886300000.0,1353500000.0,,,,623900000.0,,Homebuilders
DHI,2019,D.R. Horton Inc,Homebuilders,United States and Canada,United States,39.22,48.54,52.45,46.26,44.39,4341150.0,0.3223,6.913786999999992,0.0,0.3516,12.1211,0.0,22.9693,0.3274,0.2601,10.026,12.1211,13.0152,,4.8254,14091000000.0,1038400000.0,1602100000.0,,,,440200000.0,,Homebuilders
DHR,2010,Danaher Corp.,Industrial Conglomerates,North America,United States,51.0,49.0,57.0,51.5,19.54,4712350.0,0.1455,1.7733,58.423,0.2173,17.2398,0.0,52.1184,1.2985,0.1765,14.6618,17.2398,16.4611,1.9333,3.1187,12697456000.0,1317631000.0,1869477000.0,5940194000.0,17490100000.0,7681600000.0,1859029000.0,,Industrial Conglomerates
DHR,2011,Danaher Corp.,Industrial Conglomerates,North America,United States,40.75,51.0,55.5,48.0,24.235,4596000.0,0.1452,1.53115,60.8773,0.356,16.521,0.0,49.3384,1.1481,0.2598,12.1008,16.5209,15.7347,1.6833,3.112,10516681000.0,1151704000.0,1439682000.0,5070097000.0,,,1800834000.0,,Industrial Conglomerates
DHR,2013,Danaher Corp.,Industrial Conglomerates,North America,United States,42.0,50.0,57.0,48.0,31.935000000000002,3204200.0,0.1431,1.9918,62.3379,0.1639,17.3995,0.0,51.9308,1.1732,0.1388,13.0195,17.3995,17.009,1.8629,3.0288,16090500000.0,2172300000.0,2617200000.0,8176600000.0,29949500000.0,,2626300000.0,,Industrial Conglomerates
DHR,2014,Danaher Corp.,Industrial Conglomerates,North America,United States,48.5,50.5,57.0,51.5,41.004999999999995,3497000.0,0.1464,1.7477,57.2477,0.1481,16.3793,0.0,51.7555,1.466,0.1267,12.2148,16.3793,17.8026,1.7888,2.8218,18260400000.0,2392200000.0,3165100000.0,9414300000.0,32941000000.0,,3415000000.0,,Industrial Conglomerates
DHR,2015,Danaher Corp.,Industrial Conglomerates,North America,United States,48.0,51.0,57.0,51.0,43.385,3870350.0,0.0707,1.27,100.094,0.5416,13.6667,0.0,53.9092,0.6916,0.332,39.955,13.6667,12.9235,0.7643,1.6386,18283100000.0,2695000000.0,3120500000.0,9342000000.0,34672200000.0,,3585300000.0,,Industrial Conglomerates
DHR,2016,Danaher Corp.,Industrial Conglomerates,North America,United States,47.85666666666666,54.21,59.65,53.026666666666664,62.96,3168800.0,0.1001,1.3631,67.1237,0.5317,16.7401,0.0,55.323,1.0782,0.2954,15.4813,16.7401,15.191,0.9749,1.7305,12866900000.0,2598400000.0,2045000000.0,6849500000.0,36991700000.0,,3758400000.0,,Industrial Conglomerates
DHR,2017,Danaher Corp.,Industrial Conglomerates,United States and Canada,United States,45.05666666666667,54.05666666666667,57.81666666666666,51.403333333333336,83.84,2342900.0,0.0988,1.4294,64.6866,0.4298,16.7661,0.0,55.0387,1.0524,0.2971,12.6342,16.7661,16.1168,1.2209,2.2541,14433700000.0,3357400000.0,2162200000.0,7771100000.0,48222200000.0,,3801800000.0,,Industrial Conglomerates
DHR,2018,Danaher Corporation,Healthcare,United States and Canada,United States,53.85,53.2425,57.29,54.605,99.82,2269900.0,0.1017,1.5011,61.6264,0.3835,17.4162,0.0,55.4388,1.0656,0.2761,13.6758,17.4162,16.7657,1.3908,2.3973,16882400000.0,2553700000.0,2735200000.0,9334600000.0,45295300000.0,,3521800000.0,,Healthcare
DHR,2019,Danaher Corp,Healthcare,United States and Canada,United States,54.6,52.653999999999996,59.25,55.122,136.195,2309950.0,0.0784,3.43,70.5015,0.5303,18.263,0.0,55.7652,0.957,0.3325,15.9433,18.263,18.5218,,2.2095,15518800000.0,2492100000.0,2572300000.0,8571300000.0,46648600000.0,,3477800000.0,,Healthcare
DIS,2010,The Walt Disney Company,Media,North America,United States,61.5,53.0,72.0,60.5,29.72,10789850.0,0.1464,1.1114,53.4346,0.3189,17.9918,0.0,18.1038,5.8419,0.2048,12.1501,17.9918,19.2609,1.8802,3.3569,,,,,,,,,Media
DIS,2011,The Walt Disney Company,Media,North America,United States,63.4,57.4,74.8,63.6,34.28,10096150.0,0.1452,1.1136,53.3698,0.3543,19.05135,0.0,19.122349999999997,5.3655,0.2168,12.00445,19.05135,19.5223,1.8966500000000002,3.51455,,,,,,,,,Media
DIS,2012,The Walt Disney Company,Media,North America,United States,65.0,68.0,73.0,68.5,42.47,8198400.0,0.144,1.1062,54.591,0.3571,18.381999999999998,0.0,18.772,5.58575,0.22699999999999998,12.02815,18.381999999999998,19.6068,1.8559,3.3142500000000004,,,,,,,,,Media
DIS,2013,The Walt Disney Company,Media,North America,United States,60.0,64.0,74.5,65.5,58.17,7173550.0,0.1437,1.2055,54.2038,0.3256,21.4965,0.0,25.9458,5.8526,0.2097,14.9484,21.4965,23.885,2.2894,4.0257,,,,,,,,,Media
DIS,2014,The Walt Disney Company,Media,North America,United States,57.0,57.0,75.0,62.0,83.245,6946950.0,0.1539,1.0259,57.7395,0.3461,23.9564,0.0,42.8273,5.187,0.2029,16.2945,23.9564,25.1064,2.5783,4.6952,,,,,,,,,Media
DIS,2015,Walt Disney Company,Media,North America,United States,59.0,59.0,75.0,63.0,101.03999999999999,6786000.0,0.1532,1.026,55.0401,0.3563,25.6363,0.0,45.5669,4.6817,0.2079,18.8927,25.6363,28.5883,3.0206,5.225,,,,,,,,,Media
DIS,2016,Walt Disney Company,Media,North America,United States,58.74400000000001,60.757999999999996,75.3,63.89000000000001,92.29,7051150.0,0.157,0.9748,60.1339,0.4262,25.0676,0.0,44.4149,5.3183,0.2391,16.7681,25.0676,25.1962,2.7169,5.2738,,,,,,,,,Media
DIS,2017,Walt Disney Company,Media,United States and Canada,United States,57.78,66.295,70.98,65.34,102.89,6492700.0,0.1535,0.8691,60.8005,0.5541,24.6108,0.0,43.548,5.9362,0.2982,16.6175,24.6108,24.3958,2.6673,5.3723,,,,,,,,,Media
DIS,2018,Walt Disney Company,Media,United States and Canada,United States,65.64,61.94,66.31333333333333,63.95666666666667,107.37,7337800.0,0.1531,0.942,59.5174,0.3951,22.3355,0.0,43.3245,6.3147,0.2444,18.2187,22.3355,22.4204,3.0964,5.122,,,,,,,,,Media
DIS,2019,Walt Disney Co,Media,United States and Canada,United States,65.24,63.47,67.86,65.01,132.29500000000002,8482650.0,0.0986,0.7982,72.8708,0.5073,12.5555,0.0,37.5971,8.2852,0.2865,8.6862,12.5555,9.9151,,1.6771,55137000000.0,8980000000.0,14775000000.0,,,,,,Media
DISCA,2018,Discovery Inc,Media,United States and Canada,United States,47.326666666666675,42.57333333333333,65.66000000000001,49.53333333333333,26.04,4489200.0,0.0849,1.0585,86.8998,1.7804,22.8471,0.0,65.0264,0.0,0.6172,7.5923,22.8471,12.8998,0.4102,2.5348,,,,,,,,,Media
DISH,2010,Dish Network Corp.,Media,North America,United States,48.0,30.0,60.0,43.0,17.634999999999998,2730250.0,0.3452,1.1742,22.4334,-4.5996,15.6984,0.0,42.3358,3.585,1.2792,7.8535,15.6984,12.4558,2.6362,-17.2945,,,,,,,,,Media
DISH,2011,Dish Network Corp.,Media,North America,United States,37.333333333333336,36.333333333333336,52.666666666666664,41.0,22.835,2528800.0,0.2764,1.3319,20.7548,-8.848264,19.993,0.0,43.741150000000005,3.0566,1.0126,9.3244,19.993,15.6825,2.6103,-50.534578999999994,,,,,,,,,Media
DISH,2012,Dish Network Corp.,Media,North America,United States,40.0,41.0,52.0,43.5,30.25,1955050.0,0.22970000000000002,1.93025,20.955849999999998,14.316985999999881,13.1126,0.0,42.00675,3.2249499999999998,0.9858,6.3199,13.1126,10.4096,1.4687999999999999,10.841999999999999,,,,,,,,,Media
DISH,2013,Dish Network Corp.,Media,North America,United States,40.0,46.0,53.0,46.0,42.285,2251900.0,0.1737,3.0315,27.3302,14.316985999999881,11.9941,0.0,38.3392,3.7232,0.9494,8.14,11.9941,10.8834,1.4258,29.1123,,,,,,,,,Media
DISH,2014,Dish Network Corp.,Media,North America,United States,39.0,44.0,53.0,45.0,65.03,1807000.0,0.167,3.0522,23.2594,7.1703,14.5285,0.0,36.3585,4.7455,0.8723,11.1342,14.5285,10.7102,1.8504,20.2731,,,,,,,,,Media
DISH,2015,Dish Network Corp.,Media,North America,United States,39.5,44.0,51.0,44.5,67.455,1327050.0,0.1684,2.501,21.819,5.0062,11.831,0.0,34.4198,5.992,0.8164,5.2625,11.831,8.8639,0.877,7.0954,,,,,,,,,Media
DISH,2016,Dish Network Corp.,Media,North America,United States,39.84,43.135000000000005,50.875,44.245,51.565,2102250.0,0.1366,1.7213,19.4901,3.8378,15.266,0.0,35.5292,5.2432,0.7835,9.4728,15.2661,14.8439,1.3176,7.9761,,,,,,,,,Media
DISH,2017,Dish Network Corp.,Media,United States and Canada,United States,42.43,38.9825,50.74,42.7825,61.14,2033200.0,0.1214,0.6303,17.672,2.9461,7.4425,0.0,32.4865,7.5866,0.7314,8.2986,7.4425,9.1641,1.0679,5.6771,,,,,,,,,Media
DISH,2018,Dish Network Corp.,Media,United States and Canada,United States,46.36,38.004999999999995,50.16,43.135,34.87,2756700.0,0.1127,0.6887,17.4146,1.8388,16.5468,0.0,32.2274,7.5456,0.6259,12.6766,16.5468,17.3902,1.5018,5.4907,,,,,,,,,Media
DLR,2010,Digital Realty Trust Inc.,Real Estate,North America,United States,38.0,60.0,52.0,49.0,36.47,1065800.0,0.0448,0.0,0.0,1.3283,27.4227,0.0,0.0,0.0,0.5696,4.6039,27.4227,10.3492,0.4569,1.5899,,,,,,,,,Real Estate
DLR,2011,Digital Realty Trust Inc.,Real Estate,North America,United States,38.0,60.0,60.0,51.0,39.3,1071700.0,0.0469,0.0,0.0,1.1394,28.6396,0.0,0.0,0.0,0.5317,11.9419,28.6396,14.3575,0.6756,2.152,637142000.0,87662000.0,177789000.0,,,,283809000.0,,Real Estate
DLR,2012,Digital Realty Trust Inc.,Real Estate,North America,United States,41.25,44.25,55.75,46.75,49.15,1015000.0,0.04215,0.0,0.0,1.2324000000000002,28.734099999999998,0.0,0.0,0.0,0.55175,13.57765,28.734099999999998,17.240299999999998,0.71815,2.15825,865401000.0,102294000.0,242306000.0,,,,359029000.0,,Real Estate
DLR,2013,Digital Realty Trust Inc.,Real Estate,North America,United States,45.0,48.0,52.5,48.0,43.84,1321450.0,0.0396,0.0,0.0,1.3112,25.7409,0.0,0.0,0.0,0.5673,12.951,25.7409,16.4596,0.6491,2.0642,1062710000.0,156265000.0,304310000.0,,,,,,Real Estate
DLR,2015,Digital Realty Trust Inc.,Real Estate,North America,United States,60.0,48.0,50.5,53.5,53.855,1025700.0,0.0438,0.0,0.0,1.2773,23.8836,0.0,0.0,0.0,0.5609,8.8355,23.8836,13.6692,0.6088,2.1065,1482259000.0,314488000.0,381812000.0,,,,656390000.0,,Real Estate
DLR,2016,Digital Realty Trust Inc.,Real Estate,North America,United States,74.35499999999999,45.925,52.405,59.245,80.61,1438150.0,0.0456,0.0,0.0,1.1594,21.8082,0.0,0.0,0.0,0.5369,13.4681,21.8082,17.0677,0.7885,2.3339,1616438000.0,200183000.0,258666000.0,,,,655888000.0,,Real Estate
DLR,2017,Digital Realty Trust Inc.,Real Estate,United States and Canada,United States,68.318,42.955999999999996,58.262,57.69200000000001,102.04,1106000.0,0.0342,0.0,0.0,0.7827,16.0228,0.0,0.0,0.0,0.436,7.2878,16.0228,10.965,0.3722,0.8128,1763336000.0,296689000.0,401911000.0,,,,796840000.0,,Real Estate
DLR,2018,Digital Realty Trust Inc,Real Estate,United States and Canada,United States,56.11,50.26,54.44,53.86,100.47,1225600.0,0.0353,0.0,0.0,0.8529,18.0857,0.0,0.0,0.0,0.4603,8.6279,18.0857,11.9589,0.4206,0.9234,2142213000.0,426187000.0,497286000.0,,,,911242000.0,,Real Estate
DLTR,2010,"Dollar Tree, Inc.",Retailing,North America,United States,38.0,33.0,67.0,43.0,21.005000000000003,3022800.0,0.6104,2.4451,0.0,0.1929,9.275,0.0,35.0896,1.19,0.1532,5.6608,9.275,9.0718,3.4555,0.0,4644900000.0,229500000.0,365800000.0,1592200000.0,,,403100000.0,,Retailing
DLTR,2011,"Dollar Tree, Inc.",Retailing,North America,United States,35.666666666666664,36.333333333333336,68.0,43.666666666666664,32.64,2708200.0,0.6492,2.6263,0.0,0.1793,10.3282,0.0,35.13905,1.2287,0.144,6.5334,10.3282,10.2844,4.2414,0.0,5231200000.0,320500000.0,512800000.0,1856800000.0,,,581000000.0,,Retailing
DLTR,2013,"Dollar Tree, Inc.",Retailing,North America,United States,43.0,45.0,70.0,50.0,51.095,1775250.0,0.6538,2.2471,0.0,0.1559,10.8523,0.0,35.0135,1.1845,0.1287,6.7227,10.8523,10.8254,4.3499,0.0,6630500000.0,488300000.0,782100000.0,2378300000.0,,,686500000.0,,Retailing
DLTR,2014,"Dollar Tree, Inc.",Retailing,North America,United States,43.0,47.0,70.0,51.0,56.4,2112900.0,0.6221,2.0728,0.0,0.4776,10.4859,0.0,34.6172,1.0498,0.3232,6.3478,10.4859,9.9895,3.9493,0.0,7394500000.0,619300000.0,920100000.0,2652700000.0,,,678300000.0,,Retailing
DLTR,2015,"Dollar Tree, Inc.",Retailing,North America,United States,47.0,47.0,70.66666666666667,53.0,77.24,2504150.0,0.2003,2.1824,0.0,2.0629,4.5236,0.0,28.4006,1.113,0.6713,1.6562,4.5236,2.5216,0.4904,0.0,7840300000.0,596700000.0,970300000.0,2789800000.0,,,794100000.0,,Retailing
DLTR,2016,"Dollar Tree, Inc.",Retailing,North America,United States,45.2875,43.9275,70.22,50.9775,81.185,2157800.0,0.3088,2.0361,0.0,1.5033,7.1493,0.0,30.4003,1.171,0.5957,3.4309,7.1493,5.402,1.0596,0.0,8602200000.0,599200000.0,1040200000.0,3034000000.0,,,942800000.0,,Retailing
DLTR,2017,"Dollar Tree, Inc.",Retailing,United States and Canada,United States,42.43,45.07,68.75333333333333,50.06666666666666,78.54,2386500.0,0.338,1.9094,0.0,0.9831,7.9433,0.0,30.8225,1.2475,0.4884,4.427,7.9433,6.5061,1.5053,0.0,15498400000.0,282400000.0,1049700000.0,4656700000.0,,,802500000.0,,Retailing
DLTR,2018,"Dollar Tree, Inc.",Retailing,United States and Canada,United States,41.43,46.29,67.62,49.923333333333325,89.89,2720700.0,0.3431,2.2239,0.0,0.6593,7.0015,0.0,30.1852,1.1744,0.3973,4.9569,7.0015,6.1116,1.6926,3.5477,20719200000.0,896200000.0,1704800000.0,6394700000.0,,,1673300000.0,,Retailing
DOV,2010,Dover Corporation,Machinery,North America,United States,58.0,42.0,63.5,53.0,25.490000000000002,2133800.0,0.2157,2.5879,59.0092,0.4205,16.2509,0.0,38.5459,1.5323,0.2903,12.4162,16.2509,14.2466,2.1265,4.2076,7568888000.0,590831000.0,1029330000.0,2730007000.0,7883238000.0,,,,Machinery
DOV,2011,Dover Corporation,Machinery,North America,United States,56.25,43.0,64.75,53.25,33.225,2238350.0,0.2104,2.8343,59.7063,0.4482,15.4139,0.0,38.6915,1.3813,0.3087,11.6379,15.4139,14.006,2.3488,4.5794,5344331000.0,356438000.0,591129000.0,2013144000.0,7882402000.0,,,,Machinery
DOV,2012,Dover Corporation,Machinery,North America,United States,66.25,46.75,70.0,60.0,33.41,2119350.0,0.2079,2.5544000000000002,59.6218,0.4296,16.16745,0.0,38.396150000000006,1.3709500000000001,0.3002,10.99775,16.16745,13.7828,2.0925,4.0146,6109507000.0,700104000.0,923049000.0,2422646000.0,8558743000.0,,,,Machinery
DOV,2013,Dover Corporation,Machinery,North America,United States,71.0,52.0,66.0,63.0,45.39,1370950.0,0.1819,1.6166,65.149,0.5416,16.5699,0.0,38.9827,1.2828,0.3054,13.8704,16.5699,14.9202,2.1213,4.2812,7369154000.0,895243000.0,1123849000.0,2844803000.0,9500552000.0,,,,Machinery
DOV,2014,Dover Corp.,Machinery,North America,United States,71.0,52.0,66.0,62.5,54.42,2288350.0,0.219,1.39,53.999,0.819,13.3214,0.0,36.5969,1.4519,0.3784,8.5591,13.3214,11.6781,1.9029,4.6433,6626648000.0,811070000.0,1059028000.0,2579989000.0,,,,,Machinery
DOV,2015,Dover Corp.,Machinery,North America,United States,71.0,57.0,69.0,66.0,48.705,1916450.0,0.2077,1.6962,59.5091,0.7532,14.3221,0.0,37.2204,1.3461,0.3842,10.4106,14.3221,12.5746,1.8382,4.3322,7155096000.0,1003129000.0,1161670000.0,2778591000.0,,,,,Machinery
DOV,2016,Dover Corp.,Machinery,North America,United States,71.1425,51.4125,70.4475,64.07,50.025,1666950.0,0.1837,1.4484,63.1951,0.8255,12.3405,0.0,36.9951,1.2653,0.4125,7.6172,12.3405,10.609,1.399,3.4333,7752728000.0,775235000.0,1215484000.0,2974249000.0,,,,,Machinery
DOV,2017,Dover Corp.,Machinery,United States and Canada,United States,71.31,49.870000000000005,69.55,63.376666666666665,62.6,1314000.0,0.1666,1.3026,72.303,0.814,13.4017,0.0,37.144,1.126,0.4111,10.2366,13.4017,11.8308,1.5196,3.7293,6956311000.0,869829000.0,920762000.0,2568144000.0,,,,,Machinery
DOV,2018,Dover Corp,Machinery,United States and Canada,United States,55.48,46.28,66.45,55.004999999999995,76.94,1495800.0,0.2122,1.3494,64.1309,1.1475,12.5944,0.0,36.9967,1.4827,0.5153,7.826,12.5944,11.0459,1.859,5.7245,6043224000.0,508892000.0,708972000.0,2227552000.0,,,,,Machinery
DOV,2019,Dover Corp,Machinery,United States and Canada,United States,56.19,50.19,63.15,55.84,93.485,879600.0,0.2063,1.4167,62.5764,1.0245,15.2404,0.0,36.8965,1.3946,0.4961,10.9397,15.2404,13.7924,,6.7028,6820886000.0,811665000.0,806886000.0,2529047000.0,,,,,Machinery
DRE,2010,Duke Realty Corporation,Real Estate,North America,United States,42.0,46.0,72.0,52.0,7.76,2978100.0,0.0477,0.0,0.0,1.3609,13.421,0.0,0.0,0.0,0.5764,7.6041,13.421,12.3131,0.3427,1.2561,,,,,,,,,Real Estate
DRE,2011,Duke Realty Corporation,Real Estate,North America,United States,46.666666666666664,49.333333333333336,67.0,53.333333333333336,8.925,2438000.0,0.0416,0.0,0.0,1.3915,12.5105,0.0,0.0,0.0,0.5819,-9.2088,12.5105,-5.0047,-0.2057,-0.7791,,,,,,,,,Real Estate
DRE,2012,Duke Realty Corporation,Real Estate,North America,United States,53.333333333333336,51.333333333333336,63.333333333333336,55.0,10.19,2443050.0,0.0378,0.0,0.0,1.5591499999999998,14.433,0.0,0.0,0.0,0.6092500000000001,-10.9202,14.433,-7.5661,-0.2792,-0.9898,,,,,,,,,Real Estate
DRE,2013,Duke Realty Corporation,Real Estate,North America,United States,53.0,54.0,58.0,55.0,11.955,2503950.0,0.0338,0.0,0.0,1.4451,16.7485,0.0,0.0,0.0,0.591,23.1093,16.7485,-4.6059,-0.1091,-0.3353,,,,,,,,,Real Estate
DRE,2015,Duke Realty Corp.,Real Estate,North America,United States,49.0,54.0,61.0,54.0,16.54,2269000.0,0.0318,0.0,0.0,1.0406,51.038,0.0,0.0,0.0,0.51,37.7128,51.038,24.6909,0.8152,1.7618,,,,,,,,,Real Estate
DRE,2016,Duke Realty Corp.,Real Estate,North America,United States,48.96,49.864999999999995,64.24,53.815,21.43,2469350.0,0.0265,0.0,0.0,0.8524,53.097118999999736,0.0,0.0,0.0,0.4602,41.736046,53.097118999999736,55.153459999999995,1.5681,3.0947,,,,,,,,,Real Estate
DRE,2017,Duke Realty Corp.,Real Estate,United States and Canada,United States,49.123333333333335,44.50666666666666,67.48666666666666,53.25,25.04,2061600.0,0.0267,0.0,0.0,0.4889,37.6573,0.0,0.0,0.0,0.3284,41.736046,37.6573,25.8326,0.8659,1.3985,,,,,,,,,Real Estate
DRE,2018,Duke Realty Corp,Real Estate,United States and Canada,United States,49.18,46.37,68.91,54.265,26.16,2172900.0,0.0296,0.0,0.0,0.5575,30.3577,0.0,0.0,0.0,0.3579,23.5903,30.3577,23.3053,0.9899,1.3534,,,,,,,,,Real Estate
DRE,2019,Duke Realty Corp,Real Estate,United States and Canada,United States,49.18,44.19,73.15,54.88,31.064999999999998,1859350.0,0.0292,0.0,0.0,0.5737,49.8609,0.0,0.0,0.0,0.3646,37.6622,49.8609,38.904,,1.7212,,,,,,,,,Real Estate
DRI,2010,"Darden Restaurants, Inc.",Consumer Services,North America,United States,41.5,39.0,64.0,46.5,27.66,2081400.0,0.3533,0.4485,2.8683,0.893,9.7704,0.0,23.5058,6.457,0.4383,6.2024,9.7704,8.4344,2.1986,6.0575,6626500000.0,377200000.0,514700000.0,,,,,,Consumer Services
DRI,2011,"Darden Restaurants, Inc.",Consumer Services,North America,United States,55.75,49.75,70.5,57.25,30.950000000000003,2053500.0,0.3471,0.5041,2.9846,0.9415,8.6869,0.0,22.4305,4.3918,0.4343,5.4892,8.6869,7.5695,1.9091,5.6113,7217500000.0,372200000.0,512500000.0,,,,,,Consumer Services
DRI,2012,"Darden Restaurants, Inc.",Consumer Services,North America,United States,59.0,59.0,74.0,62.666666666666664,34.565,1766950.0,0.34275,0.4256,2.8362,1.1513,9.79465,0.0,23.9432,3.8361,0.4502,6.3826,9.79465,8.4531,2.19705,7.09895,7113100000.0,404500000.0,543600000.0,,,,,,Consumer Services
DRI,2013,"Darden Restaurants, Inc.",Consumer Services,North America,United States,59.666666666666664,57.0,71.33333333333333,61.666666666666664,35.295,1557450.0,0.2168,0.518,4.8267,1.331,5.4587,0.0,21.1166,3.2363,0.5516,4.5837,5.4587,3.2517,0.5974,2.0372,7500200000.0,476300000.0,647600000.0,,,,,,Consumer Services
DRI,2014,"Darden Restaurants, Inc.",Consumer Services,North America,United States,57.5,56.5,68.5,59.75,41.875,1793850.0,0.2694,0.5508,3.8505,0.7382,-1.3406,0.0,18.5568,6.5618,0.4191,-2.1039,-1.3406,-3.5022,-0.5321,-1.4628,5327100000.0,475500000.0,355100000.0,,,,,,Consumer Services
DRI,2015,"Darden Restaurants, Inc.",Consumer Services,North America,United States,57.5,55.0,67.0,58.5,50.59,1562700.0,0.3104,0.8828,3.5411,0.6025,7.9549,0.0,22.3059,8.0609,0.3723,5.1215,7.9549,6.6271,1.3441,3.3414,5921000000.0,411900000.0,400000000.0,1063300000.0,,,,,Consumer Services
DRI,2016,"Darden Restaurants, Inc.",Consumer Services,North America,United States,57.660000000000004,46.956,69.316,56.83,56.295,1703900.0,0.3907,0.5936,3.2175,0.2377,9.4085,0.0,21.6811,7.8808,0.192,6.4279,9.4085,8.8311,2.5422,6.1678,6285600000.0,503200000.0,308900000.0,1042800000.0,,,,,Consumer Services
DRI,2017,"Darden Restaurants, Inc.",Consumer Services,United States and Canada,United States,54.8575,49.2825,69.12,56.4725,76.86,1431200.0,0.3656,0.3839,3.1905,0.4549,8.7977,0.0,21.3729,8.3645,0.3127,6.1464,8.7977,8.2032,2.3222,5.8921,6764000000.0,709500000.0,367600000.0,1179200000.0,,,,,Consumer Services
DRI,2018,"Darden Restaurants, Inc.",Consumer Services,United States and Canada,United States,44.27,50.494,64.2,51.431999999999995,96.04,1431400.0,0.375,0.4051,3.5298,0.4221,9.1734,0.0,21.3884,8.0297,0.2918,8.0625,9.1734,8.5379,3.2068,7.4235,6933500000.0,375000000.0,622200000.0,1303100000.0,,,,,Consumer Services
DRI,2019,"Darden Restaurants, Inc.",Consumer Services,United States and Canada,United States,41.93666666666667,50.23666666666667,68.15666666666667,51.4,114.725,1129250.0,0.2195,0.4328,2.4859,0.3897,9.4428,0.0,21.2943,8.3227,0.2804,7.9948,9.4428,8.9226,,7.2145,7170200000.0,479100000.0,677500000.0,1329700000.0,,,,,Consumer Services
DTE,2010,DTE Energy Company,Utilities,North America,United States,55.5,63.0,78.0,63.0,31.035,1141900.0,0.086,1.0907,65.9933,1.2064,16.6277,0.0,64.3291,1.0761,0.5116,7.0995,16.6277,10.6025,0.6587,2.4235,,546000000.0,1263000000.0,,24590000000.0,,1559000000.0,,Utilities
DTE,2011,DTE Energy Company,Utilities,North America,United States,60.0,63.0,80.0,66.0,34.92,1038000.0,0.08695,1.2337,57.67665,1.153,16.12,0.0,61.766,1.116,0.5168,8.0795,16.12,11.6214,0.7466,2.6395,,532000000.0,1249000000.0,,,,1819000000.0,,Utilities
DTE,2012,DTE Energy Company,Utilities,North America,United States,58.0,67.16666666666667,78.16666666666667,65.83333333333333,43.45,770700.0,0.0845,1.16195,55.82365,1.09975,14.6051,0.0,65.2511,0.9817,0.4937,7.2529,14.6051,10.8296,0.58945,2.1353999999999997,8525000000.0,630000000.0,1470000000.0,,,,1825000000.0,,Utilities
DTE,2013,DTE Energy Company,Utilities,North America,United States,56.333333333333336,63.666666666666664,78.33333333333333,64.0,51.545,846550.0,0.091,0.8474,57.2764,1.0363,10.0225,0.0,57.7528,1.4992,0.4729,4.8954,10.0225,6.7865,0.4858,1.5841,8858000000.0,711000000.0,1421000000.0,,26009000000.0,,2008000000.0,,Utilities
DTE,2014,DTE Energy Company,Utilities,North America,United States,52.0,78.5,78.0,66.5,65.49000000000001,1097350.0,0.1103,1.1688,46.7252,1.0807,17.6088,0.0,19.6881,3.0746,0.5,9.7141,17.6088,14.165,1.0789,3.6082,8791000000.0,610000000.0,1279000000.0,,26339000000.0,,2209000000.0,,Utilities
DTE,2015,DTE Energy Co.,Utilities,North America,United States,51.0,80.5,78.0,66.5,66.225,1010650.0,0.0868,1.1879,48.7817,1.0871,8.9947,0.0,46.9577,1.6457,0.5007,4.806,8.9947,5.776,0.3704,1.2271,9661000000.0,661000000.0,1203000000.0,,25935000000.0,,2154000000.0,,Utilities
DTE,2016,DTE Energy Co.,Utilities,North America,United States,50.68,74.73,78.35000000000001,64.8125,79.195,969100.0,0.0897,1.1992,49.8852,1.1005,11.8998,0.0,47.5068,1.9382,0.515,6.7197,11.8998,8.6207,0.504,1.6479,12301000000.0,905000000.0,1590000000.0,,27827000000.0,,1845000000.0,,Utilities
DTE,2017,DTE Energy Company,Utilities,United States and Canada,United States,56.92666666666667,75.72666666666667,79.58333333333333,68.22666666666667,95.26,825900.0,0.0969,1.0835,48.641,1.275,11.3727,0.0,41.7609,2.3358,0.5449,8.3205,11.3727,8.1261,0.7953,2.6692,10337000000.0,727000000.0,1239000000.0,,28662000000.0,,1916000000.0,,Utilities
DTE,2018,DTE Energy Co,Utilities,United States and Canada,United States,59.166666666666664,76.41,78.21666666666665,69.09666666666668,97.05,1133900.0,0.1006,1.1585,45.528,1.2814,10.4147,0.0,39.8592,2.7836,0.5518,7.4074,10.4147,8.0722,0.9492,2.2873,,868000000.0,1486000000.0,,32041000000.0,,2084000000.0,,Utilities
DTE,2019,DTE Energy Co,Utilities,United States and Canada,United States,61.54666666666666,80.91,78.33,71.55,120.68,927250.0,0.0784,0.7721,49.5447,1.4479,13.183,0.0,46.874,2.115,0.5621,8.4816,13.183,9.4663,,2.2643,,1134000000.0,1711000000.0,,33767000000.0,,2117000000.0,,Utilities
DUK,2010,Duke Energy Corporation,Utilities,North America,United States,55.0,67.5,62.0,60.5,30.9,2393850.0,0.0583,1.5969,53.9739,0.8258,19.7678,0.0,66.0177,0.8801,0.445,12.3948,19.7678,19.5646,0.7226,1.885,13207000000.0,1362000000.0,2511000000.0,,,,3328000000.0,,Utilities
DUK,2011,Duke Energy Corporation,Utilities,North America,United States,60.0,68.0,61.0,63.0,36.51,3116950.0,0.0606,1.2446,48.7208,0.8675,19.28125,0.0,64.9849,0.94245,0.43615000000000004,11.9072,19.28125,17.0787,0.75465,1.99535,3946000000.0,670000000.0,1033000000.0,,,,,,Utilities
DUK,2012,Duke Energy Corporation,Utilities,North America,United States,59.5,66.5,67.75,64.0,44.345,3535850.0,0.0577,1.11895,44.7187,0.9562999999999999,16.0369,0.0,63.7318,0.7435,0.46115,9.87905,16.0369,12.526,0.5303,1.449,3964000000.0,511000000.0,814000000.0,,,,,436000000.0,Utilities
DUK,2013,Duke Energy Corporation,Utilities,North America,United States,52.666666666666664,67.33333333333333,67.33333333333333,61.0,49.620000000000005,2581900.0,0.0515,1.1276,43.2931,1.0018,24.3175,0.0,65.2405,0.6927,0.4795,14.4477,24.3175,19.9916,0.5794,1.606,6722000000.0,594000000.0,1078000000.0,,,,,443000000.0,Utilities
DUK,2014,Duke Energy Corporation,Utilities,North America,United States,42.5,75.66666666666667,81.83333333333333,62.166666666666664,61.325,3316550.0,0.0344,1.0304,60.0435,1.0363,13.8064,0.0,66.546,0.4007,0.4754,2.3413,13.8064,7.6032,0.1418,0.4181,17912000000.0,1768000000.0,2911000000.0,,113856000000.0,,5244000000.0,445000000.0,Utilities
DUK,2015,Duke Energy Corporation,Utilities,North America,United States,41.75,72.75,83.0,61.5,57.79,3239250.0,0.0471,0.9695,43.4139,1.0686,22.2938,0.0,66.6309,0.5376,0.4815,11.2659,22.2938,16.783,0.5094,1.5246,22756000000.0,2665000000.0,4854000000.0,,114779000000.0,,6382000000.0,,Utilities
DUK,2016,Duke Energy Corporation,Utilities,North America,United States,43.1,67.76,75.44833333333334,58.585,64.96000000000001,3079600.0,0.0425,0.8174,42.6681,1.2276,24.1512,0.0,69.7687,0.4787,0.5202,9.7641,24.1512,16.8233,0.5087,1.562,22509000000.0,1883000000.0,4842000000.0,,120557000000.0,,6586000000.0,,Utilities
DUK,2017,Duke Energy Corporation,Utilities,United States and Canada,United States,44.870000000000005,72.50666666666667,71.99,59.93666666666667,73.16,2456100.0,0.042,0.6772,38.5275,1.2836,24.3564,0.0,70.219,0.5314,0.5402,12.3492,24.3564,18.3258,0.5118,1.6891,,2816000000.0,5078000000.0,,121156000000.0,,6700000000.0,,Utilities
DUK,2018,Duke Energy Corp,Utilities,United States and Canada,United States,49.68,75.51,71.78999999999999,62.95,71.67,3763200.0,0.0421,0.6627,44.9282,1.3218,17.3489,0.0,69.9909,0.6119,0.5398,8.8605,17.3489,10.7567,0.449,1.1925,,2152000000.0,5202000000.0,,132761000000.0,,6863000000.0,,Utilities
DUK,2019,Duke Energy Corp,Utilities,United States and Canada,United States,49.68,75.51,72.33,63.09,83.6,2934850.0,0.0384,0.7071,42.8929,1.2776,22.1011,0.0,70.8069,0.5489,0.5362,13.9622,22.1011,15.1371,,1.6862,,3059000000.0,5625000000.0,,137914000000.0,,6624000000.0,,Utilities
DVA,2011,DaVita HealthCare Partners Inc.,Healthcare,North America,United States,49.0,45.666666666666664,67.66666666666667,52.333333333333336,38.260000000000005,1730300.0,0.2019,1.9689,75.9224,2.161,18.131,0.0,32.3235,16.2313,0.6796,7.7005,18.131,14.7149,1.8889,7.8976,,422684000.0,939628000.0,,,,666710000.0,,Healthcare
DVA,2012,DaVita HealthCare Partners Inc.,Healthcare,North America,United States,57.0,46.0,66.0,55.0,47.75,1426400.0,0.19090000000000001,1.7513,69.08805,2.0095,16.5052,0.0,31.93265,16.9476,0.66245,6.8633,16.5052,12.6625,1.4435,5.6165,,405683000.0,993808000.0,,,,839683000.0,,Healthcare
DVA,2013,DaVita HealthCare Partners Inc.,Healthcare,North America,United States,61.0,46.0,59.0,54.0,58.739999999999995,1429600.0,0.1783,1.4103,54.1952,1.9023,15.8062,0.0,30.1459,21.25183049999997,0.6483,6.9299,15.8062,12.406,1.4286,5.3039,,478001000.0,1154713000.0,,,,1180046000.0,,Healthcare
DVA,2014,DaVita HealthCare Partners Inc.,Healthcare,North America,United States,61.0,44.0,58.0,52.5,75.4,897900.0,0.1889,1.7409,54.373,1.5706,13.5843,0.0,28.8928,17.3897,0.6076,6.2506,13.5843,10.6479,1.4213,4.6711,,536017000.0,1297084000.0,,,,1100848000.0,,Healthcare
DVA,2015,DaVita HealthCare Partners Inc.,Healthcare,North America,United States,65.5,49.25,53.5,55.0,76.94,1029900.0,0.1813,1.9655,55.2863,1.7713,13.9913,0.0,28.7817,14.4526,0.6363,4.9635,13.9913,9.6237,1.0966,3.8859,,633446000.0,1550134000.0,,,,,,Healthcare
DVA,2016,DaVita HealthCare Partners Inc.,Healthcare,North America,United States,66.8,53.0,52.0,56.150000000000006,67.43,1265050.0,0.1971,1.6145,55.7425,1.8354,8.8516,0.0,27.6887,13.4503,0.6437,1.4359,8.8516,6.1703,1.8476,7.1454,,723114000.0,1815141000.0,,,,,,Healthcare
DVA,2017,DaVita Inc.,Healthcare,United States and Canada,United States,67.2,51.089999999999996,51.166666666666664,55.13999999999999,64.63,1332500.0,0.1454,1.4509,87.5711,1.831,14.296,0.0,29.8116,10.6804,0.6419,4.7048,14.296,10.4657,1.0387,4.0015,,571332000.0,1136766000.0,,,,1557200000.0,,Healthcare
DVA,2018,DaVita Inc.,Healthcare,United States and Canada,United States,66.9,49.86,48.17,53.61,69.81,1370900.0,0.1476,1.8392,72.8694,2.5376,13.7501,0.0,28.1468,18.8774,0.6765,-4.8044,13.7501,9.1848,1.2175,5.2765,10707467000.0,879874000.0,2029710000.0,,,,1972126000.0,,Healthcare
DVA,2019,DaVita Inc.,Healthcare,United States and Canada,United States,61.29999999999999,50.339999999999996,53.00333333333333,53.879999999999995,56.629999999999995,1598350.0,0.1664,1.5557,74.118,3.2381,15.9591,0.0,31.1306,20.2208,0.7613,8.448,15.9591,11.3872,,8.2997,10876634000.0,663618000.0,1812755000.0,,,,1913166000.0,,Healthcare
DVN,2010,Devon Energy Corporation,Oil & Gas Producers,North America,United States,44.5,56.5,63.0,53.5,55.34,3685050.0,0.0738,1.3371,48.5887,0.3018,35.0806,0.0,100.0,0.0,0.17,31.6308,35.0806,29.7068,1.3464,2.3,13858000000.0,499000000.0,471000000.0,,,,9408000000.0,,Oil & Gas Producers
DVN,2011,Devon Energy Corporation,Oil & Gas Producers,North America,United States,43.25,58.25,64.0,53.75,65.74000000000001,3224100.0,0.0836,1.5929,40.4162,0.4387,46.5839,0.0,100.0,0.0,0.2179,29.6402,46.5839,42.795,1.2671,2.4312,8015000000.0,2090000000.0,1588000000.0,,,,4737000000.0,,Oil & Gas Producers
DVN,2012,Devon Energy Corporation,Oil & Gas Producers,North America,United States,44.0,56.0,65.66666666666667,54.333333333333336,51.504999999999995,3340750.0,0.05875,1.7163,41.66505,0.50475,16.02685,0.0,100.0,0.0,0.2776,1.0671,16.02685,2.5253999999999994,0.07385000000000003,0.10389999999999999,9940000000.0,4550000000.0,3568000000.0,,,,5478000000.0,,Oil & Gas Producers
DVN,2013,Devon Energy Corporation,Oil & Gas Producers,North America,United States,48.0,54.0,67.0,55.5,49.489999999999995,2891350.0,0.0664,1.3067,50.4053,0.5058,27.0081,0.0,100.0,0.0,0.2796,15.8069,27.0081,23.5446,1.0503,2.0813,11445000000.0,4704000000.0,4632000000.0,,40964000000.0,,6224000000.0,,Oil & Gas Producers
DVN,2014,Devon Energy Corporation,Oil & Gas Producers,North America,United States,48.0,54.0,66.0,54.5,53.019999999999996,4334250.0,0.1396,1.0949,31.5962,0.4275,6.5091,0.0,100.0,0.0,0.2718,-5.6177,6.5091,4.1177,-0.7485,-1.4388,9501000000.0,683000000.0,997000000.0,,43326000000.0,,4956000000.0,,Oil & Gas Producers
DVN,2015,Devon Energy Corporation,Oil & Gas Producers,North America,United States,49.333333333333336,65.66666666666667,68.33333333333333,60.666666666666664,50.44,3981300.0,0.098,1.2203,34.4595,0.7474,-19.840792999999998,0.0,100.0,0.0,0.4172,-21.290181999999994,-19.840792999999998,-25.906755999999998,-1.7871890000000001,-24.5509,10397000000.0,1016000000.0,1654000000.0,,42877000000.0,,,,Oil & Gas Producers
DVN,2016,Devon Energy Corporation,Oil & Gas Producers,North America,United States,51.655,68.325,68.83999999999999,62.61833333333333,33.985,7579850.0,0.0913,1.4419,23.2176,1.1285,-19.840792999999998,0.0,100.0,0.0,0.5224,-21.290181999999994,-19.840792999999998,-25.906755999999998,3.7556,10.009,20638000000.0,1607000000.0,4698000000.0,,50568000000.0,,,,Oil & Gas Producers
DVN,2017,Devon Energy Corporation,Oil & Gas Producers,United States and Canada,United States,53.5325,66.745,67.87,62.402499999999996,34.67,4379300.0,0.0701,1.6137,51.8799,0.8717,13.1178,0.0,76.8236,0.0,0.4653,9.9845,13.1178,10.7087,0.7039,1.6256,13145000000.0,-12896000000.0,-19858000000.0,,29673000000.0,,4898000000.0,,Oil & Gas Producers
DVN,2018,Devon Energy Corporation,Oil & Gas Producers,United States and Canada,United States,58.07,73.765,73.57,68.225,36.46,6724600.0,0.1069,1.6498,51.1781,0.4849,2.4583,0.0,80.6586,0.0,0.3184,41.736046,2.4583,-0.6957,-0.7197,1.7532,2772000000.0,303000000.0,313000000.0,,,,,,Oil & Gas Producers
DVN,2019,Devon Energy Corp,Oil & Gas Producers,United States and Canada,United States,61.879999999999995,72.28,73.61999999999999,68.97333333333334,24.380000000000003,6528950.0,0.1158,1.7165,41.9601,0.6565,12.1263,0.0,83.1615,0.0,0.3963,6.2428,12.1263,10.882,,2.0789,3513000000.0,2537000000.0,219000000.0,,,,,,Oil & Gas Producers
DXC,2017,DXC Technology Company,Software & Services,United States and Canada,United States,63.223333333333336,62.026666666666664,64.48333333333333,63.00333333333333,64.4,1794300.0,0.1644,1.0003,93.6805,0.6469,8.3807,0.0,25.8059,0.0,0.3359,4.6947,8.3807,5.2081,0.6179,1.6391,,,,,,,,,Software & Services
DXC,2018,DXC Technology Co,Software & Services,United States and Canada,United States,68.11333333333333,62.46,65.25,64.85666666666667,83.07,1996400.0,0.1793,1.0,88.5747,0.5971,8.8171,0.0,28.061,0.0,0.3136,5.2264,8.8171,6.8156,0.8968,2.1881,7106000000.0,251000000.0,405000000.0,,7736000000.0,,802000000.0,,Software & Services
DXC,2019,DXC Technology Co,Software & Services,United States and Canada,United States,66.77666666666666,62.46,68.72333333333334,65.32666666666667,52.19,2713000.0,0.1644,0.9316,85.5473,0.9775,4.4527,0.0,24.16,0.0,0.4456,1.6331,4.4527,2.5294,,0.9889,7607000000.0,-123000000.0,618000000.0,,,,619000000.0,,Software & Services
EA,2011,Electronic Arts Inc.,Software & Services,North America,United States,39.0,43.5,58.5,46.25,21.32,5815300.0,0.1863,1.3851,44.6183,0.2083,-17.2479,0.0,47.9736,4.8,0.1724,-19.3214,-17.2479,-18.1904,-1.7871890000000001,-9.0508,3654000000.0,96000000.0,98000000.0,1788000000.0,,,,,Software & Services
EA,2012,Electronic Arts Inc.,Software & Services,North America,United States,40.0,46.0,64.0,48.5,14.115,5610750.0,0.19045,1.18525,30.68375,0.2371,9.1416,0.0,63.065749999999994,6.2676,0.19145,8.0832,9.1416,9.20515,1.6364,2.78895,3589000000.0,221000000.0,227000000.0,2090000000.0,,,,,Software & Services
EA,2013,Electronic Arts Inc.,Software & Services,North America,United States,40.0,45.0,63.0,48.0,22.729999999999997,4169600.0,0.145,1.2642,58.5891,0.2493,-19.840792999999998,0.0,40.5755,7.1207,0.1996,-21.290181999999994,-19.840792999999998,-25.906755999999998,-1.7871890000000001,-11.9423,4143000000.0,201000000.0,215000000.0,2545000000.0,,,,,Software & Services
EA,2014,Electronic Arts Inc.,Software & Services,North America,United States,44.0,45.0,63.0,49.0,41.365,3685550.0,0.1826,1.2232,39.0053,0.2356,14.3872,0.0,64.3872,10.2821,0.0136,12.611,14.3872,13.8544,2.3026,5.2847,,,,,,,,,Software & Services
EA,2015,Electronic Arts Inc.,Software & Services,North America,United States,40.0,45.0,61.5,47.5,65.965,3048550.0,0.1654,1.444,52.2337,0.1383,-2.8972,0.0,49.816,6.5968,0.0041,-4.2056,-2.8972,-2.8037,-0.6955,-1.494,3797000000.0,222000000.0,233000000.0,2409000000.0,,,,,Software & Services
EA,2016,Electronic Arts Inc.,Software & Services,North America,United States,40.666666666666664,43.56,61.53333333333334,47.18333333333334,76.245,3163700.0,0.1489,2.078,45.9791,0.279,-0.3481,0.0,55.3452,8.02,0.2153,-0.087,-0.3481,-0.5222,-0.013,-0.0282,3575000000.0,335000000.0,362000000.0,2228000000.0,,,,,Software & Services
EA,2017,Electronic Arts Inc.,Software & Services,United States and Canada,United States,44.723333333333336,40.98333333333333,62.46666666666667,47.473333333333336,108.25,2515300.0,0.1342,2.3834,68.7414,0.2258,-1.8103,0.0,59.4369,0.0,0.1842,-2.2941,-1.8103,-1.3793,-0.2777,-0.5014,4515000000.0,875000000.0,948000000.0,3086000000.0,,,,,Software & Services
EA,2018,Electronic Arts Inc,Software & Services,United States and Canada,United States,49.0,47.06999999999999,63.65,51.795,120.73,3483300.0,0.1455,3.5191,56.2762,0.1868,20.0622,0.0,67.9597,0.0,0.1574,20.3258,20.0622,21.4619,3.5528,4.9027,4396000000.0,1156000000.0,898000000.0,3042000000.0,,,,,Software & Services
EA,2019,Electronic Arts Inc,Software & Services,United States and Canada,United States,49.0,47.41,65.15,52.32,95.56,3308100.0,0.1273,3.3223,45.0848,0.139,22.6616,0.0,69.9555,0.0,0.122,41.736046,22.6616,23.4777,,11.9307,4845000000.0,967000000.0,1224000000.0,3547000000.0,,,,,Software & Services
EBAY,2010,eBay Inc.,Software & Services,North America,United States,50.0,48.0,63.333333333333336,52.333333333333336,9.77,34707850.0,0.1134,2.45,108.397,0.0,21.8728,0.0,71.8724,0.0,0.0,19.2012,21.8728,22.9831,2.1986,2.9091,8541261000.0,1779474000.0,2075682000.0,6313192000.0,,,2881995000.0,1350219000.0,Software & Services
EBAY,2011,eBay Inc.,Software & Services,North America,United States,55.333333333333336,48.333333333333336,65.33333333333333,54.333333333333336,12.7,27092550.0,0.1191,1.6052,123.125,0.157,18.8044,0.0,69.2604,0.0,0.0863,16.5543,18.8044,20.7687,1.9718,3.0374,8727362000.0,2389097000.0,1456766000.0,6247600000.0,,,2908086000.0,,Software & Services
EBAY,2012,eBay Inc.,Software & Services,North America,United States,57.0,54.0,64.5,57.0,16.845,24018550.0,0.11195,1.9557,183.339,0.16399999999999998,20.189999999999998,0.0,69.9898,0.0,0.11979999999999999,18.1754,20.189999999999998,21.42085,2.23485,3.3529,9156000000.0,1801000000.0,2054000000.0,6592000000.0,,,2746000000.0,,Software & Services
EBAY,2013,eBay Inc.,Software & Services,North America,United States,62.666666666666664,59.0,64.0,61.0,21.755,22412850.0,0.1006,1.9518,279.216,0.199,20.5293,0.0,68.5509,0.0,0.1533,17.703,20.5293,22.4306,1.7196,3.0263,11652000000.0,3229000000.0,2373000000.0,8191000000.0,,,3274000000.0,,Software & Services
EBAY,2014,eBay Inc.,Software & Services,North America,United States,64.5,58.5,68.0,62.5,22.244999999999997,18518400.0,0.0515,1.5134,23.2458,0.3832,31.4679,0.0,80.9729,0.0,0.254,41.736046,31.4679,31.7693,1.6153,3.6622,14072000000.0,2609000000.0,2888000000.0,9856000000.0,,,3838000000.0,,Software & Services
EBAY,2017,eBay Inc.,Software & Services,United States and Canada,United States,70.685,58.7575,63.08,63.4125,33.91,7783100.0,0.0963,2.3729,23.0302,0.9993,22.9784,0.0,77.7022,0.0,0.4505,1.1988,22.9784,20.7241,0.1055,0.2527,8592000000.0,1725000000.0,2197000000.0,6821000000.0,,,4033000000.0,,Software & Services
EBAY,2018,eBay Inc,Software & Services,United States and Canada,United States,70.10333333333334,61.843333333333334,59.68333333333334,63.78,36.31,9788800.0,0.112,1.7381,25.3977,1.3288,20.9891,0.0,77.3864,0.0,0.5503,26.4164,20.9891,26.7803,2.6597,10.3911,9298000000.0,7266000000.0,2325000000.0,7294000000.0,,,2826000000.0,,Software & Services
EBAY,2019,eBay Inc,Software & Services,United States and Canada,United States,68.83,63.15,59.349999999999994,63.91,36.235,7681400.0,0.1145,1.3139,29.6038,2.3709,19.6341,0.0,77.1708,0.0,0.6887,14.8824,19.6341,20.0206,,9.7418,9927000000.0,721000000.0,2264000000.0,7706000000.0,,,3146000000.0,,Software & Services
ECL,2010,Ecolab Inc.,Chemicals,North America,United States,42.0,55.5,53.0,49.5,42.05,1670450.0,0.3234,1.2951,57.1019,0.5036,13.439,0.0,50.6644,1.6995,0.2475,8.5055,13.439,12.4523,2.7767,6.9564,6137500000.0,448100000.0,712800000.0,,,,753200000.0,,Chemicals
ECL,2011,Ecolab Inc.,Chemicals,North America,United States,48.2,59.4,57.6,54.4,46.459999999999994,1920900.0,0.3142,1.2926,59.2587,0.4725,11.673,0.0,49.3289,1.7372,0.2309,7.4111,11.673,10.9018,2.3338,5.3876,5900600000.0,418700000.0,681300000.0,,,,,,Chemicals
ECL,2012,Ecolab Inc.,Chemicals,North America,United States,57.75,62.0,63.0,60.25,58.760000000000005,1407850.0,0.1797,1.28885,65.4616,1.07,12.015049999999999,0.0,46.0783,1.4743499999999998,0.46655,6.91655,12.015049999999999,9.9092,1.2242,3.5115499999999997,6089700000.0,531100000.0,806800000.0,,,,,,Chemicals
ECL,2014,Ecolab Inc.,Chemicals,North America,United States,63.0,62.0,71.0,64.66666666666667,102.29499999999999,1289500.0,0.1895,1.1111,64.226,0.887,14.141,0.0,46.2101,1.3497,0.3962,9.1149,14.1409,12.4565,1.7671,4.6504,11838700000.0,701300000.0,1289300000.0,,,,,,Chemicals
ECL,2015,Ecolab Inc.,Chemicals,North America,United States,62.333333333333336,63.333333333333336,72.0,65.0,107.655,1142050.0,0.1825,1.1181,63.9798,0.9883,11.9835,0.0,46.6968,1.2646,0.4269,7.4803,11.9835,10.3122,1.3245,3.655,13253400000.0,973600000.0,1560600000.0,,,,,,Chemicals
ECL,2016,Ecolab Inc.,Chemicals,North America,United States,66.66333333333334,63.309999999999995,73.08333333333333,67.09666666666668,111.54,1004500.0,0.1828,0.9995,62.8773,0.9598,15.2816,0.0,46.1835,1.3405,0.4332,10.9128,15.2816,14.5505,2.0262,5.3279,14280500000.0,1222200000.0,1955000000.0,,,,,,Chemicals
ECL,2017,Ecolab Inc.,Chemicals,United States and Canada,United States,64.285,62.156666666666666,73.465,65.83666666666666,126.61,864600.0,0.1795,1.2284,63.6451,1.0354,15.8255,0.0,42.0788,1.3916,0.4689,11.031,15.8255,14.7538,1.9973,5.4335,13545100000.0,1017200000.0,1561300000.0,,,,1999800000.0,,Chemicals
ECL,2018,Ecolab Inc,Chemicals,United States and Canada,United States,59.71666666666667,56.39666666666667,70.89,61.34666666666667,141.97,1101300.0,0.1873,1.2716,63.7216,0.8899,13.7756,0.0,41.5377,1.3796,0.4424,10.5066,13.7756,12.8496,1.7723,4.9692,13151800000.0,1246500000.0,1870200000.0,,,,1939700000.0,,Chemicals
ECL,2019,Ecolab Inc,Chemicals,United States and Canada,United States,61.56,57.45000000000001,62.25,60.29,186.15,929550.0,0.1547,1.2425,76.0003,0.7833,14.654,0.0,43.8232,1.1224,0.4093,11.6311,14.654,13.761,,5.0613,13835900000.0,1518600000.0,1950100000.0,,,,2091300000.0,,Chemicals
ED,2010,"Consolidated Edison, Inc.",Utilities,North America,United States,64.66666666666667,57.333333333333336,79.0,66.0,29.655,1737950.0,0.0877,1.2361,42.0325,1.0403,15.7375,0.0,57.1097,3.9451,0.4961,7.4227,15.7375,11.1501,0.6465,2.1246,,,,,,,,,Utilities
ED,2011,"Consolidated Edison, Inc.",Utilities,North America,United States,66.66666666666667,62.0,79.66666666666667,68.66666666666667,36.71,1688850.0,0.08779999999999999,1.2179,41.911699999999996,0.9164,17.21915,0.0,61.8352,3.6933,0.4706,7.9365000000000006,17.21915,12.6485,0.6812,2.2460999999999998,13032000000.0,879000000.0,1899000000.0,,,,2466000000.0,,Utilities
ED,2012,"Consolidated Edison, Inc.",Utilities,North America,United States,67.75,62.5,75.5,68.0,42.36,1415300.0,0.07395,0.9056500000000001,40.58605,0.95595,17.68395,0.0,69.6044,2.8658,0.4592,8.3611,17.68395,12.49925,0.6198,2.13675,13325000000.0,1003000000.0,2120000000.0,,,,2381000000.0,,Utilities
ED,2013,"Consolidated Edison, Inc.",Utilities,North America,United States,63.5,69.5,69.5,66.5,43.22,1594850.0,0.0706,0.847,46.7887,1.0147,16.6318,0.0,67.5732,2.9239,0.4631,8.159,16.6318,11.7852,0.5757,1.911,12886000000.0,1062000000.0,2239000000.0,,,,3137000000.0,,Utilities
ED,2014,Consolidated Edison Inc.,Utilities,North America,United States,64.5,67.0,71.0,66.5,50.215,2325850.0,0.0642,0.9891,49.5652,1.0255,8.837,0.0,63.45,2.7796,0.4785,2.9339,8.837,3.252,0.1883,0.6595,12188000000.0,1141000000.0,2339000000.0,,41209000000.0,,,,Utilities
ED,2015,Consolidated Edison Inc.,Utilities,North America,United States,70.0,65.66666666666667,71.0,69.0,51.65,1999250.0,0.0623,0.8127,43.2245,1.0651,16.9297,0.0,72.2626,2.4299,0.479,7.8551,16.9297,11.4778,0.4894,1.7113,12354000000.0,1062000000.0,2244000000.0,,40451000000.0,,,,Utilities
ED,2016,Consolidated Edison Inc.,Utilities,North America,United States,69.72,62.015,71.85,67.94,63.224999999999994,1754250.0,0.0591,0.8863,39.073,1.0891,25.2216,0.0,75.9485,2.0935,0.4962,8.3035,25.2216,12.7416,0.4908,1.6621,12919000000.0,1092000000.0,2209000000.0,,44071000000.0,,2831000000.0,,Utilities
ED,2017,Consolidated Edison Inc.,Utilities,United States and Canada,United States,61.15,53.74,69.52499999999999,61.0225,72.44,1451300.0,0.0615,0.7577,40.6991,1.0766,19.7231,0.0,79.0949,1.7953,0.4923,14.2323,19.7231,12.766,0.928,3.0245,12554000000.0,1193000000.0,2427000000.0,,45642000000.0,,3277000000.0,,Utilities
ED,2018,"Consolidated Edison, Inc.",Utilities,United States and Canada,United States,65.03,53.99,68.41666666666667,62.56666666666666,70.98,1855500.0,0.0549,0.6225,46.3353,1.144,22.2787,0.0,77.003,2.0251,0.4933,11.2241,22.2787,13.6317,0.8753,1.9657,12075000000.0,1245000000.0,2780000000.0,,48255000000.0,,3459000000.0,,Utilities
ED,2019,Consolidated Edison Inc,Utilities,United States and Canada,United States,64.81,58.370000000000005,74.09666666666668,65.20333333333333,82.78999999999999,1551200.0,0.0508,0.621,43.9173,1.1547,19.1461,0.0,81.4504,1.6932,0.4948,9.9627,19.1461,12.4026,,1.7186,,,,,,,,,Utilities
EFX,2010,Equifax Inc.,Commercial Services,North America,United States,37.0,47.0,62.0,46.5,27.755000000000003,788300.0,0.1394,1.3556,50.5656,0.5851,22.9651,0.0,59.8963,0.0,0.3643,15.4765,22.9651,20.0781,1.8618,3.6797,,272800000.0,439000000.0,,,,448100000.0,,Commercial Services
EFX,2011,Equifax Inc.,Commercial Services,North America,United States,33.0,46.5,61.5,45.0,31.49,779000.0,0.1396,1.2521,50.6158,0.5804,24.7961,0.0,61.9494,0.0,0.3517,13.6011,24.7961,22.1248,1.973,3.8843,,233900000.0,381800000.0,,,,418400000.0,,Commercial Services
EFX,2012,Equifax Inc.,Commercial Services,North America,United States,38.0,46.0,61.5,46.5,41.55500000000001,743100.0,0.1442,1.7597,51.5313,0.53,25.11385,0.0,63.5301,0.0,0.3424,14.8841,25.11385,22.86805,2.1726,4.1851,,266700000.0,430000000.0,,,,352600000.0,,Commercial Services
EFX,2014,Equifax Inc.,Commercial Services,North America,United States,38.0,45.0,60.0,46.0,72.74000000000001,511450.0,0.134,0.7174,48.5879,0.6829,26.4489,0.0,65.642,0.0,0.3389,15.6901,26.4489,24.2395,2.1197,4.4214,,272100000.0,480000000.0,,,,496300000.0,,Commercial Services
EFX,2015,Equifax Inc.,Commercial Services,North America,United States,38.0,45.0,58.0,45.5,92.405,567450.0,0.1479,0.8428,48.2364,0.5877,26.5496,0.0,66.2314,0.0,0.3357,16.7942,26.5496,25.1688,2.5103,5.0983,,351800000.0,611200000.0,,,,569000000.0,,Commercial Services
EFX,2016,Equifax Inc.,Commercial Services,North America,United States,38.0,44.10333333333333,59.01666666666667,45.38666666666666,115.795,651650.0,0.1202,0.5342,48.6733,1.0199,26.3773,0.0,64.2661,0.0,0.434,16.1346,26.3773,23.6538,1.9819,4.8396,,367400000.0,638200000.0,,,,616200000.0,,Commercial Services
EFX,2017,Equifax Inc.,Commercial Services,United States and Canada,United States,42.454,37.852,57.25,44.54,127.44,664000.0,0.1173,0.673,48.5771,0.8549,22.9577,0.0,64.3867,0.0,0.3917,19.3066,22.9577,20.5486,2.3745,5.3875,,429100000.0,693900000.0,,,,769100000.0,,Commercial Services
EFX,2018,Equifax Inc,Commercial Services,United States and Canada,United States,39.63,35.0,53.15,41.385,117.15,978900.0,0.1169,1.1926,50.4807,0.8121,7.684,0.0,55.4292,0.0,0.4479,4.6032,7.684,4.6392,1.3035,1.2217,3144900000.0,488800000.0,825100000.0,,,,823000000.0,,Commercial Services
EFX,2019,Equifax Inc,Commercial Services,United States and Canada,United States,39.63,36.27,54.8,42.245,132.67000000000002,729950.0,0.1177,0.5718,52.8693,1.2531,12.9318,0.0,57.2342,0.0,0.5255,7.5909,12.9318,10.1136,,2.6392,3362200000.0,587300000.0,831700000.0,,,,816000000.0,,Commercial Services
EIX,2010,Edison International,Utilities,North America,United States,44.5,55.5,64.5,52.5,24.16,2130250.0,0.0637,1.1189,28.8946,1.0617,16.4384,0.0,68.4057,1.5576,0.5121,13.4636,16.4384,14.003,0.8268,3.4943,14112000000.0,1215000000.0,2563000000.0,,44615000000.0,,2261000000.0,,Utilities
EIX,2011,Edison International,Utilities,North America,United States,40.0,55.0,66.0,51.0,28.16,2143950.0,0.0634,1.1295,29.697699999999998,1.1307,20.539,0.0,69.6614,1.5365,0.5192,6.5446,20.539,17.2161,0.5537,2.6449,12361000000.0,849000000.0,1398000000.0,,41444000000.0,,3045000000.0,,Utilities
EIX,2012,Edison International,Utilities,North America,United States,45.0,58.4,59.0,52.8,33.885000000000005,1757450.0,0.0613,1.0512000000000001,28.128,1.2206000000000001,17.60125,0.0,66.7169,2.0566,0.53315,3.3201,17.60125,14.11025,0.58745,2.8776,9996000000.0,1256000000.0,1819000000.0,,,,3477000000.0,,Utilities
EIX,2013,Edison International,Utilities,North America,United States,47.5,57.75,72.75,56.75,37.105000000000004,2026150.0,0.0676,0.6686,25.6269,0.9437,17.1594,0.0,62.0158,4.3333,0.4466,10.1937,17.1594,12.0965,0.6153,2.8879,10588000000.0,190000000.0,2061000000.0,,,,3906000000.0,,Utilities
EIX,2014,Edison International,Utilities,North America,United States,52.5,64.0,77.0,61.5,50.754999999999995,2185250.0,0.0626,0.651,22.825,0.9266,22.2151,0.0,66.9663,3.6619,0.4408,13.4832,22.2151,18.1059,0.8163,3.1274,11862000000.0,438000000.0,2285000000.0,,,,3334000000.0,,Utilities
EIX,2015,Edison International,Utilities,North America,United States,49.0,62.5,73.0,59.5,50.35,2126900.0,0.0568,0.7238,28.9636,0.9109,16.1573,0.0,62.9299,3.9058,0.4484,11.1879,16.1573,12.9418,0.7899,2.9736,12581000000.0,1015000000.0,1715000000.0,,,,2967000000.0,,Utilities
EIX,2016,Edison International,Utilities,North America,United States,53.924285714285716,57.02428571428572,72.43142857142857,59.480000000000004,60.675,1638900.0,0.0562,0.4876,23.8678,0.8785,18.4497,0.0,61.6853,3.9749,0.4263,11.176,18.4497,14.8007,0.6762,2.4459,13413000000.0,1721000000.0,2472000000.0,,,,3248000000.0,,Utilities
EIX,2017,Edison International,Utilities,United States and Canada,United States,53.335,57.894999999999996,74.49000000000001,59.99,69.1,1613600.0,0.0612,0.5276,26.3012,0.8986,15.0599,0.0,60.371,5.0,0.4434,9.3761,15.0599,11.2985,0.5857,2.0878,11524000000.0,1117000000.0,2008000000.0,,,,4509000000.0,,Utilities
EIX,2018,Edison International,Utilities,United States and Canada,United States,53.72666666666667,63.61333333333332,73.72333333333334,61.693333333333335,56.97,2168700.0,0.0533,0.6617,27.5474,1.0467,14.9201,0.0,60.4973,4.4127,0.5059,9.8046,14.9201,10.2664,0.5642,2.1328,11869000000.0,1425000000.0,2062000000.0,,,,3254000000.0,,Utilities
EIX,2019,Edison International,Utilities,United States and Canada,United States,56.88666666666666,61.35999999999999,74.29,62.57666666666666,62.665,2112250.0,0.0472,0.6948,29.4948,1.2192,17.0008,0.0,59.6373,3.429,0.5355,12.5902,17.0008,12.2333,,3.268,12320000000.0,565000000.0,1456000000.0,,,,3597000000.0,,Utilities
EL,2010,The Estée Lauder Companies Inc.,Household Products,North America,United States,58.0,54.5,59.0,57.5,27.515,3109800.0,0.371,1.9851,42.3455,0.5777,14.2468,0.0,77.4849,0.5392,0.3604,9.1361,14.2468,13.4771,3.3632,8.8681,,,,,,,,,Household Products
EL,2011,The Estée Lauder Companies Inc.,Household Products,North America,United States,57.6,59.8,59.4,58.8,43.11,2245900.0,0.4037,1.8561,47.7922,0.4728,17.3618,0.0,78.8985,0.544,0.2948,11.2488,17.3618,16.7158,4.5409,11.1798,7323800000.0,256200000.0,418400000.0,5442200000.0,5176600000.0,,696000000.0,,Household Products
EL,2012,The Estée Lauder Companies Inc.,Household Products,North America,United States,63.333333333333336,68.0,59.0,63.666666666666664,52.965,1832850.0,0.35265,2.0050499999999998,49.61725,0.4456,14.156600000000001,0.0,79.76355000000001,0.5049,0.2894,8.773800000000001,14.156600000000001,13.184999999999999,3.13215,7.225849999999999,7795800000.0,482400000.0,789900000.0,5966400000.0,5335600000.0,,,,Household Products
EL,2013,The Estée Lauder Companies Inc.,Household Products,North America,United States,68.0,68.0,59.0,66.0,61.865,1532500.0,0.3557,2.3307,44.7511,0.3711,16.8038,0.0,80.2442,0.4548,0.2683,11.2411,16.8038,16.2991,4.013,8.3543,8810000000.0,703800000.0,1089400000.0,6873100000.0,6273900000.0,,,,Household Products
EL,2014,The Estée Lauder Companies Inc.,Household Products,North America,United States,69.66666666666667,69.33333333333333,59.666666666666664,66.66666666666667,68.74,1586650.0,0.3875,2.1652,41.3565,0.3628,20.785,0.0,81.1759,0.5152,0.2564,14.3111,20.785,20.4171,5.5711,11.4303,9713600000.0,860500000.0,1311700000.0,7717800000.0,6593000000.0,,,,Household Products
EL,2016,Estee Lauder Companies Inc.,Household Products,North America,United States,69.7075,64.72500000000001,58.175,64.83250000000001,86.1,1515750.0,0.2869,1.5759,42.7891,0.6803,14.5899,0.0,80.1434,0.4599,0.3418,10.2618,14.5899,14.0663,3.1665,8.0544,10968800000.0,1209100000.0,1827600000.0,8810600000.0,7860000000.0,,,,Household Products
EL,2017,The Estee Lauder Companies Inc.,Household Products,United States and Canada,United States,73.45666666666666,62.04333333333333,59.21666666666666,65.33333333333333,93.28,1634600.0,0.2683,1.7558,43.3829,0.8252,17.3794,0.0,78.9219,0.4684,0.4237,7.9129,17.3794,16.7685,1.9882,5.2249,10780000000.0,1094000000.0,1606000000.0,8680000000.0,8227000000.0,,1943000000.0,,Household Products
EL,2018,The Estée Lauder Companies Inc.,Household Products,United States and Canada,United States,71.96333333333334,59.15,55.75,62.78666666666667,137.36,1768300.0,0.281,1.7539,44.9438,0.7826,18.5017,0.0,77.2784,0.4896,0.4314,14.1884,18.5017,17.9625,2.9283,11.3318,11262000000.0,1121000000.0,1610000000.0,9081000000.0,9223000000.0,,1789000000.0,,Household Products
EL,2019,The Estee Lauder Companies Inc,Household Products,United States and Canada,United States,73.715,58.935,55.3,63.2,180.015,1447200.0,0.2578,1.5661,45.9025,0.7735,6.0167,0.0,76.7409,0.4418,0.3963,12.0459,6.0167,17.5389,,12.193,11824000000.0,1256000000.0,1704000000.0,9390000000.0,11568000000.0,,1790000000.0,,Household Products
EMN,2010,Eastman Chemical Co.,Chemicals,North America,United States,53.333333333333336,61.0,66.33333333333333,59.333333333333336,24.259999999999998,1804200.0,0.2516,2.1546,45.8062,0.9606,16.3782,0.0,25.5659,1.7606,0.489,9.8535,16.3782,14.2477,2.4315,8.4079,,,,,,,,,Chemicals
EMN,2011,Eastman Chemical Co.,Chemicals,North America,United States,60.5,62.5,65.5,62.5,35.97,1795700.0,0.2931,2.0664,40.0331,0.8395,14.9559,0.0,23.8963,1.8864,0.4313,9.6026,14.9559,14.0177,2.8142,9.1147,1507000000.0,170000000.0,,422000000.0,,,,188991720.0,Chemicals
EMN,2012,Eastman Chemical Co.,Chemicals,North America,United States,68.0,65.6,63.8,66.0,43.120000000000005,1604000.0,0.20515,2.1247499999999997,40.651700000000005,1.6561,13.0699,0.0,23.454349999999998,1.6169,0.6178,7.7469,13.0699,11.618649999999999,1.7130999999999998,6.55855,1885000000.0,240000000.0,,474000000.0,,,,189550128.0,Chemicals
EMN,2013,Eastman Chemical Co.,Chemicals,North America,United States,71.5,69.0,65.5,69.0,60.495000000000005,1330950.0,0.1994,2.0915,44.1916,1.2071,20.4876,0.0,29.4696,1.2943,0.5469,13.1737,20.4876,18.5629,2.6349,8.4219,2259000000.0,179000000.0,,525000000.0,,,,193688890.0,Chemicals
EMN,2014,Eastman Chemical Co.,Chemicals,North America,United States,65.33333333333333,65.66666666666667,66.0,65.66666666666667,65.91499999999999,1530750.0,0.1462,1.5692,45.977,2.1028,1.1494,0.0,14.1762,1.336,0.6688,0.6811,1.1494,-1.2346,0.1058,0.4735,2440000000.0,308000000.0,,689000000.0,,,,196455131.0,Chemicals
EMN,2015,Eastman Chemical Co.,Chemicals,North America,United States,64.0,66.0,66.0,65.0,62.15,1420500.0,0.1541,1.7392,41.9865,1.8402,17.6543,0.0,28.4021,1.1806,0.6399,10.4618,17.6543,14.4258,1.6247,6.5217,2460000000.0,292000000.0,,657000000.0,,,,213406523.0,Chemicals
EMN,2016,Eastman Chemical Co.,Chemicals,North America,United States,64.652,65.13,68.39000000000001,65.752,61.765,1199700.0,0.1474,1.3385,46.1167,1.4632,15.5663,0.0,26.3387,1.1709,0.5773,10.1443,15.5663,12.6366,1.5043,5.1594,2533000000.0,297000000.0,,720000000.0,,,,215131237.0,Chemicals
EMN,2017,Eastman Chemical Company,Chemicals,United States and Canada,United States,64.57000000000001,63.656666666666666,66.69,64.78,75.31,1016200.0,0.1515,1.8323,52.8112,1.3128,17.4039,0.0,26.0438,1.1617,0.5537,13.1035,17.4039,14.8408,2.022,6.3542,2297000000.0,255000000.0,,634000000.0,,,,216256971.0,Chemicals
EMN,2018,Eastman Chemical Co,Chemicals,United States and Canada,United States,62.839999999999996,71.3375,67.25,66.915,91.47,1017500.0,0.1557,1.6939,58.615,1.1053,18.3518,0.0,26.86,1.2066,0.502,13.1248,18.3518,16.406,2.1279,5.9924,2465000000.0,323000000.0,,671000000.0,,,,216899964.0,Chemicals
EMN,2019,Eastman Chemical Co,Chemicals,United States and Canada,United States,64.05,73.265,67.79,68.205,73.065,1052450.0,0.1441,1.6538,56.9032,1.0184,15.6581,0.0,24.6882,1.0277,0.4819,10.9183,15.6581,13.3728,,4.3559,2621000000.0,412000000.0,,728000000.0,,,,217707600.0,Chemicals
EMR,2010,Emerson Electric Co.,Electrical Equipment,North America,United States,41.0,52.0,56.0,48.5,35.629999999999995,4054700.0,0.2438,1.4298,63.0183,0.509,17.4456,0.0,39.9076,1.5388,0.3154,10.7993,17.4456,14.3469,2.5566,5.8682,23751000000.0,2412000000.0,3645000000.0,1958000000.0,21040000000.0,,3293000000.0,,Electrical Equipment
EMR,2011,Emerson Electric Co.,Electrical Equipment,North America,United States,46.0,53.666666666666664,59.333333333333336,52.0,39.31,4643600.0,0.2609,1.4455,63.5926,0.4929,18.0503,0.0,39.5722,1.5648,0.28535,10.862,18.0503,15.7761,2.8958,6.346,20102000000.0,1724000000.0,2796000000.0,2164000000.0,19763000000.0,,3086000000.0,,Electrical Equipment
EMR,2013,Emerson Electric Co.,Electrical Equipment,North America,United States,50.333333333333336,56.666666666666664,62.666666666666664,55.666666666666664,45.400000000000006,3092750.0,0.2698,1.4425,67.0318,0.5322,14.1277,0.0,40.4792,1.6389,0.2745,8.2412,14.1277,11.4699,1.9773,4.383,24222000000.0,2480000000.0,3631000000.0,2628000000.0,23861000000.0,,3233000000.0,,Electrical Equipment
EMR,2014,Emerson Electric Co.,Electrical Equipment,North America,United States,53.0,61.0,59.0,57.0,51.28,3612500.0,0.2355,1.1809,70.9433,0.7088,15.6614,0.0,40.809,1.5592,0.2561,9.3968,15.6614,13.6925,2.2298,5.5358,24412000000.0,1968000000.0,3115000000.0,2568000000.0,23818000000.0,,3053000000.0,,Electrical Equipment
EMR,2015,Emerson Electric Co.,Electrical Equipment,North America,United States,58.5,62.5,59.5,60.0,45.72,4553500.0,0.1548,1.2806,69.8674,0.8488,16.0324,0.0,40.596,1.0105,0.3454,10.249,16.0324,13.0057,2.0735,5.6348,24669000000.0,2004000000.0,3196000000.0,2638000000.0,24711000000.0,,3649000000.0,,Electrical Equipment
EMR,2016,Emerson Electric Co.,Electrical Equipment,North America,United States,63.73666666666667,58.63666666666666,59.99,61.01666666666667,45.76,3587950.0,0.1809,1.2438,67.8918,0.871,20.1688,0.0,43.3587,1.4484,0.338,11.1394,20.1688,17.1414,2.1178,5.6694,17733000000.0,2147000000.0,3191000000.0,1759000000.0,24177000000.0,,3692000000.0,,Electrical Equipment
EMR,2017,Emerson Electric Co.,Electrical Equipment,United States and Canada,United States,55.112,59.739999999999995,60.15,57.989999999999995,54.0,3162600.0,0.2082,1.5929,65.1993,0.6432,18.4947,0.0,41.5449,1.2485,0.302,10.2725,18.4947,15.3751,2.1596,5.2231,16249000000.0,2710000000.0,3807000000.0,1593000000.0,22088000000.0,,2529000000.0,,Electrical Equipment
EMR,2018,Emerson Electric Co,Electrical Equipment,United States and Canada,United States,55.475,59.9525,58.99,57.9225,65.55,3108900.0,0.2175,1.0738,59.3128,0.7078,17.9624,0.0,42.4644,1.3928,0.2587,12.6228,17.9624,15.0982,3.0505,6.9188,14522000000.0,1635000000.0,2316000000.0,1678000000.0,21732000000.0,,2881000000.0,,Electrical Equipment
EMR,2019,Emerson Electric Co,Electrical Equipment,United States and Canada,United States,61.13666666666666,59.95000000000001,59.123333333333335,60.22,63.32,2781900.0,0.2197,1.1821,55.7408,0.7057,18.6806,0.0,42.7199,1.3018,0.33,12.895,18.6806,16.3749,,6.9514,15264000000.0,1518000000.0,2335000000.0,1942000000.0,19589000000.0,,1912000000.0,,Electrical Equipment
EOG,2010,"EOG Resources, Inc.",Oil & Gas Producers,North America,United States,40.5,50.0,56.0,47.5,43.68,4925600.0,0.0793,1.1384,56.1528,0.3725,9.7593,0.0,100.0,0.0,0.2714,2.9999,9.7594,7.801,0.2482,0.5246,,,,,,,,246525000.0,Oil & Gas Producers
EOG,2011,"EOG Resources, Inc.",Oil & Gas Producers,North America,United States,33.0,52.0,56.666666666666664,45.666666666666664,46.58,4684900.0,0.1116,1.4009,45.7812,0.4184,22.887,0.0,100.0,0.0,0.2861,11.4998,22.887,21.1351,1.2336,2.4474,,,,,,,,249632000.0,Oil & Gas Producers
EOG,2014,"EOG Resources, Inc.",Oil & Gas Producers,North America,United States,41.0,52.333333333333336,58.0,50.0,86.78999999999999,6268000.0,0.1336,1.6003,35.8592,0.3337,26.4052,0.0,100.0,0.0,0.25,9.5703,26.4052,24.7249,1.2789,2.51,11682636000.0,659692000.0,1479797000.0,,27336578000.0,,5236777000.0,,Oil & Gas Producers
EOG,2015,"EOG Resources, Inc.",Oil & Gas Producers,North America,United States,44.0,52.5,59.0,51.0,80.65,4224650.0,0.0729,1.4249,48.7519,0.484,-18.3527,0.0,100.0,0.0,0.3249,-15.8227,-18.3527,-22.197,-1.0541,-2.1965,14487118000.0,2197109000.0,3675211000.0,,30574238000.0,,7329414000.0,,Oil & Gas Producers
EOG,2016,"EOG Resources, Inc.",Oil & Gas Producers,North America,United States,43.11666666666667,52.03666666666667,59.626666666666665,50.81333333333333,78.02,3447800.0,0.082,1.5798,46.0343,0.5794,-9.1329,0.0,100.0,0.0,0.3666,-8.9686,-9.1329,-12.8511,-0.7435,-1.6104,18035340000.0,2915487000.0,5241823000.0,,34758599000.0,,8649155000.0,,Oil & Gas Producers
EOG,2017,"EOG Resources, Inc.",Oil & Gas Producers,United States and Canada,United States,51.34,53.79,64.83,55.695,91.24,2840700.0,0.0918,1.2429,46.0947,0.4588,8.1228,0.0,100.0,0.0,0.3143,3.8014,8.1228,5.5194,0.349,0.7222,8757428000.0,-190000000.0,-193480000.0,,26834908000.0,,3595165000.0,,Oil & Gas Producers
EOG,2018,EOG Resources Inc,Oil & Gas Producers,United States and Canada,United States,55.919999999999995,61.29999999999999,64.83,60.300000000000004,110.24,3278200.0,0.1348,1.0886,46.5316,0.3471,24.552,0.0,100.0,0.0,0.2181,19.516,24.552,23.7913,2.171,4.6104,7650632000.0,100541000.0,214836000.0,,29299201000.0,,2359063000.0,,Oil & Gas Producers
EQIX,2010,"Equinix, Inc.",Software & Services,North America,United States,43.5,42.0,68.0,49.5,75.76,837000.0,0.0722,2.8673,32.297,1.1497,15.7489,0.0,45.0911,0.0,0.5313,3.3892,15.7489,3.0823,0.2499,0.6039,704680000.0,107924000.0,73262000.0,,,,267558000.0,,Software & Services
EQIX,2011,"Equinix, Inc.",Software & Services,North America,United States,45.0,42.0,60.0,48.0,77.14,635750.0,0.0712,1.86425,31.7893,1.5113,18.971,0.0,46.1735,0.0,0.5742,4.9776,18.971,7.3334,0.3521,0.9965,882509000.0,69431000.0,181079000.0,,,,355492000.0,,Software & Services
EQIX,2012,"Equinix, Inc.",Software & Services,North America,United States,45.0,42.0,60.0,47.5,138.47,890100.0,0.0804,1.4095,33.424,1.3615,20.8453,0.0,50.3388,0.0,0.5678000000000001,7.8798,20.8453,10.121300000000002,0.55085,1.5209000000000001,1196214000.0,36881000.0,193604000.0,188484000.0,,,392872000.0,,Software & Services
EQIX,2013,"Equinix, Inc.",Software & Services,North America,United States,58.0,43.333333333333336,59.0,51.666666666666664,155.29000000000002,766050.0,0.0747,1.7257,33.0851,1.6912,21.9265,0.0,50.4754,0.0,0.6227,7.8203,21.9265,8.3836,0.5786,1.7429,1565625000.0,94776000.0,305922000.0,233889000.0,,,587320000.0,,Software & Services
EQIX,2015,"Equinix, Inc.",Software & Services,North America,United States,54.0,52.0,57.0,53.0,226.735,654800.0,0.085,1.6266,38.4203,2.3753,20.5175,0.0,52.5593,0.0,0.6701,5.9903,20.5175,7.6767,0.5338,2.6995,2152766000.0,94685000.0,460932000.0,316389000.0,,,604608000.0,,Software & Services
EQIX,2016,"Equinix, Inc.",Software & Services,North America,United States,55.665,49.92,60.85,54.375,323.09,600450.0,0.0706,1.3434,36.7453,1.4978,18.3784,0.0,49.2546,0.0,0.5773,5.5641,18.3784,7.7375,0.3724,1.0548,2443776000.0,76452000.0,509266000.0,361181000.0,,,689420000.0,,Software & Services
EQIX,2017,"Equinix, Inc.",Software & Services,United States and Canada,United States,65.44333333333333,50.07,63.78333333333334,58.11000000000001,410.27,427400.0,0.0629,1.8098,46.0569,1.4716,19.3334,0.0,49.4594,0.0,0.592,5.4336,19.3334,7.1246,0.3489,0.9521,2725867000.0,187774000.0,567342000.0,454374000.0,,,894823000.0,,Software & Services
EQIX,2018,Equinix Inc,Software & Services,United States and Canada,United States,71.33,50.53,60.95,59.38,393.71,532500.0,0.0633,1.2365,43.9659,1.5858,20.6641,0.0,48.5641,0.0,0.6064,8.3981,20.6641,10.3868,0.3369,1.524,3611989000.0,126800000.0,618739000.0,569901000.0,,,1019353000.0,,Software & Services
EQIX,2019,Equinix Inc,Software & Services,United States and Canada,United States,66.5,50.64,56.075,57.355000000000004,495.28499999999997,392350.0,0.0605,1.5537,48.1035,1.2347,21.0676,0.0,49.5752,0.0,0.5423,8.8203,21.0676,12.789,,1.4121,4368428000.0,232982000.0,809014000.0,623442000.0,,,1439233000.0,,Software & Services
EQR,2010,Equity Residential,Real Estate,North America,United States,32.0,51.0,69.0,50.0,27.63,2889100.0,0.0282,0.0,0.0,1.9335,22.426,0.0,0.0,0.0,0.6591,5.5437,22.426,-4.7526,-0.0636,-0.2077,466177000.0,143365000.0,126283000.0,,,,,269554661.0,Real Estate
EQR,2011,Equity Residential,Real Estate,North America,United States,32.75,52.75,60.75,47.75,35.894999999999996,2104050.0,0.0293,0.0,0.0,1.6081,29.1146,0.0,0.0,0.0,0.6166,41.736046,29.1146,2.313,0.0922,0.2665,451745000.0,57856000.0,104444000.0,,,,,272786760.0,Real Estate
EQR,2012,Equity Residential,Real Estate,North America,United States,46.0,62.0,56.0,53.0,38.620000000000005,1795550.0,0.02695,0.0,0.0,1.5185499999999998,30.1586,0.0,0.0,0.0,0.6029,40.08245,30.1586,10.174900000000001,0.23705,0.5461,482852000.0,,142781000.0,,,,,279959048.0,Real Estate
EQR,2013,Equity Residential,Real Estate,North America,United States,46.0,55.0,56.0,52.0,37.114999999999995,1737600.0,0.0263,0.0,0.0,1.0718,19.2133,0.0,0.0,0.0,0.5173,41.736046,19.2133,-1.1693,-0.0565,-0.1238,626629000.0,,142020000.0,,,,,290197242.0,Real Estate
EQR,2014,Equity Residential,Real Estate,North America,United States,46.0,58.0,56.0,52.5,49.215,1842100.0,0.029,0.0,0.0,1.0128,37.7337,0.0,0.0,0.0,0.5032,32.6036,37.7337,20.6701,0.9889,2.1295,,,,,,,,297508185.0,Real Estate
EQR,2015,Equity Residential,Real Estate,North America,United States,57.0,50.0,52.0,53.0,54.56,1640550.0,0.0303,0.0,0.0,1.0092,36.9953,0.0,0.0,0.0,0.5023,28.8668,36.9953,20.2562,0.9246,2.0046,,,,,,,,325054654.0,Real Estate
EQR,2016,Equity Residential,Real Estate,North America,United States,57.2,44.7,54.955,52.775,55.510000000000005,2082000.0,0.0285,0.0,0.0,0.822,34.6159,0.0,0.0,0.0,0.4512,36.6404,34.6159,21.5198,1.0757,2.1089,,,,,,,,360479260.0,Real Estate
EQR,2017,Equity Residential,Real Estate,United States and Canada,United States,56.385,45.8775,55.212500000000006,52.88,59.18,1595900.0,0.0302,0.0,0.0,0.8552,34.8948,0.0,0.0,0.0,0.461,22.0241,34.8948,20.4277,0.6967,1.379,,,,,,,,362855454.0,Real Estate
EQR,2018,Equity Residential,Real Estate,United States and Canada,United States,63.39,49.32,57.81,57.495000000000005,58.87,1834000.0,0.0318,0.0,0.0,0.843,34.0107,0.0,0.0,0.0,0.4574,17.8347,34.0107,18.8713,1.082,1.1811,,,,,,,,364755444.0,Real Estate
EQR,2019,Equity Residential,Real Estate,United States and Canada,United States,62.3,50.08,61.55,58.41,74.325,1324650.0,0.0323,0.0,0.0,0.864,53.097118999999736,0.0,0.0,0.0,0.4635,41.736046,53.097118999999736,40.484,,2.8676,,,,,,,,365870924.0,Real Estate
ES,2015,Eversource Energy,Utilities,North America,United States,64.5,75.0,73.0,70.0,42.435,1407250.0,0.0608,0.863,50.589,0.9716,22.7903,0.0,63.6523,2.3249,0.4596,11.4199,22.7903,18.3073,0.7008,2.0558,7301204000.0,793689000.0,1529435000.0,,,,1663539000.0,,Utilities
ES,2016,Eversource Energy,Utilities,North America,United States,64.295,77.56,73.79,70.65,48.625,1602450.0,0.0572,0.9139,42.923,0.9879,23.9603,0.0,67.3575,1.9869,0.4647,12.9,23.9603,20.1435,0.7209,2.1571,7741856000.0,827065000.0,1632849000.0,,,,1651976000.0,,Utilities
ES,2017,Eversource Energy,Utilities,United States and Canada,United States,64.7825,76.74249999999999,75.69,71.0925,55.37,1334900.0,0.054,0.693,42.5769,1.0406,24.9056,0.0,68.8166,2.1367,0.4877,13.0898,24.9056,20.8733,0.7123,2.1585,7954827000.0,886004000.0,1764164000.0,,,,1433751000.0,,Utilities
ES,2018,Eversource Energy,Utilities,United States and Canada,United States,72.625,73.91499999999999,76.58,74.0,56.32,1776900.0,0.0532,0.5932,43.964,1.2053,20.5167,0.0,64.7268,3.8107,0.5158,12.74,20.5167,15.7407,0.7328,2.1702,7639129000.0,949821000.0,1841274000.0,,,,2208242000.0,,Utilities
ESS,2010,Essex Property Trust Inc.,Real Estate,North America,United States,38.0,55.0,51.0,47.0,76.055,300900.0,0.0298,0.0,0.0,1.6509,25.3168,0.0,0.0,0.0,0.6228,6.1125,25.3168,9.8345,0.2928,0.841,408434000.0,62140000.0,137982000.0,,,,181241000.0,,Real Estate
ESS,2012,Essex Property Trust Inc.,Real Estate,North America,United States,38.0,55.0,53.0,47.5,115.97999999999999,261700.0,0.030449999999999998,0.0,0.0,1.4538,31.0357,0.0,0.0,0.0,0.5925,22.8667,31.0357,23.312749999999998,0.71065,1.88525,410279000.0,35934000.0,110630000.0,,,,175530000.0,,Real Estate
ESS,2014,Essex Property Trust Inc.,Real Estate,North America,United States,41.0,44.0,48.0,44.0,167.70499999999998,313700.0,0.0242,0.0,0.0,0.828,22.7241,0.0,0.0,0.0,0.453,14.3855,22.7241,16.0434,0.3887,0.7391,535153000.0,125284000.0,167025000.0,,,,267499000.0,,Real Estate
ESS,2015,Essex Property Trust Inc.,Real Estate,North America,United States,39.0,44.0,48.0,43.0,191.22,322250.0,0.0254,0.0,0.0,0.8398,27.3384,0.0,0.0,0.0,0.4565,15.3818,27.3384,17.0657,0.4196,0.806,610590000.0,156283000.0,188705000.0,,,,304982000.0,,Real Estate
ESS,2016,Essex Property Trust Inc.,Real Estate,North America,United States,51.685,42.22,52.165,48.985,195.185,398650.0,0.0269,0.0,0.0,0.9031,32.9217,0.0,0.0,0.0,0.4745,22.3928,32.9217,23.8888,0.6294,1.2361,970938000.0,122150000.0,201514000.0,,,,493312000.0,,Real Estate
ESS,2017,Essex Property Trust Inc.,Real Estate,United States and Canada,United States,54.25333333333333,36.84666666666667,52.06333333333333,48.373333333333335,228.57,337400.0,0.0275,0.0,0.0,0.8797,32.7175,0.0,0.0,0.0,0.468,23.1505,32.7175,24.693,0.6796,1.332,1194407000.0,232120000.0,331174000.0,,,,618168000.0,,Real Estate
ESS,2018,"Essex Property Trust, Inc.",Real Estate,United States and Canada,United States,59.64,42.74,50.35,51.78,223.15,389400.0,0.028,0.0,0.0,0.8768,32.457,0.0,0.0,0.0,0.4672,28.8022,32.457,30.5142,0.7644,1.6435,,414979000.0,420800000.0,,,,716792000.0,,Real Estate
ESS,2019,"Essex Property Trust, Inc.",Real Estate,United States and Canada,United States,59.64,42.74,51.95,52.26,286.0,291550.0,0.0285,0.0,0.0,0.9206,33.8044,0.0,0.0,0.0,0.4793,27.0718,33.8044,28.8064,,1.6477,1363899000.0,458043000.0,472945000.0,,,,769607000.0,,Real Estate
ETN,2010,Eaton Corporation plc,Electrical Equipment,Europe,Ireland,55.333333333333336,61.0,63.666666666666664,59.666666666666664,16.045,3308000.0,0.2121,1.6217,56.643,0.4834,9.2001,0.0,29.9754,1.64,0.3197,7.5049,9.2001,7.9989,1.581,115.96061349999727,,,,,,,,,Electrical Equipment
ETN,2011,Eaton Corporation plc,Electrical Equipment,Europe,Ireland,66.0,66.0,65.0,66.0,21.715,3382500.0,0.2257,1.6019,55.6415,0.4873,10.3423,0.0,29.8437,1.6393,0.30569999999999997,8.8528,10.3423,9.6822,2.0198,115.96061349999727,,,,,,,,,Electrical Equipment
ETN,2012,Eaton Corporation plc,Electrical Equipment,Europe,Ireland,68.0,66.0,67.33333333333333,67.0,21.68,3670150.0,0.2147,1.6621,59.8121,0.5238,10.481,0.0,30.4557,1.5367000000000002,0.3127,8.7342,10.481,9.519,1.8457,115.96061349999727,13715000000.0,929000000.0,1700000000.0,,17252000000.0,,1282000000.0,,Electrical Equipment
ETN,2013,Eaton Corporation plc,Electrical Equipment,Europe,Ireland,65.33333333333333,64.66666666666667,65.66666666666667,65.0,31.009999999999998,2774750.0,0.1588,1.7345,61.3709,0.6014,10.5404,0.0,30.7473,1.6159,0.3591,8.8183,10.5404,9.292,1.4096,115.96061349999727,0.0,1352000000.0,2260000000.0,,17873000000.0,,1248000000.0,,Electrical Equipment
ETN,2014,Eaton Corporation plc,Electrical Equipment,Europe,Ireland,63.0,69.66666666666667,69.0,66.66666666666667,32.89,2887100.0,0.166,1.5126,59.3046,0.5704,11.8778,0.0,30.8715,1.5844,0.3363,10.4403,11.8778,10.9434,1.7448,3.6934,0.0,1220000000.0,2216000000.0,,35810000000.0,,1664000000.0,,Electrical Equipment
ETN,2015,Eaton Corporation,Electrical Equipment,Europe,Ireland,73.0,72.5,73.0,73.0,31.88,2916850.0,0.1632,1.4861,63.2404,0.5538,11.7065,0.0,31.5897,1.5019,0.3369,9.959,11.7065,10.7376,1.6422,115.96061349999727,0.0,1873000000.0,3178000000.0,,35491000000.0,,2285000000.0,,Electrical Equipment
ETN,2016,Eaton Corporation,Electrical Equipment,Europe,Ireland,75.44333333333334,72.94666666666667,72.5,73.83,32.425,2490250.0,0.1597,1.4174,65.8311,0.5476,12.1063,0.0,32.4043,1.448,0.3311,10.2322,12.1063,11.3006,1.6472,115.96061349999727,0.0,1803000000.0,3312000000.0,,33487000000.0,,1878000000.0,,Electrical Equipment
ETN,2017,Eaton Corporation,Electrical Equipment,Europe,Ireland,80.9975,76.545,71.1725,76.98,40.75,2168500.0,0.1598,1.432,68.074,0.5273,12.9868,0.0,32.8137,1.4107,0.293,12.1619,12.9868,12.1811,1.9434,115.96061349999727,20855000000.0,1974000000.0,3133000000.0,,31059000000.0,,2409000000.0,,Electrical Equipment
ETN,2018,Eaton Corp PLC,Electrical Equipment,Europe,Ireland,73.72,79.59333333333335,69.23,74.65333333333332,43.66,2588200.0,0.1722,1.4726,66.9679,0.4595,14.0332,0.0,33.0964,1.3178,0.2876,11.1172,14.0332,12.6481,1.4908,115.96061349999727,19747000000.0,1919000000.0,2958000000.0,,30476000000.0,,2570000000.0,,Electrical Equipment
ETN,2019,Eaton Corp PLC,Electrical Equipment,Europe,Ireland,84.04,76.18,68.28,77.35,46.96,2122500.0,0.1666,1.7189,64.1381,0.5045,14.0611,0.0,33.1827,1.2677,0.3306,11.3098,14.0611,13.3382,,3.7862,20404000000.0,2986000000.0,3214000000.0,,32623000000.0,,2666000000.0,,Electrical Equipment
ETR,2010,Entergy Corporation,Utilities,North America,United States,53.8,76.0,75.0,65.8,48.45,1411450.0,0.0758,1.5629,36.6594,1.3755,21.874,0.0,63.3943,1.0094,0.5655,11.0119,21.874,18.3094,0.8484,3.6517,,1220566000.0,2283167000.0,,,,3324328000.0,,Utilities
ETR,2011,Entergy Corporation,Utilities,North America,United States,54.0,75.5,76.25,66.0,44.71,1394550.0,0.0716,0.9984,34.6573,1.3745,17.6969,0.0,63.8081,0.9374,0.5316,11.2576,17.6969,15.1356,0.8193,3.7289,10745650000.0,1231092000.0,2284526000.0,,37561953000.0,,2933158000.0,,Utilities
ETR,2012,Entergy Corporation,Utilities,North America,United States,55.2,66.2,78.2,64.2,46.1,982150.0,0.0616,1.0117,35.9234,1.3928,13.6181,0.0,68.72825,0.7554,0.56545,11.76755,13.6181,9.8619,0.8154,3.7285,11487577000.0,1250242000.0,2267377000.0,,38685276000.0,,3926081000.0,,Utilities
ETR,2013,Entergy Corporation,Utilities,North America,United States,60.666666666666664,63.333333333333336,76.33333333333333,65.33333333333333,46.89,1177650.0,0.0633,0.9678,39.1904,1.4337,11.602,0.0,64.3799,0.8534,0.5642,5.9792,11.602,8.0173,0.3885,1.812,,1346439000.0,2013234000.0,,,,3128817000.0,,Utilities
ETR,2014,Entergy Corporation,Utilities,North America,United States,61.2,72.8,77.0,68.0,64.085,1620100.0,0.061,1.1405,35.0695,1.3777,11.2907,0.0,65.2625,0.875,0.5514,4.2428,11.2907,7.3157,0.2693,1.2491,,846673000.0,1301181000.0,,,,2940285000.0,,Utilities
ETR,2015,Entergy Corporation,Utilities,North America,United States,56.0,71.0,77.0,65.5,56.665,1280900.0,0.0586,1.1921,38.3497,1.4465,-10.1375,0.0,67.7645,0.7584,0.5784,3.9693,-10.1375,-16.7695,0.2348,1.1327,,711902000.0,1354999000.0,,,,3189219000.0,,Utilities
ETR,2016,Entergy Corporation,Utilities,North America,United States,58.84166666666667,67.66166666666668,78.78500000000001,66.47500000000001,62.835,1287050.0,0.0577,1.1513,39.7636,1.4725,17.9593,0.0,73.2424,0.7552,0.5741,12.4226,17.9593,13.1415,0.8237,3.9051,,940721000.0,2006889000.0,,,,3889561000.0,,Utilities
ETR,2017,Entergy Corporation,Utilities,United States and Canada,United States,62.2075,64.605,78.095,66.89750000000001,67.19,1122400.0,0.0569,0.7782,38.5096,1.8994,9.0353,0.0,68.9735,0.9348,0.6257,12.2763,9.0353,5.885,0.8656,4.6218,,567314000.0,772060000.0,,,,3291184000.0,,Utilities
ETR,2018,Entergy Corp,Utilities,United States and Canada,United States,55.7875,72.51,75.94,65.8375,73.59,1370100.0,0.056,0.5671,39.9193,2.1468,3.4322,0.0,63.5505,1.0525,0.6441,9.196,3.4322,-1.1892,0.5226,3.102,10845645000.0,413368000.0,759003000.0,,,,2998699000.0,,Utilities
ETR,2019,Entergy Corp,Utilities,United States and Canada,United States,54.785,72.51,75.99,65.4,98.60499999999999,1333100.0,0.0527,0.7175,41.6757,1.8916,12.7063,0.0,70.92,0.8861,0.6221,11.6297,12.7063,9.0762,,3.6817,11074481000.0,539818000.0,1360407000.0,,,,2623500000.0,,Utilities
EW,2010,Edwards Lifesciences Corp.,Healthcare,North America,United States,42.0,61.0,60.5,54.25,9.195,4500000.0,0.222,3.0568,72.4535,0.0816,20.1533,0.0,72.5082,0.5507,0.0,15.7448,20.1533,18.1818,3.502,4.9534,1237700000.0,128900000.0,164400000.0,818100000.0,,,153200000.0,,Healthcare
EW,2011,Edwards Lifesciences Corp.,Healthcare,North America,United States,45.5,57.0,57.5,53.5,13.71,5145900.0,0.21239999999999998,3.8838,75.6288,0.1262,17.4629,0.0,70.3618,0.5067,0.1121,13.474,17.4629,15.9461,2.9015,4.1943,1321400000.0,,304400000.0,922300000.0,,,,,Healthcare
EW,2012,Edwards Lifesciences Corp.,Healthcare,North America,United States,50.0,64.5,56.0,58.0,14.46,5442300.0,0.22945,4.4981,64.0992,0.1285,20.49815,0.0,74.06595,0.4547,0.11385,14.81335,20.49815,19.752200000000002,3.25775,4.70425,1447000000.0,,268200000.0,1038700000.0,,,,,Healthcare
EW,2013,Edwards Lifesciences Corp.,Healthcare,North America,United States,49.0,62.0,58.0,57.5,11.875,6033900.0,0.1978,4.6864,59.478,0.3702,23.9179,0.0,74.1324,0.4127,0.2702,15.4964,23.9179,20.1372,3.0349,5.343,1678600000.0,,283600000.0,1188800000.0,,,,,Healthcare
EW,2015,Edwards Lifesciences Corp.,Healthcare,North America,United States,49.5,61.5,59.0,57.5,23.69,5749500.0,0.1654,4.3005,49.8614,0.2498,25.3128,0.0,74.2866,0.5062,0.1999,19.1877,25.3128,24.4842,3.1234,4.9244,2045500000.0,,511200000.0,1528900000.0,,,,,Healthcare
EW,2016,Edwards Lifesciences Corp.,Healthcare,North America,United States,69.34833333333334,67.20833333333333,57.51666666666667,64.83666666666666,33.25,4745850.0,0.1704,4.1512,50.4702,0.2438,26.4133,0.0,72.7617,0.5376,0.196,19.1236,26.4133,25.0473,3.2588,5.253,2322900000.0,,1144000000.0,1697300000.0,,,,,Healthcare
EW,2017,Edwards Lifesciences Corporation,Healthcare,United States and Canada,United States,78.10000000000001,63.06999999999999,59.23333333333333,65.67666666666666,36.82,4045800.0,0.1568,3.4908,52.039,0.3459,29.5438,0.0,74.0353,0.424,0.2464,20.706,29.5438,25.7821,3.0993,5.3787,2493700000.0,,622400000.0,1876500000.0,,,549700000.0,,Healthcare
EW,2018,Edwards Lifesciences Corporation,Healthcare,United States and Canada,United States,83.22,65.916,59.45,68.30199999999999,47.24,3782100.0,0.166,2.3096,49.6016,0.3551,26.714,0.0,75.193,0.3867,0.158,24.9173,26.714,26.5974,3.7914,6.7206,2963700000.0,,751200000.0,2166300000.0,,,704400000.0,,Healthcare
EW,2019,Edwards Lifesciences Corporation,Healthcare,United States and Canada,United States,87.65,66.88499999999999,64.45,71.345,63.69499999999999,3210300.0,0.1834,3.3783,46.8921,0.1558,26.4713,0.0,73.2724,0.4785,0.1348,23.8651,26.4714,26.8716,,6.9223,3435300000.0,,1089400000.0,2560000000.0,,,1000700000.0,,Healthcare
EXC,2010,Exelon Corporation,Utilities,North America,United States,69.33333333333333,78.33333333333333,70.33333333333333,72.33333333333333,27.345,4418000.0,0.0894,1.509,47.824,0.9354,23.1469,0.0,63.0316,2.1005,0.4634,11.66,23.1469,19.8264,1.0031,3.8635,18859000000.0,2737000000.0,5299000000.0,,,,6551000000.0,,Utilities
EXC,2011,Exelon Corporation,Utilities,North America,United States,58.0,69.0,74.0,65.0,28.564999999999998,4973050.0,0.0915,1.1685,47.0491,0.9641500000000001,22.9982,0.0,60.731750000000005,2.3377999999999997,0.46425,13.6343,22.9982,21.1966,1.1116,4.2188,17318000000.0,2707000000.0,4750000000.0,,,,6094000000.0,,Utilities
EXC,2012,Exelon Corporation,Utilities,North America,United States,59.0,61.0,77.0,63.5,26.765,5706200.0,0.07830000000000001,1.4542,63.01434999999999,0.87825,10.1552,0.0,56.09365,2.6652500000000003,0.4505,4.6465,10.1552,6.9615,0.37615,1.3192,18644000000.0,2563000000.0,4726000000.0,,,,5244000000.0,855019272.0,Utilities
EXC,2013,Exelon Corporation,Utilities,North America,United States,70.0,76.0,72.5,72.5,23.07,5965750.0,0.0783,1.3117,59.8681,0.9257,16.3654,0.0,58.121,2.3739,0.4437,8.0318,16.3654,13.0618,0.6338,2.3022,19063000000.0,2499000000.0,4479000000.0,,,,4853000000.0,,Utilities
EXC,2014,Exelon Corporation,Utilities,North America,United States,74.0,79.0,75.75,75.75,28.605,6265000.0,0.084,1.3528,58.4082,0.9164,4.796,0.0,50.3445,2.2477,0.4513,0.2481,4.796,1.6125,0.1111,0.3978,23489000000.0,1171000000.0,2373000000.0,,,,6131000000.0,,Utilities
EXC,2015,Exelon Corporation,Utilities,North America,United States,75.0,75.0,76.0,75.0,26.53,6878100.0,0.0706,2.1495,55.0448,0.9807,16.214,0.0,57.1173,1.8352,0.48,8.4989,16.214,9.4987,0.6171,2.1511,24888000000.0,1729000000.0,3669000000.0,,,,6343000000.0,,Utilities
EXC,2016,Exelon Corporation,Utilities,North America,United States,71.38399999999999,69.762,74.21,71.604,29.04,5474800.0,0.0686,0.9665,60.6816,1.3181,10.3413,0.0,59.6752,1.9402,0.5411,3.864,10.3413,6.0058,0.2713,1.121,27429000000.0,1820000000.0,3096000000.0,,,,4457000000.0,,Utilities
EXC,2017,Exelon Corporation,Utilities,United States and Canada,United States,71.12666666666667,68.98333333333333,75.35000000000001,71.54,32.59,4521800.0,0.0717,1.0265,56.1605,1.1863,15.2901,0.0,59.6031,2.1235,0.5138,9.3864,15.2901,14.55,0.7301,2.8532,29447000000.0,2250000000.0,4409000000.0,,,,7616000000.0,,Utilities
EXC,2018,Exelon Corporation,Utilities,United States and Canada,United States,70.41,65.58,75.15,70.15,38.51,5579600.0,0.0736,1.1935,59.9216,1.0975,11.6642,0.0,53.9296,2.5496,0.5105,6.6741,11.6642,7.5904,0.5435,1.6505,31366000000.0,1196000000.0,3212000000.0,,,,8461000000.0,,Utilities
EXC,2019,Exelon Corporation,Utilities,United States and Canada,United States,70.81,70.79,74.75,71.79,45.35,5130400.0,0.0668,0.9011,60.0819,1.0952,11.5306,0.0,55.7397,2.1307,0.4857,8.646,11.5306,11.4707,,2.2124,33558000000.0,3869000000.0,4388000000.0,,,,7480000000.0,,Utilities
EXPD,2010,Expeditors International of Washington Inc.,Transportation,North America,United States,39.0,44.0,54.0,45.0,34.815,1577000.0,0.5956,2.3703,58.4363,0.0,9.3907,0.0,27.6151,0.0,0.0,5.9546,9.3907,9.5832,3.5503,5.5303,5633878000.0,301014000.0,473136000.0,1603261000.0,2100839000.0,,408966000.0,,Transportation
EXPD,2011,Expeditors International of Washington Inc.,Transportation,North America,United States,42.666666666666664,51.333333333333336,63.666666666666664,51.333333333333336,41.65,1480900.0,0.5495,2.672,55.8984,0.0,10.1943,0.0,30.743,0.0,0.0,6.190799999999999,10.1943,10.2786,3.3016,5.0565,4092283000.0,240217000.0,385001000.0,1382786000.0,2323722000.0,,330800000.0,,Transportation
EXPD,2012,Expeditors International of Washington Inc.,Transportation,North America,United States,63.0,58.0,64.0,61.0,34.15,1529100.0,0.504,2.8075,59.638000000000005,0.0,8.8368,0.0,30.3682,0.0,0.0,5.5786,8.8368,9.2304,2.81715,4.1033,5967573000.0,344172000.0,547230000.0,1692786000.0,2679179000.0,,395518000.0,,Transportation
EXPD,2013,Expeditors International of Washington Inc.,Transportation,North America,United States,63.0,54.5,62.5,59.0,36.855000000000004,1408900.0,0.4963,2.8781,60.1323,0.0,9.5134,0.0,31.3907,0.0,0.0,6.0079,9.5134,9.7851,2.9926,4.2522,6161537000.0,385679000.0,618327000.0,,2866827000.0,,457131000.0,,Transportation
EXPD,2014,Expeditors International of Washington Inc.,Transportation,North America,United States,62.0,51.0,64.0,58.0,40.129999999999995,1251850.0,0.6119,2.327,62.8912,0.0,8.9252,0.0,29.3342,0.0,0.0,5.6185,8.9251,9.0802,3.4847,5.3825,5992215000.0,333360000.0,530798000.0,,2954125000.0,,370126000.0,,Transportation
EXPD,2015,Expeditors International of Washington Inc.,Transportation,North America,United States,57.0,50.0,65.0,56.5,43.75,1251750.0,0.5841,2.3403,63.537,0.0,11.1508,0.0,33.5899,0.0,0.0,7.1645,11.1508,11.5529,4.2,6.4454,6080257000.0,348526000.0,552073000.0,,3014812000.0,,407536000.0,,Transportation
EXPD,2016,Expeditors International of Washington Inc.,Transportation,North America,United States,56.07333333333333,46.843333333333334,67.61666666666666,55.26666666666667,46.635,1245600.0,0.5553,2.3857,64.1445,0.0,10.7056,0.0,34.8989,0.0,0.0,6.8857,10.7056,10.9519,3.9808,6.0144,6564721000.0,376888000.0,594648000.0,,2870626000.0,,394966000.0,,Transportation
EXPD,2017,Expeditors International of Washington Inc.,Transportation,United States and Canada,United States,55.480000000000004,40.78,64.65,51.89,53.67,1000700.0,0.5872,2.3409,66.9657,0.0,10.3706,0.0,33.2457,0.0,0.0,6.6732,10.3706,10.567,3.93,6.0879,6616632000.0,457223000.0,721484000.0,,2565577000.0,,566562000.0,,Transportation
EXPD,2018,Expeditors International of Washington Inc,Transportation,United States and Canada,United States,58.53,51.06,62.78333333333333,56.60333333333333,69.16,1160600.0,0.627,2.0612,63.6688,0.0,9.7069,0.0,31.6275,0.0,0.0,7.7808,9.7069,9.9412,4.499,8.3311,6098037000.0,430807000.0,670163000.0,,2790871000.0,,529485000.0,,Transportation
EXPD,2019,Expeditors International of Washington Inc,Transportation,United States and Canada,United States,60.665000000000006,48.55,63.949999999999996,56.64,72.85499999999999,967400.0,0.5582,2.3397,57.8785,0.0,9.4421,0.0,32.5014,0.0,0.0,7.5236,9.4421,9.8733,,7.2705,6920948000.0,489345000.0,700260000.0,,3117008000.0,,488639000.0,,Transportation
EXPE,2010,Expedia Inc.,Retailing,North America,United States,48.0,34.5,52.0,42.5,31.244999999999997,2439350.0,0.1259,0.9009,42.1623,0.4565,23.2253,0.0,79.7867,0.0,0.3134,14.4345,23.2253,21.0465,1.7417,4.3259,2937013000.0,-2517763000.0,-2428953000.0,,,,520688000.0,,Retailing
EXPE,2011,Expedia Inc.,Retailing,North America,United States,46.666666666666664,37.666666666666664,47.0,42.666666666666664,36.42,2504600.0,0.121,0.9853,38.8098,0.5419,15.7299,0.0,78.567,0.0,0.3515,15.3672,15.7299,13.2735,1.0955,2.9243,2743051000.0,299526000.0,397743000.0,,,,,,Retailing
EXPE,2012,Expedia Inc.,Retailing,North America,United States,50.0,42.0,45.0,45.5,43.53,2924500.0,0.1386,0.8946,44.3826,0.52815,14.8504,0.0,77.9091,0.0,0.3456,10.1195,14.8504,12.9679,1.4138,4.5307,3033645000.0,421500000.0,500787000.0,,,,,,Retailing
EXPE,2013,Expedia Inc.,Retailing,North America,United States,50.0,42.0,49.0,47.0,57.215,2280850.0,0.1488,0.7271,51.1518,0.542,12.0407,0.0,78.4267,0.0,0.3515,8.2219,12.0407,10.4566,1.2144,4.1606,3449009000.0,472294000.0,479609000.0,,,,,,Retailing
EXPE,2014,Expedia Inc.,Retailing,North America,United States,46.666666666666664,45.333333333333336,52.666666666666664,47.333333333333336,81.545,1870550.0,0.1503,0.6985,52.7992,0.9224,6.9844,0.0,79.037,0.0,0.4798,4.865,6.9844,6.4895,0.6239,2.9719,4030347000.0,280171000.0,431724000.0,,,,,,Retailing
EXPE,2015,Expedia Inc.,Retailing,North America,United States,39.5,45.5,51.5,45.0,103.24,1543400.0,0.1405,0.5341,59.2305,0.9877,5.4187,0.0,80.688,0.0,0.4969,14.6157,5.4187,17.659,2.2271,11.0222,4771259000.0,257059000.0,366060000.0,,,,,,Retailing
EXPE,2016,Expedia Inc.,Retailing,North America,United States,40.89,43.095,52.03,44.56,107.95,2094400.0,0.1327,0.5592,58.5872,0.7492,7.0456,0.0,82.2697,0.0,0.4283,3.8031,7.0456,5.5189,0.5362,1.486,5763485000.0,449644000.0,517764000.0,,,,1366959000.0,,Retailing
EXPE,2017,Expedia Inc.,Retailing,United States and Canada,United States,40.925,46.9225,51.315,45.925000000000004,132.29,1714600.0,0.1389,0.7031,68.0262,0.6815,4.9159,0.0,83.024,0.0,0.3754,2.3717,4.9159,3.2773,0.29,0.9275,6672317000.0,764465000.0,413566000.0,,,,1368045000.0,,Retailing
EXPE,2018,Expedia Group Inc,Retailing,United States and Canada,United States,38.71,43.25,47.8,42.8,118.84,1609100.0,0.1419,0.7043,76.4947,0.6578,3.8542,0.0,82.7083,0.0,0.3968,0.6643,3.8542,2.1884,-0.0438,0.4424,,352000000.0,481000000.0,,,,1549000000.0,,Retailing
EXPE,2019,Expedia Group Inc,Retailing,United States and Canada,United States,38.71,42.415000000000006,48.0,42.515,124.28,1474100.0,0.142,0.7531,84.9873,0.8571,8.4047,0.0,84.1421,0.0,0.4208,5.804,8.4047,7.4532,,3.1657,10060000000.0,525000000.0,672000000.0,,,,1845000000.0,,Retailing
EXR,2015,Extra Space Storage Inc.,Real Estate,North America,United States,39.0,40.0,47.0,42.0,57.945,795050.0,0.0372,0.0,0.0,1.4526,43.9078,0.0,0.0,0.0,0.5923,29.7746,43.9078,33.9723,1.2611,2.5154,,172076000.0,213483000.0,,,,,,Real Estate
EXR,2016,Extra Space Storage Inc.,Real Estate,North America,United States,38.75,37.78,48.88333333333333,41.49333333333333,71.58500000000001,987250.0,0.0378,0.0,0.0,1.5782,47.7186,0.0,0.0,0.0,0.6121,33.9964,47.7186,38.405,1.394,3.6853,,178355000.0,278468000.0,,,,337581000.0,,Real Estate
EXR,2017,Extra Space Storage Inc.,Real Estate,United States and Canada,United States,39.5,37.53,50.44,42.19,69.07,907700.0,0.0392,0.0,0.0,1.672,49.4223,0.0,0.0,0.0,0.6257,32.9974,49.4223,36.6834,1.4262,3.9272,,189474000.0,294656000.0,,,,367329000.0,,Real Estate
EXR,2018,Extra Space Storage Inc.,Real Estate,United States and Canada,United States,40.13,37.53,49.46333333333333,42.153333333333336,84.01,937300.0,0.0392,0.0,0.0,1.7274,50.9762,0.0,0.0,0.0,0.6333,33.0116,50.9762,36.5759,1.3301,3.9222,284156000.0,366127000.0,458303000.0,,,,539263000.0,,Real Estate
EXR,2019,Extra Space Storage Inc.,Real Estate,United States and Canada,United States,48.695,48.505,53.325,50.03,101.765,788350.0,0.0394,0.0,0.0,1.7272,49.0306,0.0,0.0,0.0,0.6333,32.3941,49.0306,35.6623,,3.9888,337505000.0,479013000.0,654394000.0,,,,597375000.0,,Real Estate
F,2010,Ford Motor Co.,Automobiles,North America,United States,61.666666666666664,55.0,72.33333333333333,62.0,8.425,78818750.0,0.1951,2.0907,23.2605,-8.848264,10.1763,0.0,18.9342,4.58,1.0151,5.6435,10.1763,6.3125,0.9533,-50.534578999999994,143584000000.0,2261000000.0,-15276000000.0,,,,,,Automobiles
F,2011,Ford Motor Co.,Automobiles,North America,United States,70.75,68.75,76.5,71.5,8.97,61369700.0,0.2031,1.9646,24.228,14.316985999999881,7.7586,0.0,16.4311,3.99345,0.9404,6.7498,7.7586,5.586,1.4278,44.8598,116283000000.0,2717000000.0,2847000000.0,,192040000000.0,,,,Automobiles
F,2012,Ford Motor Co.,Automobiles,North America,United States,78.25,72.5,75.0,75.75,7.359999999999999,40849700.0,0.1807,1.90995,27.533,5.8491,7.5446,0.0,16.53385,3.8236,0.854,4.31475,7.5446,5.60215,0.79125,8.5215,128954000000.0,6561000000.0,7149000000.0,,164687000000.0,,,,Automobiles
F,2013,Ford Motor Co.,Automobiles,North America,United States,69.75,72.75,72.25,71.0,10.93,36004850.0,0.1858,1.9073,26.9433,5.3936,6.8875,0.0,16.0587,3.5847,0.8436,3.5556,6.8875,5.8449,0.6331,6.4197,135605000000.0,20213000000.0,8681000000.0,,177386000000.0,,,,Automobiles
F,2014,Ford Motor Co.,Automobiles,North America,United States,70.42857142857143,71.28571428571429,74.0,71.71428571428571,10.54,31584350.0,0.1719,6.5804,29.3761,4.8711,5.6231,0.0,9.2278,4.1372,0.8297,-5.3081,5.6231,-8.8207,-0.9141,-7.7948,133559000000.0,5613000000.0,7638000000.0,,189571000000.0,,,,Automobiles
F,2015,Ford Motor Co.,Automobiles,North America,United States,69.0,73.66666666666667,72.0,71.0,11.145,25860450.0,0.1738,6.2364,30.5917,4.636,11.7892,0.0,18.1706,3.287,0.8214,5.7466,11.7892,8.6278,0.9989,7.9755,146917000000.0,11953000000.0,14371000000.0,,202204000000.0,,,,Automobiles
F,2016,Ford Motor Co.,Automobiles,North America,United States,63.78,76.01333333333334,67.24833333333333,68.31666666666666,9.975000000000001,31510100.0,0.1624,1.2014,25.1123,4.491,7.2838,0.0,15.9518,3.3088,0.7532,2.6625,7.2838,3.8589,0.409,3.0509,144077000000.0,1230000000.0,3291000000.0,,208615000000.0,,,,Automobiles
F,2017,Ford Motor Co.,Automobiles,United States and Canada,United States,53.602,74.688,65.26,62.842,9.9,34264300.0,0.1599,1.204,23.0826,4.4828,2.7379,0.0,16.3375,3.006,0.7465,5.1364,2.7379,4.8558,0.8304,6.3697,149558000000.0,7371000000.0,10252000000.0,,224925000000.0,,,,Automobiles
F,2018,Ford Motor Co.,Automobiles,United States and Canada,United States,50.82666666666666,74.20333333333333,60.78,60.326666666666675,9.21,40318900.0,0.1508,1.2121,118.753,4.191,1.5122,0.0,14.7122,2.6418,0.7369,2.631,1.5122,2.9045,0.4142,2.7117,151800000000.0,4600000000.0,6784000000.0,,238510000000.0,,,,Automobiles
F,2019,Ford Motor Co,Automobiles,United States and Canada,United States,53.69,74.39,60.35,61.565,8.86,36299550.0,0.1482,1.1682,25.344,4.355,-0.7056,0.0,12.7278,2.7062,0.7407,0.3809,-0.7056,-0.0514,,0.4151,156776000000.0,7757000000.0,4881000000.0,,258496000000.0,,18096000000.0,,Automobiles
FAST,2010,Fastenal Company,Traders & Distributors,North America,United States,45.0,34.333333333333336,59.333333333333336,44.666666666666664,9.735,4365200.0,0.3961,6.5507,44.2486,0.0,19.5797,0.0,52.0451,0.5238,0.0,12.1094,19.5797,19.6303,4.7971,5.4944,2340425000.0,279705000.0,450237000.0,1236092000.0,,,259898000.0,,Traders & Distributors
FAST,2011,Fastenal Company,Traders & Distributors,North America,United States,45.666666666666664,38.0,61.333333333333336,46.333333333333336,12.945,3930200.0,0.4402,5.647600000000001,44.7157,0.0,21.359,0.0,51.9278,0.5512,0.0,13.3194,21.359,21.372,5.8629,6.8708,1930330000.0,184357000.0,295793000.0,983435000.0,,,306070000.0,,Traders & Distributors
FAST,2012,Fastenal Company,Traders & Distributors,North America,United States,54.0,42.0,67.0,52.0,17.515,3899600.0,0.42105000000000004,6.5462,45.00595,0.0,21.8944,0.0,51.5951,0.57635,0.0,13.6211,21.8944,21.9089,5.6946,6.5682,2269471000.0,265356000.0,429689000.0,1174836000.0,,,240488000.0,,Traders & Distributors
FAST,2013,Fastenal Company,Traders & Distributors,North America,United States,53.0,52.0,67.0,56.0,19.77,3061400.0,0.4166,5.8727,46.3436,0.0,21.9647,0.0,51.6522,0.549,0.0,13.9034,21.9647,21.9755,5.7925,6.8214,2766859000.0,357929000.0,574609000.0,1434172000.0,,,268489000.0,,Traders & Distributors
FAST,2014,Fastenal Company,Traders & Distributors,North America,United States,56.5,53.0,68.5,58.5,18.869999999999997,3196400.0,0.3926,4.2181,44.898,0.047,20.4071,0.0,50.479,0.5277,0.0,12.7817,20.4071,20.3852,5.0185,6.1816,3133577000.0,420536000.0,673691000.0,1614524000.0,,,396292000.0,,Traders & Distributors
FAST,2015,Fastenal Company,Traders & Distributors,North America,United States,62.0,49.5,70.0,59.0,17.56,4504200.0,0.3989,4.4612,48.4939,0.1871,22.1059,0.0,50.318,0.5582,0.133,13.7145,22.1059,22.025,5.4701,7.6532,3326106000.0,448636000.0,712657000.0,1719445000.0,,,416120000.0,,Traders & Distributors
FAST,2016,Fastenal Company,Traders & Distributors,North America,United States,64.32,47.455,70.995,59.239999999999995,19.455,5023600.0,0.371,5.3695,47.6789,0.2302,20.0276,0.0,49.4528,0.5205,0.1641,12.5259,20.0276,19.8598,4.6476,6.6464,3733507000.0,494150000.0,787590000.0,1897402000.0,,,499392000.0,,Traders & Distributors
FAST,2017,Fastenal Company,Traders & Distributors,United States and Canada,United States,62.86333333333334,45.70333333333334,64.08333333333333,56.303333333333335,20.8,4675400.0,0.3904,5.4715,50.2198,0.2171,20.1713,0.0,49.0731,0.5391,0.1757,13.2769,20.1713,19.9506,5.222,7.2679,3869200000.0,516400000.0,828800000.0,1948900000.0,,,550300000.0,,Traders & Distributors
FAST,2018,Fastenal Co,Traders & Distributors,United States and Canada,United States,59.72,47.22,60.89,55.01,25.19,5082200.0,0.4007,5.3485,52.198,0.1909,20.4954,0.0,48.1169,0.5558,0.1595,15.4399,20.4954,20.2688,6.186484999999999,8.5334,1132800000.0,148900000.0,235400000.0,558500000.0,,,,,Traders & Distributors
FAST,2019,Fastenal Co,Traders & Distributors,United States and Canada,United States,57.535,46.785,61.61,54.25,30.585,4051550.0,0.3616,4.5111,53.337,0.1721,20.0965,0.0,46.8635,0.5374,0.146,14.9518,20.0965,19.8334,,8.1719,1279800000.0,211200000.0,265900000.0,617700000.0,,,,578323848.0,Traders & Distributors
FB,2012,"Facebook, Inc.",Software & Services,North America,United States,47.0,38.0,48.0,43.0,23.29,42978900.0,0.0793,6.913786999999992,85.7211,0.0636,29.8732,0.0,74.485,0.0,0.036,-4.6751,29.8732,29.477,-0.3679,-0.4163,,,,,,,,,Software & Services
FB,2013,"Facebook, Inc.",Software & Services,North America,United States,40.666666666666664,38.0,53.333333333333336,43.0,29.79,49838850.0,0.135,6.913786999999992,38.8196,0.0441,36.5079,0.0,74.8512,0.0,0.0215,20.1547,36.5079,36.0119,2.846,3.2572,,,,,,,,,Software & Services
FB,2014,"Facebook, Inc.",Software & Services,North America,United States,41.0,38.0,50.0,42.0,69.065,42264250.0,0.1324,6.913786999999992,38.2985,0.0131,43.6154,0.0,83.0434,0.0,0.006,25.039,43.6154,41.7109,3.3322,3.7951,,,,,,,,,Software & Services
FB,2015,"Facebook, Inc.",Software & Services,North America,United States,49.5,39.0,51.0,45.0,86.78999999999999,23898750.0,0.0969,6.913786999999992,40.1911,0.003,32.415,0.0,84.0036,0.0,0.0026,19.7956,32.415,31.8152,1.9282,2.1632,,,,,,,,,Software & Services
FB,2016,"Facebook, Inc.",Software & Services,North America,United States,51.335,55.7575,48.207499999999996,52.54,117.765,20993100.0,0.1175,6.913786999999992,39.4095,0.0,44.4587,0.0,85.9221,0.0,0.0,37.3699,44.4587,45.1291,4.4023,4.8545,,,,,,,,,Software & Services
FB,2017,"Facebook, Inc.",Software & Services,United States and Canada,United States,50.335,60.095,41.3,52.47,153.61,14679400.0,0.1307,6.913786999999992,38.5515,0.0,49.5933,0.0,86.7289,0.0,0.0,41.7337,49.5933,50.6971,5.2734,5.8573,,,,,,,,,Software & Services
FB,2018,"Facebook, Inc.",Software & Services,United States and Canada,United States,54.164,59.136,40.410000000000004,52.962,174.7,21860900.0,0.1485,6.913786999999992,39.7188,0.0,44.3126,0.0,83.2666,0.0,0.0,38.5912,44.3126,44.3504,5.655,6.4322,,,,,,,,,Software & Services
FB,2019,Facebook Inc,Software & Services,United States and Canada,United States,61.1,62.718,41.61,56.955999999999996,184.665,14204900.0,0.1443,4.4658,40.0432,0.0,40.7036,0.0,82.1267,0.0,0.0,34.506,40.7036,41.5194,2.2358,6.4799,,,,,,,,,Software & Services
FBHS,2013,"Fortune Brands Home & Security, Inc.",Building Products,North America,United States,42.0,49.0,71.0,52.0,35.51,1112050.0,0.2537,1.7969,44.5866,0.1392,9.3397,0.0,35.5672,1.4815,0.1205,6.1515,9.3397,9.1866,1.5561,2.5098,,,,,,,,,Building Products
FBHS,2014,"Fortune Brands Home & Security, Inc.",Building Products,North America,United States,41.0,49.0,71.0,51.0,38.41,1245200.0,0.2565,1.919,45.4808,0.292,12.2177,0.0,34.7925,1.3241,0.2183,4.3382,12.2177,11.9159,2.0596,3.4089,,,,,,,,,Building Products
FBHS,2016,"Fortune Brands Home & Security, Inc.",Building Products,North America,United States,42.982,45.666,68.28,50.244,52.72,1203700.0,0.2538,1.9824,39.4799,0.6719,14.3159,0.0,36.5773,1.424,0.4019,9.6471,14.3159,13.3464,2.3386,5.1648,,,,,,,,,Building Products
FBHS,2017,"Fortune Brands Home & Security, Inc.",Building Products,United States and Canada,United States,45.63333333333333,50.57666666666666,57.76666666666667,50.4,60.73,967700.0,0.2521,1.8748,39.2654,0.5743,14.7931,0.0,37.4685,1.4656,0.3648,9.6026,14.7931,14.0442,2.4227,5.0905,,,,,,,,,Building Products
FBHS,2018,"Fortune Brands Home & Security, Inc.",Building Products,United States and Canada,United States,43.85,47.46,57.4,48.5,53.54,1661200.0,0.2382,1.3021,41.4101,1.0706,10.6533,0.0,35.7691,1.3535,0.4535,7.2277,10.6533,9.9725,1.6192,4.4726,,,,,,,,,Building Products
FBHS,2019,"Fortune Brands Home & Security, Inc.",Building Products,United States and Canada,United States,45.58,53.41,59.35,51.76,51.625,1197850.0,0.2337,1.3469,39.4853,1.0051,13.0908,0.0,35.9287,1.3063,0.4237,7.2378,13.0908,9.9178,1.6816,4.5235,,,,,,,,,Building Products
FCX,2010,Freeport-McMoRan Inc.,Diversified Metals,North America,United States,60.333333333333336,67.66666666666667,70.0,66.33333333333333,30.44,24626500.0,0.1843,2.6179,36.9468,0.3483,48.5054,0.0,50.8152,0.7945,0.2544,22.8649,48.5054,46.1374,5.4846,11.1727,,1203000000.0,2084000000.0,,23353000000.0,,3370000000.0,,Diversified Metals
FCX,2011,Freeport-McMoRan Inc.,Diversified Metals,North America,United States,49.666666666666664,64.33333333333333,77.0,62.666666666666664,39.005,18463200.0,0.1638,3.3662,25.051,0.1958,41.386,0.0,45.5823,0.7535,0.1636,20.2695,41.386,40.4235,4.081,7.1686,,3534000000.0,6503000000.0,,25996000000.0,,4397000000.0,,Diversified Metals
FCX,2012,Freeport-McMoRan Inc.,Diversified Metals,North America,United States,43.25,63.0,84.0,61.0,31.09,15877650.0,0.13040000000000002,3.3453,30.285449999999997,0.17345,31.017850000000003,0.0,34.738,0.6637,0.1477,16.52715,31.017850000000003,30.0646,2.8543000000000003,4.84075,,5544000000.0,9068000000.0,,29386000000.0,,6273000000.0,,Diversified Metals
FCX,2013,Freeport-McMoRan Inc.,Diversified Metals,North America,United States,44.5,60.5,81.0,60.0,28.115,12537500.0,0.0927,2.0893,39.181,0.8603,27.6886,0.0,31.0462,0.7882,0.4616,12.0136,27.6886,24.9278,1.5109,3.8009,20880000000.0,5747000000.0,9140000000.0,,32070000000.0,,6620000000.0,,Diversified Metals
FCX,2014,Freeport-McMoRan Inc.,Diversified Metals,North America,United States,46.0,59.0,85.0,61.0,26.57,13275450.0,0.0647,1.7488,60.7346,0.8387,-19.840792999999998,0.0,0.0,1.1735,0.4498,-21.290181999999994,-19.840792999999998,-25.906755999999998,-1.7871890000000001,-13.4022,18010000000.0,3980000000.0,5814000000.0,,35440000000.0,,3774000000.0,,Diversified Metals
FCX,2015,Freeport-McMoRan Inc.,Diversified Metals,North America,United States,54.0,74.0,86.0,70.0,16.475,24471350.0,0.0673,1.7325,51.9248,1.3613,-19.840792999999998,0.0,0.0,1.3398,0.5655,-21.290181999999994,-19.840792999999998,-25.906755999999998,-1.7871890000000001,-25.0904,20921000000.0,3441000000.0,5351000000.0,,63385000000.0,,6139000000.0,,Diversified Metals
FCX,2016,Freeport-McMoRan Inc.,Diversified Metals,North America,United States,55.61,73.014,83.39599999999999,69.518,10.53,36890300.0,0.0936,2.4467,41.2269,2.0938,9.2597,0.0,12.0196,0.9256,0.6673,5.5971,9.2597,4.5654,0.5413,2.1821,20001000000.0,-745000000.0,-298000000.0,,58674000000.0,,5631000000.0,,Diversified Metals
FCX,2017,Freeport-McMoRan Inc.,Diversified Metals,United States and Canada,United States,50.916,70.64000000000001,81.75999999999999,66.514,13.61,18655600.0,0.1155,2.107,32.2831,1.445,21.5313,0.0,25.4756,0.8045,0.5513,7.2218,21.5313,14.5244,0.8801,3.2623,14607000000.0,286000000.0,359000000.0,,46577000000.0,,3220000000.0,,Diversified Metals
FCX,2018,Freeport-McMoRan Inc.,Diversified Metals,United States and Canada,United States,46.76,70.10000000000001,79.78666666666666,64.35333333333334,15.66,16722600.0,0.13,2.8359,23.6553,0.827,26.793,0.0,28.1377,0.8039,0.4526,13.165,26.793,24.1646,2.26,4.9651,14564000000.0,335000000.0,928000000.0,,37317000000.0,,3737000000.0,,Diversified Metals
FCX,2019,Freeport-McMoRan Inc,Diversified Metals,United States and Canada,United States,49.599999999999994,72.42666666666666,79.32,66.15666666666667,11.125,19842950.0,0.0863,2.4688,26.855,0.5632,0.9306,0.0,5.2735,0.7674,0.3602,-2.0305,0.9306,-2.6509,,-0.4153,15888000000.0,2095000000.0,3690000000.0,,37302000000.0,,4666000000.0,,Diversified Metals
FDX,2010,FedEx Corporation,Transportation,North America,United States,52.0,50.0,60.25,53.5,78.22,2703650.0,0.3751,1.5494,39.7401,0.1351,6.6406,0.0,76.5888,5.82,0.1051,4.0182,6.6406,6.3762,1.5072,2.6751,37953000000.0,1125000000.0,2075000000.0,,,,3465000000.0,,Transportation
FDX,2011,FedEx Corporation,Transportation,North America,United States,55.666666666666664,54.666666666666664,60.666666666666664,56.666666666666664,80.94999999999999,2595900.0,0.3779,1.5987,39.5552,0.1061,7.186249999999999,0.0,73.7477,6.3799,0.08,4.5523,7.186249999999999,7.11035,1.7067999999999999,3.0376,35497000000.0,345000000.0,747000000.0,,,,2753000000.0,,Transportation
FDX,2012,FedEx Corporation,Transportation,North America,United States,62.5,59.0,68.5,62.5,83.095,1922000.0,0.36105,1.7655500000000002,39.6754,0.12869999999999998,7.2857,0.0,73.6464,6.486750000000001,0.1021,4.592499999999999,7.2857,7.11685,1.6538,3.0997500000000002,34734000000.0,1184000000.0,1998000000.0,,,,3138000000.0,,Transportation
FDX,2013,FedEx Corporation,Transportation,North America,United States,66.4,59.6,66.8,63.8,98.68,2057700.0,0.34,2.01,40.7384,0.1705,7.2525,0.0,72.9409,6.6142,0.1351,4.4358,7.2525,6.9485,1.4907,2.8518,39304000000.0,1452000000.0,2378000000.0,,,,4041000000.0,,Transportation
FDX,2014,FedEx Corporation,Transportation,North America,United States,70.0,56.666666666666664,54.0,61.0,142.26,1935900.0,0.362,1.7808,42.1543,0.3042,9.113,0.0,72.8872,6.8004,0.2333,5.5532,9.113,8.7612,2.0101,4.2601,42680000000.0,2032000000.0,3186000000.0,,29903000000.0,,4835000000.0,,Transportation
FDX,2015,FedEx Corporation,Transportation,North America,United States,72.0,54.0,52.5,60.25,159.135,1585900.0,0.3297,1.8315,42.3874,0.4848,9.1303,0.0,75.112,6.2623,0.3259,5.5489,9.1303,8.4719,1.8008,4.5279,44287000000.0,2716000000.0,4434000000.0,,,,4688000000.0,,Transportation
FDX,2016,FedEx Corporation,Transportation,North America,United States,74.985,60.129999999999995,56.465,64.4125,154.69,1459700.0,0.3217,1.5254,45.66,0.9745,7.816,0.0,73.4706,7.5977,0.4927,4.6882,7.816,7.2199,1.5103,4.8173,45567000000.0,2324000000.0,3815000000.0,,33070000000.0,,,,Transportation
FDX,2017,FedEx Corporation,Transportation,United States and Canada,United States,70.47666666666667,60.70333333333334,58.879999999999995,63.666666666666664,199.09,1303100.0,0.3239,1.5948,47.1034,0.912,6.835,0.0,72.8836,8.1537,0.4767,4.7508,6.835,6.9822,1.5413,4.5441,47453000000.0,1050000000.0,1867000000.0,,36469000000.0,,,,Transportation
FDX,2018,FedEx Corporation,Transportation,United States and Canada,United States,68.0,61.26,59.9325,63.2875,233.13,1549800.0,0.3309,1.3858,46.0028,0.8837,6.553,0.0,70.9536,9.4704,0.4429,5.2457,6.553,6.6035,1.7546,4.8461,50365000000.0,1820000000.0,3077000000.0,,45959000000.0,,5708000000.0,,Transportation
FDX,2019,FedEx Corp,Transportation,United States and Canada,United States,64.44,62.16,62.18333333333334,62.96333333333333,160.815,1973400.0,0.2491,1.3102,49.16,1.0106,5.7309,0.0,71.2694,9.059,0.5004,3.2325,5.7309,3.3018,,3.0012,60319000000.0,2997000000.0,4566000000.0,,48552000000.0,,4930000000.0,,Transportation
FE,2010,FirstEnergy Corp.,Utilities,North America,United States,38.0,68.5,68.0,55.0,23.06,3170050.0,0.0911,0.682,44.4753,1.689,12.1651,0.0,54.9857,2.1191,0.5821,4.8015,12.1651,7.8863,0.5042,2.0136,,1342000000.0,2759000000.0,,33521000000.0,,2224000000.0,,Utilities
FE,2011,FirstEnergy Corp.,Utilities,North America,United States,45.666666666666664,62.0,75.33333333333333,57.666666666666664,28.46,2853150.0,0.0853,0.7384,40.6552,1.3571,12.8325,0.0,54.3103,2.142,0.5487,5.0,12.8325,7.5616,0.4055,1.4903,,872000000.0,1683000000.0,,35054000000.0,,2465000000.0,,Utilities
FE,2012,FirstEnergy Corp.,Utilities,North America,United States,45.0,59.333333333333336,78.0,57.333333333333336,30.79,2420450.0,0.08065,0.59775,43.08005,1.3846,16.76515,0.0,55.465599999999995,1.89265,0.5372,6.3246,16.76515,10.81095,0.51645,1.8427,13339000000.0,742000000.0,1743000000.0,,35531000000.0,,,,Utilities
FE,2013,FirstEnergy Corp.,Utilities,North America,United States,39.0,50.0,75.0,52.0,27.84,3095350.0,0.072,0.4726,47.5537,1.6266,10.5785,0.0,55.9276,2.1436,0.5493,3.9118,10.5785,5.73,0.2816,1.1186,16105000000.0,885000000.0,1677000000.0,,47410000000.0,,,,Utilities
FE,2014,FirstEnergy Corp.,Utilities,North America,United States,44.0,52.5,75.0,54.0,28.58,2872000.0,0.0674,0.6038,45.969,1.7533,-9.6756,0.0,55.2397,1.9082,0.6069,-8.7855,-9.6756,-16.4801,-0.5925,-2.4634,15253000000.0,770000000.0,2134000000.0,,50494000000.0,,,,Utilities
FE,2015,FirstEnergy Corp.,Utilities,North America,United States,42.0,56.0,73.5,54.0,26.855,3117750.0,0.068,0.6058,40.5394,1.7689,15.9885,0.0,58.9862,2.0242,0.6019,5.3968,15.9885,8.7157,0.3528,1.4923,14892000000.0,392000000.0,1582000000.0,,50424000000.0,,,,Utilities
FE,2016,FirstEnergy Corp.,Utilities,North America,United States,40.03666666666667,57.28,74.88000000000001,53.919999999999995,27.535,3875900.0,0.0662,0.4551,37.4292,1.9812,-19.840792999999998,0.0,60.9821,1.7484,0.617,9.7013,-19.840792999999998,-25.906755999999998,0.7313,3.3035,15049000000.0,395000000.0,1062000000.0,,51552000000.0,,2713000000.0,,Utilities
FE,2017,FirstEnergy Corp.,Utilities,United States and Canada,United States,48.46,58.02,77.94666666666667,58.696666666666665,26.91,3960500.0,0.0606,0.6888,51.4691,3.6111,21.875,0.0,69.0722,1.6575,0.767,6.6311,21.875,13.3765,0.5055,3.4652,15026000000.0,578000000.0,2292000000.0,,52094000000.0,,3460000000.0,,Utilities
FE,2018,FirstEnergy Corp.,Utilities,United States and Canada,United States,51.52,59.945,73.005,59.415,31.88,4084400.0,0.0676,0.4663,50.1808,2.8279,23.1723,0.0,68.5714,3.373,0.7073,5.1048,23.1723,15.581,0.7903,4.0865,10700000000.0,396000000.0,2054000000.0,,43148000000.0,,3383000000.0,,Utilities
FE,2019,FirstEnergy Corp.,Utilities,United States and Canada,United States,50.33,61.73,71.95,59.155,40.955,3720850.0,0.0632,0.599,43.569,2.8607,23.0079,0.0,68.9504,3.032,0.7276,12.2417,23.0079,16.7398,,4.7047,10928000000.0,1369000000.0,2428000000.0,,42257000000.0,,3808000000.0,30120482.0,Utilities
FFIV,2010,"F5 Networks, Inc.",Technology Hardware,North America,United States,53.0,48.0,71.0,55.5,74.28999999999999,1501000.0,0.1822,2.1107,40.1547,0.0,29.6935,0.0,81.5837,2.5119,0.0,18.9697,29.6935,30.0349,3.541,4.8057,650173000.0,74331000.0,99314000.0,501155000.0,,,193692000.0,,Technology Hardware
FFIV,2011,"F5 Networks, Inc.",Technology Hardware,North America,United States,43.0,43.0,61.5,47.5,104.64500000000001,2501300.0,0.1898,2.0512,47.6496,0.0,30.9489,0.0,82.2259,3.1788,0.0,21.4898,30.9489,31.526,3.9163,5.6822,653079000.0,91535000.0,121924000.0,510353000.0,,,201981000.0,,Technology Hardware
FFIV,2012,"F5 Networks, Inc.",Technology Hardware,North America,United States,47.5,45.0,60.5,49.5,102.97999999999999,1547900.0,0.1908,1.6928999999999998,49.10465000000001,0.0,30.8457,0.0,82.9038,3.5384,0.0,19.613349999999997,30.8457,31.16975,3.7235500000000004,5.3665,881972000.0,151153000.0,230002000.0,710020000.0,,,313612000.0,,Technology Hardware
FFIV,2013,"F5 Networks, Inc.",Technology Hardware,North America,United States,49.0,47.0,62.0,51.5,85.83500000000001,1436000.0,0.1772,1.4807,48.8878,0.0,28.106,0.0,82.4692,3.5551,0.0,18.4115,28.106,28.8821,3.1743,4.6798,1151834000.0,241397000.0,350662000.0,943830000.0,,,416938000.0,,Technology Hardware
FFIV,2014,"F5 Networks, Inc.",Technology Hardware,North America,United States,50.333333333333336,47.0,62.666666666666664,51.666666666666664,126.625,819800.0,0.2069,1.4762,49.7582,0.0,28.5905,0.0,82.8545,2.8768,0.0,19.2475,28.5905,29.1511,3.983,6.5701,1377247000.0,275186000.0,426303000.0,1141079000.0,,,495437000.0,,Technology Hardware
FFIV,2015,"F5 Networks, Inc.",Technology Hardware,North America,United States,49.333333333333336,47.666666666666664,62.666666666666664,52.0,118.28999999999999,921600.0,0.2138,1.5734,50.1676,0.0,28.9773,0.0,82.4953,2.5523,0.0,19.2669,28.9773,29.1262,4.1184,7.1061,1481314000.0,277314000.0,430818000.0,1228267000.0,,,499693000.0,,Technology Hardware
FFIV,2016,"F5 Networks, Inc.",Technology Hardware,North America,United States,46.94,46.405,61.9,50.49,117.175,777650.0,0.2203,1.5266,47.7167,0.0,27.9669,0.0,83.475,2.495,0.0,18.4864,27.9669,28.1639,4.0727,7.8844,1732046000.0,311183000.0,493557000.0,1422087000.0,,,548992000.0,,Technology Hardware
FFIV,2017,"F5 Networks, Inc.",Technology Hardware,United States and Canada,United States,46.03,47.34,59.55,49.87,128.95,682300.0,0.2141,1.5047,50.0742,0.0,27.1406,0.0,83.1708,3.0018,0.0,18.8596,27.1406,27.5506,4.038,8.1074,1919823000.0,365014000.0,552899000.0,1587562000.0,,,684541000.0,,Technology Hardware
FFIV,2018,"F5 Networks, Inc.",Technology Hardware,United States and Canada,United States,43.12,51.54,56.6,49.44,170.54,654700.0,0.2117,1.5459,49.3611,0.0,28.0251,0.0,83.3946,2.9056,0.0,23.6145,28.0251,28.4418,4.7927,9.6955,1995034000.0,365855000.0,547377000.0,1657829000.0,,,711535000.0,,Technology Hardware
FFIV,2019,"F5 Networks, Inc.",Technology Hardware,United States and Canada,United States,43.12,51.54,56.6,49.44,144.625,594150.0,0.1741,1.4037,51.193,0.0,19.4303,0.0,84.4298,2.6429,0.0,16.0635,19.4303,20.0057,,5.2904,2090041000.0,420761000.0,563956000.0,1736556000.0,,,740281000.0,,Technology Hardware
FIS,2011,"Fidelity National Information Services, Inc.",Software & Services,North America,United States,35.333333333333336,39.0,66.33333333333333,45.0,26.045,1469150.0,0.1007,1.0582,64.8062,0.7208,19.5394,0.0,30.9612,0.0,0.3906,8.7384,19.5394,13.3447,0.9067,1.8624,,105900000.0,285600000.0,969600000.0,,,714100000.0,,Software & Services
FIS,2012,"Fidelity National Information Services, Inc.",Software & Services,North America,United States,40.0,47.0,67.0,49.5,28.595,1624300.0,0.105,1.57455,65.9545,0.69175,19.4002,0.0,32.5771,0.0,0.40175,7.6737,19.4002,15.40305,1.1258,2.2636,,404500000.0,783000000.0,1591900000.0,,,1071300000.0,,Software & Services
FIS,2014,"Fidelity National Information Services, Inc.",Software & Services,North America,United States,40.0,48.0,60.0,48.5,54.605000000000004,1003950.0,0.1163,1.5468,90.9169,0.7573,20.8198,0.0,33.9217,0.0,0.4303,11.5619,20.8198,18.4031,1.4421,3.1293,,461200000.0,1076300000.0,1839600000.0,,,1046700000.0,,Software & Services
FIS,2015,"Fidelity National Information Services, Inc.",Software & Services,North America,United States,41.0,46.0,61.5,48.5,60.375,1152600.0,0.111,1.4843,97.9452,0.7722,18.0844,0.0,34.24,0.0,0.4351,11.083,18.0844,17.8594,1.2828,2.7558,,493100000.0,1062900000.0,1970700000.0,,,1060300000.0,,Software & Services
FIS,2016,"Fidelity National Information Services, Inc.",Software & Services,North America,United States,43.223333333333336,43.56333333333333,64.19,48.62,70.855,1741600.0,0.0874,1.1995,96.1692,1.1057,17.2369,0.0,33.8675,0.0,0.5152,8.0121,17.2369,12.7328,0.6646,1.7572,,679000000.0,1271000000.0,2086000000.0,,,1165000000.0,,Software & Services
FIS,2017,"Fidelity National Information Services, Inc.",Software & Services,United States and Canada,United States,42.165,39.7025,63.64,46.4275,82.91,1345400.0,0.0883,1.2506,100.821,0.9029,18.3683,0.0,33.8741,0.0,0.4662,6.1559,18.3683,12.5332,0.5887,1.4693,,632000000.0,1099000000.0,2201000000.0,,,1131000000.0,,Software & Services
FIS,2018,Fidelity National Information Services Inc,Software & Services,United States and Canada,United States,42.83,42.65,60.555,47.177499999999995,101.14,1393400.0,0.0882,1.3362,108.772,0.879,16.7616,0.0,34.5489,0.0,0.4589,10.0665,16.7616,13.1054,0.7785,2.0675,8831000000.0,525000000.0,1229000000.0,2936000000.0,,,1925000000.0,,Software & Services
FIS,2019,Fidelity National Information Services Inc,Software & Services,United States and Canada,United States,45.83,46.08,59.95,49.47,123.465,2816850.0,0.0399,0.8554,191.418,0.4103,4.961,0.0,34.8689,0.0,0.2584,5.4571,4.961,7.4061,,0.317,8668000000.0,1261000000.0,1432000000.0,2874000000.0,,,1741000000.0,,Software & Services
FISV,2010,"Fiserv, Inc.",Software & Services,North America,United States,44.0,35.0,63.0,45.0,12.715,4727400.0,0.1249,1.5557,47.7551,1.1019,24.5597,0.0,42.6615,0.0,0.5168,12.4266,24.5597,19.7073,1.5556,4.1512,4587000000.0,569000000.0,908000000.0,,,,,,Software & Services
FISV,2011,"Fiserv, Inc.",Software & Services,North America,United States,41.666666666666664,37.666666666666664,64.0,45.666666666666664,15.135000000000002,3800600.0,0.1268,1.1622,49.0216,1.1161,23.21395,0.0,41.0241,0.0,0.5205,11.9473,23.21395,16.3688,1.5028,4.0292,4077000000.0,476000000.0,946000000.0,,8378000000.0,,,,Software & Services
FISV,2012,"Fiserv, Inc.",Software & Services,North America,United States,43.0,44.0,67.0,50.0,17.525,2738800.0,0.13015,1.1498,52.11635,1.05305,23.79085,0.0,42.47885,0.0,0.4995,13.68395,23.79085,19.874850000000002,1.75785,4.4605,4133000000.0,496000000.0,1007000000.0,,8281000000.0,,,,Software & Services
FISV,2013,"Fiserv, Inc.",Software & Services,North America,United States,41.0,44.0,68.0,49.0,22.560000000000002,2019800.0,0.127,1.2396,53.2057,1.1361,23.3139,0.0,43.2387,0.0,0.5317,13.239,23.3139,19.9001,1.7026,4.6532,4289000000.0,472000000.0,990000000.0,,8548000000.0,,,,Software & Services
FISV,2014,"Fiserv, Inc.",Software & Services,North America,United States,43.5,44.5,64.5,49.5,34.93,2403300.0,0.1414,0.9717,54.5745,1.1502,24.0882,0.0,42.8571,0.0,0.5288,13.7538,24.0882,20.9726,1.9446,5.4932,4436000000.0,611000000.0,1048000000.0,,8497000000.0,,,,Software & Services
FISV,2015,"Fiserv, Inc.",Software & Services,North America,United States,43.0,45.0,65.0,49.5,42.185,2094200.0,0.1399,1.085,51.7257,1.4761,26.0472,0.0,45.6969,0.0,0.5959,16.6032,26.0472,22.9246,2.3224,7.5985,4814000000.0,648000000.0,1061000000.0,,9466000000.0,,,,Software & Services
FISV,2016,"Fiserv, Inc.",Software & Services,North America,United States,40.917500000000004,43.61,66.45,48.51,50.77,1990600.0,0.1432,1.0234,54.1304,1.7954,26.5591,0.0,46.6618,0.0,0.6374,15.5073,26.5591,23.6244,2.2206,8.3301,5066000000.0,754000000.0,1210000000.0,,9308000000.0,,,,Software & Services
FISV,2017,"Fiserv, Inc.",Software & Services,United States and Canada,United States,43.49666666666667,39.336666666666666,60.59,45.9,61.54,1556800.0,0.1431,1.0108,57.7286,1.9829,26.8398,0.0,46.7143,0.0,0.6602,16.5714,26.8398,23.8095,2.2819,9.8723,5254000000.0,712000000.0,1311000000.0,,9340000000.0,,,,Software & Services
FISV,2018,Fiserv Inc,Software & Services,United States and Canada,United States,44.33,42.09,57.04,46.5,74.74,1699500.0,0.1377,1.09,60.4887,1.9823,25.2125,0.0,47.0019,0.0,0.6444,17.6761,25.2125,22.2535,2.4564,8.807,5505000000.0,930000000.0,1445000000.0,,9743000000.0,,,,Software & Services
FITB,2010,Fifth Third Bancorp,Banks,North America,United States,29.0,48.333333333333336,54.333333333333336,43.0,9.605,13522250.0,0.0114,0.0,0.0,0.9331,0.0,0.0,0.0,0.0,0.4405,13.6506,0.0,23.6349,0.2119,2.3172,5608000000.0,-2113000000.0,-2664000000.0,,,,3093000000.0,,Banks
FITB,2011,Fifth Third Bancorp,Banks,North America,United States,33.5,53.75,48.75,45.0,9.56,13700850.0,0.0127,0.0,0.0,1.0521,0.0,0.0,0.0,0.0,0.4287,23.1699,0.0,35.9079,0.3041,2.7616,4668000000.0,737000000.0,767000000.0,,113380000000.0,,3794000000.0,158000000.0,Banks
FITB,2012,Fifth Third Bancorp,Banks,North America,United States,38.0,58.0,42.5,46.5,11.045,10383650.0,0.0128,0.0,0.0,1.0397,0.0,0.0,0.0,0.0,0.39159999999999995,24.14645,0.0,35.474900000000005,0.3258,2.8676,4489000000.0,753000000.0,940000000.0,,111007000000.0,,3305000000.0,,Banks
FITB,2013,Fifth Third Bancorp,Banks,North America,United States,39.0,65.0,47.0,50.5,14.69,8026150.0,0.0124,0.0,0.0,0.7724,0.0,0.0,0.0,0.0,0.3555,26.9354,0.0,38.6436,0.335,2.9886,4218000000.0,1297000000.0,1831000000.0,,116967000000.0,,,,Banks
FITB,2014,Fifth Third Bancorp,Banks,North America,United States,39.0,65.5,50.0,52.5,16.65,6065200.0,0.0104,0.0,0.0,1.064,0.0,0.0,0.0,0.0,0.4886,24.5651,0.0,36.1865,0.2776,2.6859,4107000000.0,1576000000.0,2210000000.0,,121894000000.0,,,,Banks
FITB,2015,Fifth Third Bancorp,Banks,North America,United States,45.0,62.0,53.0,54.0,16.775,7178250.0,0.0103,0.0,0.0,1.1372,0.0,0.0,0.0,0.0,0.4947,24.8285,0.0,35.3224,0.2685,2.6227,3973000000.0,1836000000.0,2598000000.0,,130443000000.0,,,,Banks
FITB,2016,Fifth Third Bancorp,Banks,North America,United States,45.542500000000004,56.525,53.65,52.192499999999995,16.18,7047850.0,0.0103,0.0,0.0,1.2127,0.0,0.0,0.0,0.0,0.4921,24.3537,0.0,41.6317,0.2652,2.53,4030000000.0,1481000000.0,2028000000.0,,138670000000.0,,,,Banks
FITB,2017,Fifth Third Bancorp,Banks,United States and Canada,United States,43.63666666666666,54.98333333333333,52.97,50.81999999999999,23.57,5554500.0,0.0103,0.0,0.0,1.1769,0.0,0.0,0.0,0.0,0.4615,32.5137,0.0,40.9836,0.3477,3.3179,4028000000.0,1712000000.0,2365000000.0,,141048000000.0,,,,Banks
FITB,2018,Fifth Third Bancorp,Banks,United States and Canada,United States,46.14000000000001,56.76,50.74666666666667,51.28666666666667,27.2,5407900.0,0.0107,0.0,0.0,1.0415,0.0,0.0,0.0,0.0,0.4703,27.6923,0.0,37.5,0.4279,3.0431,4193000000.0,1543000000.0,2208000000.0,,142080000000.0,,,,Banks
FITB,2019,Fifth Third Bancorp,Banks,United States and Canada,United States,48.625,59.53,50.38,52.785,25.68,5538550.0,0.0108,0.0,0.0,0.8185,0.0,0.0,0.0,0.0,0.4138,28.6797,0.0,37.2836,,2.7962,4489000000.0,2180000000.0,2979000000.0,,,,1480000000.0,,Banks
FLIR,2010,"FLIR Systems, Inc.",Technology Hardware,North America,United States,38.0,45.0,68.0,48.0,24.555,1755150.0,0.2107,4.5129,72.9686,0.0,25.8008,0.0,54.7698,0.6077,0.0,17.9547,25.8008,26.0222,3.7726,4.4952,,,,,,,,,Technology Hardware
FLIR,2011,"FLIR Systems, Inc.",Technology Hardware,North America,United States,34.0,47.0,69.0,47.333333333333336,25.630000000000003,1103100.0,0.1885,5.2434,76.214,0.157,23.001,0.0,54.3718,0.5348,0.1357,17.4291,23.001,22.614,3.0628,4.1603,,,,,,,,,Technology Hardware
FLIR,2012,"FLIR Systems, Inc.",Technology Hardware,North America,United States,39.333333333333336,50.333333333333336,69.0,50.333333333333336,18.61,953450.0,0.16,5.8751,76.845,0.15505000000000002,20.97245,0.0,52.1786,0.46975,0.13424999999999998,15.32115,20.97245,20.016750000000002,2.4305,3.25745,,,,,,,,,Technology Hardware
FLIR,2013,"FLIR Systems, Inc.",Technology Hardware,North America,United States,39.0,45.0,69.0,49.0,24.66,953550.0,0.1703,4.7907,64.4276,0.2435,17.7413,0.0,48.2743,0.5465,0.1897,12.8832,17.7413,16.766,1.9986,2.8936,,,,,,,,,Technology Hardware
FLIR,2014,"FLIR Systems, Inc.",Technology Hardware,North America,United States,41.0,52.0,60.0,50.0,29.22,767950.0,0.1849,4.2006,73.4846,0.2317,20.1259,0.0,49.4369,0.685,0.1819,16.749,20.1259,19.0586,3.0967,4.5194,,,,,,,,,Technology Hardware
FLIR,2015,"FLIR Systems, Inc.",Technology Hardware,North America,United States,41.0,52.0,57.0,49.0,28.2,714400.0,0.1651,4.2889,71.7002,0.2228,19.8943,0.0,47.3692,0.564,0.176,16.0412,19.8943,18.636,2.9174,4.256,,,,,,,,,Technology Hardware
FLIR,2016,"FLIR Systems, Inc.",Technology Hardware,North America,United States,41.28333333333334,59.70333333333334,58.78,52.1,29.37,709900.0,0.1566,3.2198,66.7353,0.3124,19.4381,0.0,45.5199,0.5664,0.2328,12.9545,19.4381,17.9628,2.2657,3.5462,,,,,,,,,Technology Hardware
FLIR,2017,"FLIR Systems, Inc.",Technology Hardware,United States and Canada,United States,45.17,60.31,56.45,53.29,35.48,802800.0,0.168,3.5012,66.9205,0.2293,15.5945,0.0,47.9633,0.5855,0.1865,11.8429,15.5945,15.2446,1.9017,2.8873,,,,,,,,,Technology Hardware
FLIR,2018,"FLIR Systems, Inc.",Technology Hardware,United States and Canada,United States,45.957499999999996,60.245,54.300000000000004,53.045,50.53,919900.0,0.1612,4.0905,60.4891,0.2248,19.5857,0.0,51.0635,0.573,0.1836,16.8203,19.5857,18.7567,2.5605,3.9864,,,,,,,,,Technology Hardware
FLIR,2019,"FLIR Systems, Inc.",Technology Hardware,United States and Canada,United States,45.599999999999994,56.54,57.7,52.455,50.285,683400.0,0.1486,2.469,62.9386,0.3982,13.2235,0.0,48.4251,0.6298,0.2565,9.5681,13.2235,12.0588,,2.4122,,,,,,,,,Technology Hardware
FLS,2010,Flowserve Corp.,Machinery,North America,United States,38.666666666666664,39.0,45.666666666666664,40.333333333333336,29.744999999999997,2193900.0,0.2428,1.8405,71.4365,0.279,14.738,0.0,34.3218,0.7741,0.2094,9.8657,14.3774,13.409,2.4641,5.1518,4473473000.0,442413000.0,615678000.0,1580312000.0,,,408790000.0,,Machinery
FLS,2011,Flowserve Corp.,Machinery,North America,United States,36.333333333333336,40.333333333333336,47.666666666666664,40.333333333333336,30.725,1810500.0,0.2504,1.9408,81.03345,0.2218,14.2024,0.0,33.38095,0.69285,0.1656,9.6069,13.8131,12.4805,2.4095,4.6798,4365262000.0,427887000.0,629517000.0,1548132000.0,4248894000.0,,431277000.0,,Machinery
FLS,2012,Flowserve Corp.,Machinery,North America,United States,45.5,50.5,52.166666666666664,48.833333333333336,34.165,1438500.0,0.25125,1.80575,82.93125,0.42835,14.415949999999999,0.0,33.41445,0.6829000000000001,0.23915,9.0972,14.07595,12.4634,2.30375,5.3504,4032036000.0,388290000.0,581352000.0,1409693000.0,4459910000.0,,355775000.0,,Machinery
FLS,2013,Flowserve Corp.,Machinery,North America,United States,57.0,53.5,54.0,54.5,49.650000000000006,1031850.0,0.2672,1.6476,78.4345,0.6394,15.5364,0.0,34.0111,0.6907,0.3303,10.154,15.3224,13.8189,2.6943,7.0208,1182200000.0,428582000.0,618677000.0,1513646000.0,4622614000.0,,218213000.0,,Machinery
FLS,2014,Flowserve Corp.,Machinery,North America,United States,56.166666666666664,55.5,64.16666666666667,58.166666666666664,58.254999999999995,1446050.0,0.2781,1.8984,70.5249,0.5948,17.2999,0.0,34.8391,0.9041,0.362,11.1166,16.9617,16.1332,3.1216,7.9862,1239500000.0,448339000.0,675778000.0,1580951000.0,4810958000.0,,517130000.0,,Machinery
FLS,2015,Flowserve Corp.,Machinery,North America,United States,61.0,62.0,65.0,62.333333333333336,46.47,1264200.0,0.2188,2.0161,80.7198,0.9739,11.1556,0.0,31.7568,0.7021,0.4839,6.4537,10.9768,9.2538,1.4426,4.2957,1224400000.0,485530000.0,760283000.0,1688095000.0,5036733000.0,,487759000.0,,Machinery
FLS,2016,Flowserve Corp.,Machinery,North America,United States,62.725,65.67,65.4475,64.435,42.48,1211600.0,0.2083,1.9565,82.867,0.9401,9.3031,0.0,31.0944,0.668,0.4726,5.2923,9.127,8.164,1.1023,3.0849,1161400000.0,513372000.0,785386000.0,1710171000.0,4844667000.0,,594481000.0,,Machinery
FLS,2017,Flowserve Corp.,Machinery,United States and Canada,United States,64.516,63.681999999999995,64.39,64.19399999999999,42.9,1213500.0,0.1829,2.1072,85.3796,0.9218,8.9317,0.0,29.6397,0.6706,0.4652,4.7748,8.5869,7.7395,0.8797,2.4444,1027400000.0,258411000.0,514665000.0,1477537000.0,4963106000.0,,440759000.0,,Machinery
FLS,2018,Flowserve Corp,Machinery,United States and Canada,United States,64.09,57.08,60.05,60.63,42.47,1230400.0,0.2092,2.2351,73.7226,0.9223,6.8736,0.0,32.3812,1.0174,0.4684,2.9605,6.5278,4.6552,0.345,1.8053,3990487000.0,132455000.0,276684000.0,1236798000.0,4836856000.0,,240476000.0,,Machinery
FLS,2019,Flowserve Corp,Machinery,United States and Canada,United States,60.96,55.555,62.84,59.54,46.2,823200.0,0.209,2.2754,71.3565,0.7771,10.7125,0.0,32.7789,0.987,0.4353,6.01,10.497,8.4737,,3.5011,3660831000.0,28200000.0,341135000.0,1088953000.0,4910474000.0,,311066000.0,,Machinery
FMC,2010,FMC Corp.,Chemicals,North America,United States,39.333333333333336,50.333333333333336,63.666666666666664,49.333333333333336,24.155,1388600.0,0.2413,2.1119,94.8,0.5263,16.932,0.0,32.9709,1.4803,0.2972,8.3934,16.932,15.3398,2.5325,6.3518,,,,,,,,,Chemicals
FMC,2011,FMC Corp.,Chemicals,North America,United States,39.0,51.0,60.0,48.333333333333336,31.155,1256750.0,0.2343,1.8946,95.1194,0.4383,20.08435,0.0,36.513999999999996,1.25605,0.2637,12.4491,20.0844,18.0744,2.8676,7.4074,776800000.0,82900000.0,135900000.0,267000000.0,,,,92991896.0,Chemicals
FMC,2012,FMC Corp.,Chemicals,North America,United States,48.4,52.8,59.8,52.6,41.55,932150.0,0.21689999999999998,1.94065,105.536,0.6177,19.7459,0.0,37.1185,0.9291,0.3688,11.5334,19.74595,17.297449999999998,2.8160499999999997,7.8246,862100000.0,107200000.0,155600000.0,298800000.0,,,,185983792.0,Chemicals
FMC,2013,FMC Corp.,Chemicals,North America,United States,51.0,60.0,60.0,56.0,49.625,832250.0,0.2014,1.4824,112.202,1.178,15.884,0.0,31.7944,0.9227,0.3597,2.3967,15.884,14.8934,2.5386,7.4878,855000000.0,119100000.0,182000000.0,329600000.0,,,,185983792.0,Chemicals
FMC,2014,FMC Corp.,Chemicals,North America,United States,50.75,74.5,62.25,61.5,45.0,1563150.0,0.2051,1.536,132.05,1.064,7.8649,0.0,33.4371,1.1965,0.4214,7.0042,7.8649,6.3908,1.5866,5.4028,957400000.0,130900000.0,194400000.0,353600000.0,,,,185983792.0,Chemicals
FMC,2015,FMC Corp.,Chemicals,North America,United States,55.2,81.2,71.4,68.2,41.115,1172150.0,0.1254,2.0449,189.263,1.0502,0.0602,0.0,26.5198,0.5584,0.4874,-0.2889,0.0602,-2.3715,0.0838,0.2506,819100000.0,109100000.0,147600000.0,316100000.0,,,,185983792.0,Chemicals
FMC,2016,FMC Corp.,Chemicals,North America,United States,56.67666666666667,80.055,74.31666666666668,69.265,38.565,1257950.0,0.1013,2.141,229.494,0.9498,11.1323,0.0,38.2578,0.5067,0.4744,10.5965,11.1323,8.7468,0.745,2.287,887100000.0,742300000.0,100500000.0,305800000.0,,,,185983792.0,Chemicals
FMC,2017,FMC Corp.,Chemicals,United States and Canada,United States,56.0875,62.595,76.17500000000001,63.385,62.68,1217400.0,0.1067,2.192,203.008,0.8806,9.8965,0.0,37.2192,0.6186,0.44,11.3733,9.8965,7.9172,0.8138,2.4029,628800000.0,79700000.0,82500000.0,235400000.0,,,,185983792.0,Chemicals
FMC,2018,FMC Corporation,Chemicals,United States and Canada,United States,63.1,65.97,74.05000000000001,66.84,70.68,1291900.0,0.1102,1.537,175.498,0.891,11.5471,0.0,42.7891,0.5926,0.4572,7.8822,11.5471,8.5499,1.0269,3.2984,656800000.0,74700000.0,74100000.0,265900000.0,,,,185983792.0,Chemicals
FMC,2019,FMC Corp,Chemicals,United States and Canada,United States,62.426,63.275999999999996,74.95,65.856,80.305,917050.0,0.1213,1.4959,177.56,1.2723,15.7646,0.0,45.643,0.5684,0.5309,8.9126,15.7646,11.7815,,4.1354,1154400000.0,267200000.0,325000000.0,502500000.0,,,,185983792.0,Chemicals
FRT,2010,Federal Realty Investment Trust,Real Estate,North America,United States,43.0,39.0,64.0,48.0,53.959999999999994,546350.0,0.0429,0.0,0.0,1.4502,41.9176,0.0,0.0,0.0,0.5919,23.2547,41.9176,23.0355,0.9874,2.612,519611000.0,129787000.0,217251000.0,,,,228285000.0,,Real Estate
FRT,2011,Federal Realty Investment Trust,Real Estate,North America,United States,44.0,41.5,61.0,48.5,62.46,468350.0,0.0423,0.0,0.0,1.3928,41.2287,0.0,0.0,0.0,0.5821,25.3133,41.2287,24.3579,1.0302,2.5536,528569000.0,98304000.0,209529000.0,,,,256765000.0,,Real Estate
FRT,2012,Federal Realty Investment Trust,Real Estate,North America,United States,49.0,46.0,51.0,49.0,77.08500000000001,370900.0,0.0401,0.0,0.0,1.6663,41.87075,0.0,0.0,0.0,0.625,24.24625,41.87075,23.609650000000002,0.9415,2.79125,541797000.0,122790000.0,229218000.0,,,,256735000.0,,Real Estate
FRT,2016,Federal Realty Investment Trust,Real Estate,North America,United States,51.43000000000001,42.849999999999994,52.665,49.230000000000004,131.735,375150.0,0.0376,0.0,0.0,1.3481,40.4761,0.0,0.0,0.0,0.5741,28.3682,40.4761,28.8467,1.1007,2.8371,686090000.0,164535000.0,271037000.0,,,,346130000.0,,Real Estate
FRT,2017,Federal Realty Investment Trust,Real Estate,United States and Canada,United States,50.635000000000005,39.85,54.2175,48.475,116.78,414200.0,0.0357,0.0,0.0,1.3984,39.9377,0.0,0.0,0.0,0.583,36.6048,39.9377,28.4246,1.019,2.8477,744012000.0,210219000.0,300154000.0,,,,369046000.0,,Real Estate
FRT,2018,Federal Realty Investment Trust,Real Estate,United States and Canada,United States,61.68,45.65,51.400000000000006,53.785,112.7,404500.0,0.0366,0.0,0.0,1.3383,40.6815,0.0,0.0,0.0,0.5723,26.3535,40.6815,27.9343,1.0211,2.823,801591000.0,249910000.0,320995000.0,,,,427672000.0,,Real Estate
FRT,2019,Federal Realty Investment Trust,Real Estate,United States and Canada,United States,64.68,52.675,52.21,57.33,125.14,359900.0,0.0354,0.0,0.0,1.3006,47.5469,0.0,0.0,0.0,0.5653,34.2312,47.5469,35.8697,,3.5168,857348000.0,289914000.0,410210000.0,,,,458828000.0,,Real Estate
FTI,2010,"FMC Technologies, Inc.",Energy Services,North America,United States,53.0,46.333333333333336,61.0,52.333333333333336,22.945,2490900.0,0.3026,1.6545,93.4113,0.4596,12.3685,0.0,24.8821,1.4197,0.3105,9.0044,12.3685,12.1328,2.7715,7.6382,,,,,,,,,Energy Services
FTI,2011,"FMC Technologies, Inc.",Energy Services,North America,United States,51.0,56.0,56.666666666666664,54.333333333333336,32.97,2117500.0,0.317,1.6636,87.7836,0.3491,11.1762,0.0,22.4093,1.3697,0.2292,7.7727,11.1762,11.2087,2.3531,6.9903,,,,,,,,,Energy Services
FTI,2012,"FMC Technologies, Inc.",Energy Services,North America,United States,55.0,57.0,58.666666666666664,56.666666666666664,35.34,2055400.0,0.2982,1.75155,96.1951,0.8148500000000001,9.7879,0.0,21.14495,1.3393,0.4344,7.022,9.7879,9.5955,2.13445,6.444699999999999,,,,,,,,,Energy Services
FTI,2013,"FMC Technologies, Inc.",Energy Services,North America,United States,55.0,58.0,61.0,58.0,42.225,1530550.0,0.2792,1.6685,96.2445,0.7502,10.2986,0.0,21.4961,1.3082,0.4231,6.7266,10.2986,9.8115,1.8273,5.5886,,,,,,,,,Energy Services
FTI,2014,"FMC Technologies, Inc.",Energy Services,North America,United States,57.0,58.0,64.0,59.0,43.105000000000004,2480050.0,0.3006,1.5938,89.7579,0.5269,13.8948,0.0,25.6006,1.5709,0.343,7.8193,13.8948,12.3736,2.3787,6.8854,,,,,,,,,Energy Services
FTI,2016,"FMC Technologies, Inc.",Energy Services,North America,United States,52.4525,57.0625,64.76,57.1425,25.549999999999997,3361000.0,0.3848,2.0726,31.5237,0.5016,8.1882,0.0,18.7091,3.0097,0.3161,4.3873,8.1882,4.9812,1.6848,3.9256,,,,,,,,,Energy Services
FTI,2017,"FMC Technologies, Inc.",Energy Services,United States and Canada,United States,79.2775,79.7625,73.7125,78.0575,26.88,3215600.0,0.1303,1.2205,59.0536,0.2784,8.0342,0.0,17.7633,3.5169,0.1959,2.9221,8.0342,5.5447,0.3979,0.859,11471900000.0,302400000.0,553600000.0,,,,700300000.0,,Energy Services
FTV,2017,Fortive Corporation,Machinery,United States and Canada,United States,49.35,46.415,60.45,51.099999999999994,52.58,1419400.0,0.1807,1.9541,57.4135,1.0557,21.1654,0.0,49.8072,1.4681,0.5135,15.8903,21.1654,19.9902,2.8357,7.567,6178800000.0,863800000.0,1269700000.0,3000000000.0,7210600000.0,,1009000000.0,345200000.0,Machinery
FTV,2018,Fortive Corporation,Machinery,United States and Canada,United States,50.28,45.8,61.7,51.57,63.31,2074300.0,0.1336,1.4466,66.7387,0.6605,17.5868,0.0,51.5801,1.2004,0.3416,18.4043,17.5868,16.0942,1.8604,3.6587,5378200000.0,872300000.0,1061700000.0,2685500000.0,8189800000.0,,1136900000.0,,Machinery
FTV,2019,Fortive Corporation,Machinery,United States and Canada,United States,52.13,52.68,63.099999999999994,55.065,63.515,1838250.0,0.1132,1.1885,63.4783,0.8552,13.3802,0.0,49.8763,1.3849,0.4118,8.7695,13.3802,12.1205,1.0645,2.4961,5756100000.0,1044500000.0,1143000000.0,2921400000.0,10500600000.0,,1176400000.0,,Machinery
GE,2010,General Electric Company,Industrial Conglomerates,North America,United States,67.0,64.33333333333333,75.0,68.0,11.545,67706950.0,0.0492,2.9933,294.8909699999953,3.4695,27.6567,0.0,52.9952,1.5128,0.7122,8.216,27.6567,10.1292,0.4408,2.7385,14278000000.0,2829000000.0,2934000000.0,7234000000.0,,,,,Industrial Conglomerates
GE,2011,General Electric Company,Industrial Conglomerates,North America,United States,63.0,67.0,73.5,67.0,13.45,58423750.0,0.0482,2.6684,294.8909699999953,3.1205,25.953,0.0,52.61,1.1916,0.6791,9.39045,25.953,11.8788,0.4864,2.7853000000000003,169964000000.0,22208000000.0,25614000000.0,,,,,,Industrial Conglomerates
GE,2013,General Electric Company,Industrial Conglomerates,North America,United States,68.5,73.5,76.0,72.5,18.48,36510600.0,0.0531,3.4309,294.8909699999953,2.3819,21.1043,0.0,45.4446,1.1032,0.6374,8.9482,21.1043,10.1512,0.4947,2.5356,,3491000000.0,,,,,,,Industrial Conglomerates
GE,2014,General Electric Company,Industrial Conglomerates,North America,United States,69.0,69.4,78.4,70.8,21.08,32752350.0,0.0294,1.488,200.574,1.8784,-18.5635,0.0,0.0,1.438,0.5769,26.7373,-18.5635,3.4459,0.1684,0.8061,148875000000.0,3527000000.0,,,,,,,Industrial Conglomerates
GE,2015,General Electric Company,Industrial Conglomerates,North America,United States,61.8,70.6,75.0,68.2,22.39,39156500.0,0.0482,2.5945,294.8909699999953,1.9425,12.9157,0.0,29.6106,1.0475,0.6,8.9411,12.9157,7.3141,0.3294,1.5959,110062000000.0,3546000000.0,,,,,,,Industrial Conglomerates
GE,2016,General Electric Company,Industrial Conglomerates,North America,United States,59.4425,66.2925,77.05,66.2375,26.369999999999997,33640450.0,0.079,1.9252,131.776,1.7626,12.7076,0.0,28.3606,0.9054,0.5807,7.4695,12.7076,7.0867,0.6383,3.0084,117184000000.0,15233000000.0,10263000000.0,6275000000.0,653931000000.0,,27709000000.0,10057380000.0,Industrial Conglomerates
GE,2017,General Electric Company,Industrial Conglomerates,United States and Canada,United States,70.21000000000001,63.6525,71.97875,68.355,24.4,37893100.0,0.0811,1.848,127.274,1.7645,3.3983,0.0,22.8002,0.9158,0.5777,3.0072,3.3983,2.433,0.3275,1.3791,117386000000.0,2908000000.0,8186000000.0,,493071000000.0,,19891000000.0,9379288000.0,Industrial Conglomerates
GE,2018,General Electric Company,Industrial Conglomerates,United States and Canada,United States,67.055,64.1825,59.83,64.245,12.49,77494800.0,0.075,1.7853,132.534,1.976,10.2908,0.0,25.4201,0.8919,0.6334,2.1089,10.2908,2.7714,0.0916,1.0202,110171000000.0,7500000000.0,7031000000.0,,359122000000.0,,1160000000.0,8742614000.0,Industrial Conglomerates
GE,2019,General Electric Co,Industrial Conglomerates,United States and Canada,United States,65.48,61.39,58.33,62.26,9.825,56684100.0,0.0888,1.7291,102.968,2.9881,8.1336,0.0,25.8219,1.1398,0.6922,-0.2605,8.1336,-1.2642,,-0.2049,99279000000.0,3588000000.0,-11345000000.0,,,,6554000000.0,,Industrial Conglomerates
GILD,2010,Gilead Sciences Inc.,Pharmaceuticals,North America,United States,48.5,43.5,53.0,47.5,15.89,19711700.0,0.1724,2.3157,73.0364,0.5737,50.5287,0.0,75.3525,0.375,0.3189,36.3778,50.5287,49.5984,6.1294,10.584,5335750000.0,1978899000.0,2678541000.0,1239255000.0,,,2143384000.0,,Pharmaceuticals
GILD,2011,Gilead Sciences Inc.,Pharmaceuticals,North America,United States,55.333333333333336,43.666666666666664,52.333333333333336,49.666666666666664,16.98,14789800.0,0.1679,2.7635,79.8068,0.6496,47.3063,0.0,74.9258,0.4008,0.393,34.9152,47.3063,45.954,5.835,11.8324,7011383000.0,2635755000.0,3529221000.0,1387975000.0,,,3080054000.0,,Pharmaceuticals
GILD,2012,Gilead Sciences Inc.,Pharmaceuticals,North America,United States,58.5,50.0,50.5,52.0,22.265,12222700.0,0.11655,1.2245,64.61025000000001,1.0863,43.0197,0.0,74.44035,0.385,0.4637,28.66075,43.0197,39.35325,3.3224,7.8126999999999995,7949420000.0,2901257000.0,3962222000.0,1533870000.0,,,2833913000.0,,Pharmaceuticals
GILD,2013,Gilead Sciences Inc.,Pharmaceuticals,North America,United States,53.0,57.0,52.0,54.0,47.58,9391650.0,0.1239,1.4235,62.9395,0.6667,41.2479,0.0,75.2596,0.3538,0.3487,27.9181,41.2479,38.7982,3.4831,6.7671,8385385000.0,2803637000.0,3789841000.0,1760709000.0,,,3639010000.0,,Pharmaceuticals
GILD,2014,Gilead Sciences Inc.,Pharmaceuticals,North America,United States,46.333333333333336,57.0,52.0,52.666666666666664,88.68,14852300.0,0.211,3.0748,57.0345,0.8221,53.097118999999736,0.0,85.4662,0.767,0.4418,41.736046,53.097118999999736,55.153459999999995,6.186484999999999,21.8851,9702000000.0,2592000000.0,4010000000.0,2028000000.0,,,3195000000.0,,Pharmaceuticals
GILD,2015,Gilead Sciences Inc.,Pharmaceuticals,North America,United States,51.0,63.5,61.0,59.75,89.235,9960750.0,0.1645,2.5037,61.9398,1.1747,53.097118999999736,0.0,87.5147,0.5352,0.529,41.736046,53.097118999999736,55.153459999999995,6.186484999999999,25.5907,11202000000.0,3656000000.0,4524000000.0,5488000000.0,,,3105000000.0,,Pharmaceuticals
GILD,2016,Gilead Sciences Inc.,Pharmaceuticals,North America,United States,52.19833333333333,54.84166666666667,58.135,55.169999999999995,72.03999999999999,9545850.0,0.1325,1.9349,60.9,1.402,53.097118999999736,0.0,85.3142,0.5942,0.5791,41.736046,53.097118999999736,55.153459999999995,5.8736,19.1532,24890000000.0,12101000000.0,15265000000.0,7147000000.0,,,12818000000.0,,Pharmaceuticals
GILD,2017,Gilead Sciences Inc.,Pharmaceuticals,United States and Canada,United States,54.726,56.754,52.346000000000004,54.924,64.19,7943900.0,0.1007,3.3669,56.9687,1.169,53.097118999999736,0.0,84.1523,0.9021,0.5366,41.736046,53.097118999999736,55.153459999999995,4.1941,10.7389,32639000000.0,18108000000.0,22193000000.0,6787000000.0,,,21250000000.0,,Pharmaceuticals
GILD,2018,"Gilead Sciences, Inc.",Pharmaceuticals,United States and Canada,United States,65.51166666666667,59.208333333333336,53.72833333333333,59.14000000000001,67.98,6596800.0,0.087,3.3792,55.7273,1.3171,40.3683,0.0,78.8244,1.3923,0.5433,32.1707,40.3683,36.9334,2.7833,8.3694,30390000000.0,13501000000.0,17633000000.0,5920000000.0,,,17047000000.0,,Pharmaceuticals
GILD,2019,Gilead Sciences Inc,Pharmaceuticals,United States and Canada,United States,70.46,60.48,54.56,61.2,62.54,6035300.0,0.0947,3.1044,53.7625,1.2158,18.5916,0.0,81.5311,1.1735,0.5258,33.0695,18.5916,32.3354,,8.2414,26107000000.0,4628000000.0,14124000000.0,4369000000.0,,,11898000000.0,,Pharmaceuticals
GIS,2010,"General Mills, Inc.",Food Products,North America,United States,65.0,62.0,71.5,65.5,25.119999999999997,4926750.0,0.1996,0.9663,28.7511,1.1973,20.2356,0.0,40.181,1.4259,0.4991,13.3622,20.2356,18.229,2.6007,8.8171,13652100000.0,1294700000.0,2229200000.0,,,,1729900000.0,,Food Products
GIS,2011,"General Mills, Inc.",Food Products,North America,United States,69.25,62.5,72.0,67.25,27.27,4036000.0,0.1946,0.8387,29.3992,1.11525,16.0549,0.0,37.5686,1.3766500000000002,0.456,10.0807,16.0549,14.00215,1.8467,5.7683,14555800000.0,1304400000.0,2325000000.0,1728300000.0,,,1828200000.0,,Food Products
GIS,2012,"General Mills, Inc.",Food Products,North America,United States,78.0,64.66666666666667,69.33333333333333,70.33333333333333,29.145,3682750.0,0.19245,0.9168000000000001,31.12505,1.09975,16.604599999999998,0.0,36.7918,1.724,0.44525000000000003,10.29825,16.604599999999998,14.6663,2.11325,6.34225,14635600000.0,1530500000.0,2606100000.0,1634000000.0,,,2181200000.0,,Food Products
GIS,2013,"General Mills, Inc.",Food Products,North America,United States,77.0,65.33333333333333,73.0,71.66666666666667,37.879999999999995,3238000.0,0.1947,0.8591,31.8508,1.1304,16.8043,0.0,36.1323,1.7771,0.4539,10.5038,16.8043,15.0022,2.0401,6.4178,14880200000.0,1798300000.0,2774500000.0,1594700000.0,,,1531100000.0,,Food Products
GIS,2014,"General Mills, Inc.",Food Products,North America,United States,76.0,61.4,73.8,69.4,40.08,2964600.0,0.1947,0.8183,32.5797,1.7242,11.8628,0.0,34.3598,1.6336,0.558,7.3448,11.8628,10.2224,1.4684,5.8165,16657900000.0,1567300000.0,2562400000.0,1742300000.0,,,2407200000.0,,Food Products
GIS,2015,"General Mills, Inc.",Food Products,North America,United States,74.0,69.0,74.0,72.0,46.21,2740800.0,0.1969,0.8123,29.722,1.7083,16.2385,0.0,35.254,1.8063,0.5871,10.1381,16.2385,14.449,1.9491,8.1297,17774100000.0,1855200000.0,2851800000.0,1761700000.0,,,2926000000.0,,Food Products
GIS,2016,"General Mills, Inc.",Food Products,North America,United States,73.43333333333334,64.17999999999999,73.83166666666666,69.83,53.47,3009750.0,0.1809,0.7851,31.18,1.6776,16.5255,0.0,36.2573,1.6995,0.5723,10.466,16.5255,14.6345,1.9144,7.9322,17909600000.0,1824400000.0,2957400000.0,1619100000.0,,,,,Food Products
GIS,2017,"General Mills, Inc.",Food Products,United States and Canada,United States,73.93333333333334,63.55666666666667,71.53,69.17833333333333,49.96,3374000.0,0.1745,0.7619,33.8121,2.1193,16.0591,0.0,34.7738,1.6736,0.6419,10.737,16.0591,14.6822,1.9053,9.5403,17630300000.0,1221300000.0,2077300000.0,1554600000.0,,,,,Food Products
GIS,2018,"General Mills, Inc.",Food Products,United States and Canada,United States,78.28333333333335,66.64333333333333,67.73,70.99000000000001,40.84,4398800.0,0.134,0.5801,37.5718,2.3744,13.7808,0.0,34.2242,1.6323,0.6582,9.1101,13.7808,10.8966,1.1693,5.5157,16563100000.0,1697400000.0,2707400000.0,1519500000.0,,,2764200000.0,,Food Products
GIS,2019,General Mills Inc,Food Products,United States and Canada,United States,77.63749999999999,65.32499999999999,68.755,70.4925,49.93,3524250.0,0.1382,0.6084,36.3248,1.8592,17.2069,0.0,35.1131,1.6584,0.6016,13.1379,17.2069,14.7992,,7.3735,15619800000.0,1657500000.0,2492100000.0,1446200000.0,,,2415200000.0,,Food Products
GLW,2010,Corning Inc.,Technology Hardware,North America,United States,48.5,59.0,69.5,57.5,14.33,14045500.0,0.0683,4.4338,49.3108,0.1194,25.1168,0.0,45.1935,1.3523,0.1043,41.736046,25.1168,55.1402,4.0413,5.3574,5948000000.0,5257000000.0,1520000000.0,2738000000.0,19256000000.0,,,,Technology Hardware
GLW,2011,Corning Inc.,Technology Hardware,North America,United States,53.0,61.333333333333336,69.33333333333333,60.0,13.985,15773100.0,0.0721,4.5449,51.6057,0.1067,22.53405,0.0,44.8945,1.1683,0.0954,38.27675,22.53405,44.088,2.75955,3.6092,5395000000.0,2008000000.0,391000000.0,2093000000.0,21295000000.0,,,,Technology Hardware
GLW,2012,Corning Inc.,Technology Hardware,North America,United States,60.75,60.75,61.25,60.5,10.445,13591350.0,0.06835,4.9566,54.5897,0.1538,17.99645,0.0,42.63235,1.1456,0.1306,24.8428,17.99645,30.4247,1.65615,2.21655,6632000000.0,3558000000.0,1801000000.0,3049000000.0,25833000000.0,,,,Technology Hardware
GLW,2013,Corning Inc.,Technology Hardware,North America,United States,61.0,61.0,63.0,61.666666666666664,12.265,11688600.0,0.0698,5.6688,58.8497,0.1349,21.2385,0.0,43.5897,0.9145,0.1162,21.5235,21.2385,28.9877,1.4783,1.9848,7890000000.0,2817000000.0,1712000000.0,3576000000.0,27848000000.0,,,,Technology Hardware
GLW,2014,Corning Inc.,Technology Hardware,North America,United States,61.0,60.5,62.0,60.5,17.675,7874300.0,0.08,4.4053,56.1938,0.1507,22.2962,0.0,41.431,1.0651,0.1297,40.0582,22.2962,55.153459999999995,3.2864,5.1054,8012000000.0,1636000000.0,1179000000.0,3319000000.0,29375000000.0,,,,Technology Hardware
GLW,2015,Corning Inc.,Technology Hardware,North America,United States,61.0,59.0,62.0,61.0,17.055,9355600.0,0.0784,4.7065,58.5872,0.2001,17.2535,0.0,39.2606,0.9921,0.1632,8.8749,17.2535,9.5951,0.7852,1.3524,7819000000.0,1961000000.0,1371000000.0,3324000000.0,28478000000.0,,,,Technology Hardware
GLW,2016,Corning Inc.,Technology Hardware,North America,United States,66.1,53.585,61.82,60.65,18.735,8583550.0,0.087,3.6962,58.8814,0.2173,18.7803,0.0,40.6704,0.967,0.1687,41.736046,18.7803,55.153459999999995,5.6346,10.0383,9715000000.0,2472000000.0,1931000000.0,4052000000.0,30063000000.0,,,,Technology Hardware
GLW,2017,Corning Inc.,Technology Hardware,United States and Canada,United States,61.615,54.1725,62.095,59.1325,26.68,5360000.0,0.0928,2.7507,60.3452,0.2661,15.4185,0.0,39.5274,0.9344,0.1868,14.0391,15.4185,21.4638,1.3882,2.5857,9111000000.0,2207000000.0,1322000000.0,3653000000.0,28527000000.0,,2829000000.0,,Technology Hardware
GLW,2018,Corning Inc,Technology Hardware,United States and Canada,United States,65.14,56.166666666666664,60.98666666666667,60.96333333333333,28.43,5626100.0,0.1103,2.1311,59.0326,0.3836,15.2883,0.0,39.6046,0.8999,0.2677,19.9801,15.2883,25.1995,2.3681,5.3519,9390000000.0,3695000000.0,1424000000.0,3763000000.0,27899000000.0,,2537000000.0,,Technology Hardware
GLW,2019,Corning Inc,Technology Hardware,United States and Canada,United States,65.93,58.745000000000005,61.99,62.43,28.9,4378050.0,0.1066,1.8475,62.0859,0.4972,12.4404,0.0,34.6626,0.8203,0.3216,2.3129,12.4404,7.3469,,0.8199,10116000000.0,-497000000.0,1608000000.0,4020000000.0,27494000000.0,,2004000000.0,,Technology Hardware
GM,2010,General Motors Company,Automobiles,North America,United States,62.0,47.666666666666664,57.666666666666664,56.666666666666664,26.16,19962200.0,0.2657,1.125,21.2171,0.3119,0.8049,0.0,9.9919,2.7358,0.2116,3.8103,0.8049,2.7805,1.0123,5.2525,,,,,,,,,Automobiles
GM,2011,General Motors Company,Automobiles,North America,United States,56.6,58.4,71.8,61.2,22.575,12680200.0,0.255,1.2254,26.9477,0.286,4.9184,0.0,12.9987,2.3040000000000003,0.1816,4.7006,4.9184,4.962,1.4088,5.939,57474000000.0,109118000000.0,-4863000000.0,4565000000.0,,,,,Automobiles
GM,2012,General Motors Company,Automobiles,North America,United States,66.5,57.0,68.0,63.833333333333336,18.375,8526900.0,0.2475,1.2455500000000002,36.289649999999995,0.37305,4.266,0.0,12.1204,2.1216999999999997,0.19240000000000002,3.928,4.266,4.7717,1.1926,5.751,135592000000.0,6172000000.0,5108000000.0,5250000000.0,,,6780000000.0,,Automobiles
GM,2013,General Motors Company,Automobiles,North America,United States,59.0,57.0,63.75,59.5,26.265,12956450.0,0.2396,1.2973,50.7143,0.8381,4.4811,0.0,11.9667,2.3279,0.3378,2.4873,4.4811,4.3532,0.851,4.8509,150276000000.0,9190000000.0,5656000000.0,,144603000000.0,,,,Automobiles
GM,2014,General Motors Company,Automobiles,North America,United States,58.857142857142854,65.85714285714286,68.0,63.42857142857143,26.7,14282000.0,0.2219,1.2737,60.8758,0.9436,3.1257,0.0,10.5668,2.4195,0.3889,2.7892,3.1257,2.0168,0.8151,3.5645,152256000000.0,6188000000.0,-30363000000.0,,149422000000.0,,,,Automobiles
GM,2015,General Motors Company,Automobiles,North America,United States,58.333333333333336,66.33333333333333,67.0,62.666666666666664,28.29,13972700.0,0.2055,1.132,64.9094,1.5651,3.3735,0.0,13.5906,2.336,0.523,3.4987,3.3735,4.4971,0.7095,3.8167,155427000000.0,5346000000.0,5131000000.0,,166231000000.0,,,,Automobiles
GM,2016,General Motors Company,Automobiles,North America,United States,53.7475,52.2825,70.05,57.3825,26.3,12163100.0,0.1776,0.9268,72.2796,1.7117,7.9501,0.0,14.2662,2.1612,0.5441,7.1306,7.9501,9.2803,1.2442,6.0136,155929000000.0,3949000000.0,1530000000.0,,177311000000.0,,,,Automobiles
GM,2017,General Motors Company,Automobiles,United States and Canada,United States,53.198,51.928,71.66,57.434000000000005,31.89,11884900.0,0.1539,0.9022,70.7949,2.1315,5.8465,0.0,12.3002,2.8532,0.6067,-8.8719,5.8465,7.2272,0.0497,0.2622,135725000000.0,9687000000.0,5538000000.0,,194338000000.0,,11769000000.0,,Automobiles
GM,2018,General Motors Company,Automobiles,United States and Canada,United States,55.922000000000004,66.44000000000001,70.9,62.822,34.64,11245800.0,0.1681,0.8898,78.2809,2.5017,4.018,0.0,10.0463,3.0524,0.636,6.4608,4.018,7.3482,1.0821,6.1238,149184000000.0,9427000000.0,8686000000.0,,221690000000.0,,16607000000.0,,Automobiles
GM,2019,General Motors Company,Automobiles,United States and Canada,United States,56.305,71.11,75.78,65.61500000000001,36.37,8087900.0,0.1532,0.9562,95.5582,2.2483,6.4951,0.0,12.1557,2.7493,0.5892,6.5205,6.4951,7.2788,1.0281,4.7385,145588000000.0,2534000000.0,8661000000.0,,212482000000.0,,17328000000.0,,Automobiles
GOOGL,2010,Google Inc.,Software & Services,North America,United States,46.0,47.5,65.0,51.5,267.425,5597250.0,0.142,4.6245,53.3389,0.049,34.9575,0.0,64.9739,0.0,0.0,29.742,34.9575,37.2275,4.0625,5.0058,,,,,,,,,Software & Services
GOOGL,2011,Google Inc.,Software & Services,North America,United States,56.75,51.0,62.5,55.25,289.01,5433900.0,0.1407,5.77475,54.2685,0.0767,31.6899,0.0,65.1348,0.0,0.0516,27.7532,31.6899,34.179,3.8621,4.8181,,,,,,,,,Software & Services
GOOGL,2012,Google Inc.,Software & Services,North America,United States,68.0,50.0,53.0,56.0,316.71500000000003,4544300.0,0.1376,3.9366,54.392250000000004,0.0912,27.4159,0.0,60.3879,7.377,0.0431,23.5877,27.4159,29.5587,3.2922,4.3773,,,,,,,,,Software & Services
GOOGL,2013,Google Inc.,Software & Services,North America,United States,72.0,48.0,52.0,56.0,438.56,3820350.0,0.1309,4.5817,56.0517,0.0632,27.3448,0.0,60.3647,15.1901,0.025,21.5937,27.3448,28.2368,3.0104,3.8113,,,,,,,,,Software & Services
GOOGL,2014,Google Inc.,Software & Services,North America,United States,73.0,54.666666666666664,53.666666666666664,60.0,546.265,1949000.0,0.1401,4.6878,53.9364,0.0504,24.2998,0.0,61.7688,0.0,0.0301,25.377,24.2998,25.0069,2.8076,3.4922,,,,,,,,,Software & Services
GOOGL,2015,Google Inc.,Software & Services,North America,United States,75.25,58.75,53.5,62.5,573.88,1898100.0,0.1294,4.7734,50.8665,0.045,25.2239,0.0,62.3186,0.0,0.0169,21.3066,25.2239,26.1901,2.832,3.5166,55519000000.0,12733000000.0,15403000000.0,,,,18659000000.0,,Software & Services
GOOGL,2016,"Alphabet, Inc.",Software & Services,North America,United States,75.166,65.1,51.489999999999995,64.71799999999999,761.75,1672000.0,0.1404,6.2908,49.6882,0.0294,25.6871,0.0,61.2534,15.5617,0.0275,22.5424,25.6871,26.9253,3.1642,3.8138,66001000000.0,14136000000.0,16496000000.0,,,,23024000000.0,,Software & Services
GOOGL,2017,"Alphabet, Inc.",Software & Services,United States and Canada,United States,73.55499999999999,63.598333333333336,51.02333333333333,63.44166666666666,947.55,1435500.0,0.1465,5.7674,51.4775,0.026,23.8097,0.0,59.8589,19.0481,0.0254,13.5486,23.8097,24.8059,1.9729,2.3765,74989000000.0,16348000000.0,19360000000.0,,,,26572000000.0,,Software & Services
GOOGL,2018,Alphabet Inc,Software & Services,United States and Canada,United States,75.5,65.22,43.59,62.9,1112.05,1803800.0,0.1543,4.1437,48.1929,0.0235,20.9314,0.0,57.4884,16.1861,0.0229,22.7824,20.9314,25.6442,4.1492,5.0375,90272000000.0,19478000000.0,23716000000.0,,,,36036000000.0,,Software & Services
GOOGL,2019,Alphabet Inc,Software & Services,United States and Canada,United States,76.33,66.17666666666666,42.99,63.42666666666667,1189.49,1382250.0,0.154,3.7823,49.2638,0.0212,22.6598,0.0,55.5875,17.9419,0.0208,23.1601,22.6598,23.2317,,5.1756,110855000000.0,12662000000.0,26178000000.0,,,,37091000000.0,,Software & Services
GPC,2010,Genuine Parts Company,Retailing,North America,United States,35.0,31.0,60.0,39.0,31.035,813050.0,0.545,2.5518,42.7976,0.18,7.2017,0.0,28.9108,0.9355,0.1525,4.3716,7.2017,7.0523,2.3847,4.6561,10457942000.0,,770916000.0,,4496984000.0,,,,Retailing
GPC,2011,Genuine Parts Company,Retailing,North America,United States,36.0,44.0,61.0,46.0,40.11,910250.0,0.5571,2.1986,43.6248,0.1729,7.55245,0.0,28.8697,1.0077,0.0796,4.6212,7.55245,7.5208,2.6247,5.179,10843195000.0,,882158000.0,,4774069000.0,,,,Retailing
GPC,2012,Genuine Parts Company,Retailing,North America,United States,36.5,44.0,60.5,45.5,48.989999999999995,770700.0,0.5237,2.2277500000000003,43.14555,0.16835,8.0083,0.0,29.021050000000002,1.0137,0.14295,5.087400000000001,8.0083,8.02595,2.683,5.6404,11015263000.0,,860856000.0,,5109533000.0,,,,Retailing
GPC,2013,Genuine Parts Company,Retailing,North America,United States,41.0,44.0,62.0,47.0,63.465,659100.0,0.4639,1.5371,42.9704,0.2645,7.3739,0.0,30.0628,0.9125,0.0749,4.7146,7.3739,7.3739,2.1872,5.5102,10057512000.0,,644165000.0,,5327872000.0,,,,Retailing
GPC,2016,Genuine Parts Company,Retailing,North America,United States,41.42666666666667,42.26666666666667,61.70000000000001,46.830000000000005,84.58500000000001,661600.0,0.4505,1.3424,46.4082,0.2384,7.3916,0.0,29.9223,0.8719,0.0825,4.7016,7.3916,7.3916,2.1182,5.5565,13013868000.0,,1078148000.0,,6807061000.0,,,,Retailing
GPC,2017,Genuine Parts Company,Retailing,United States and Canada,United States,39.82,41.235,64.65,46.597500000000004,82.33,706800.0,0.4314,1.3152,47.6314,0.3423,6.1429,0.0,30.2356,0.8554,0.1428,3.8683,6.1429,6.0147,1.6688,4.6736,15341647000.0,705672000.0,1279349000.0,4555852000.0,8246238000.0,,,,Retailing
GPC,2019,Genuine Parts Co,Retailing,United States and Canada,United States,38.71,40.87,64.8,46.1,97.38,705900.0,0.3118,1.2595,54.4932,0.9327,5.8046,0.0,33.2599,0.8122,0.4328,5.027,5.8046,6.2732,,5.6811,16308801000.0,616757000.0,1009268000.0,4906398000.0,12412381000.0,,815043000.0,,Retailing
GPN,2010,Global Payments Inc.,Software & Services,North America,United States,38.0,45.0,68.0,48.5,19.665,952400.0,0.22315000000000002,1.5588,30.75655,0.5105999999999999,18.70035,0.0,65.45765,21.18525,0.18614999999999998,11.640049999999999,18.70035,18.29945,2.8289999999999997,5.809950000000001,,,,,,,,,Software & Services
GPN,2012,Global Payments Inc.,Software & Services,North America,United States,37.0,45.0,68.0,48.0,21.645,1409000.0,0.18775,1.2782,27.052999999999997,0.38539999999999996,13.6354,0.0,63.935500000000005,15.2756,0.14855,7.9072,13.6354,13.3708,1.9306,4.2214,1642468000.0,203317000.0,323279000.0,,,,465761000.0,,Software & Services
GPN,2013,Global Payments Inc.,Software & Services,North America,United States,37.0,47.0,68.0,49.0,24.175,1281800.0,0.1593,1.3085,27.1183,1.163,17.0536,0.0,62.9141,21.25183049999997,0.4282,10.2659,17.0536,16.3325,2.0057,5.9524,1859802000.0,209238000.0,331594000.0,,,,709772000.0,,Software & Services
GPN,2016,Global Payments Inc.,Software & Services,North America,United States,42.22,42.20333333333333,63.53333333333333,47.54333333333333,72.295,1334850.0,0.0459,0.579,14.11175,0.82675,12.769,0.0,50.69215,0.0,0.2981,7.44445,12.769,10.4181,0.45155,1.59125,2554236000.0,245286000.0,405499000.0,,,,194098000.0,,Software & Services
GPN,2017,Global Payments Inc.,Software & Services,United States and Canada,United States,41.0,38.745000000000005,60.900000000000006,44.9625,91.24,1029400.0,0.0846,1.1365,25.7716,1.4232,14.1878,0.0,51.7129,0.0,0.5587,10.6593,14.1878,10.2467,0.9637,3.2033,2773718000.0,278040000.0,456597000.0,,,,429877000.0,,Software & Services
GPN,2018,Global Payments Inc.,Software & Services,United States and Canada,United States,42.0,40.43666666666667,58.88333333333333,45.52,112.8,999600.0,0.0666,1.0344,34.2669,1.3139,22.8931,0.0,68.2483,0.0,0.5299,13.0909,22.8931,17.4738,0.9572,2.9315,3370976000.0,271666000.0,424944000.0,,,,592890000.0,,Software & Services
GPS,2010,"The Gap, Inc.",Retailing,North America,United States,49.75,60.75,71.0,60.0,14.565000000000001,8521500.0,0.4539,1.9975,0.0,0.0,13.7931,0.0,41.1877,1.2273,0.0,8.2923,13.7931,13.7384,3.8011,6.1545,,,,,,,,,Retailing
GPS,2011,"The Gap, Inc.",Retailing,North America,United States,57.0,61.333333333333336,71.0,62.333333333333336,14.024999999999999,6802500.0,0.4338,2.1691,0.0,0.5278,9.8641,0.0,36.9463,1.19115,0.3395,5.5818,9.8641,9.2439,2.5206,6.1787,,,,,,,,,Retailing
GPS,2012,"The Gap, Inc.",Retailing,North America,United States,59.0,71.0,72.0,67.0,21.045,5756100.0,0.4666,2.0286,0.0,0.54775,11.607949999999999,0.0,39.67415,1.30765,0.34625,6.7396,11.607949999999999,11.012799999999999,3.1245000000000003,8.149,,,,,,,,,Retailing
GPS,2013,"The Gap, Inc.",Retailing,North America,United States,60.5,71.0,67.5,66.5,30.17,3784950.0,0.5013,1.9653,0.0,0.3945,14.2129,0.0,40.5119,1.2526,0.2829,8.4759,14.2129,13.9839,4.3283,10.5346,,,,,,,,,Retailing
GPS,2014,"The Gap, Inc.",Retailing,North America,United States,58.5,71.0,69.0,66.5,31.09,4514200.0,0.508,1.7141,0.0,0.4834,13.9476,0.0,40.1813,0.9307,0.3223,8.8369,13.9476,13.4945,4.4891,12.2942,,,,,,,,,Retailing
GPS,2016,Gap Inc.,Retailing,North America,United States,59.43166666666667,67.21333333333334,71.31333333333333,65.51166666666667,19.915,5750150.0,0.4743,1.5466,0.0,0.6819,7.2449,0.0,37.315,1.1384,0.3405,3.694,7.2449,6.8294,1.6918,5.0357,,,,,,,,,Retailing
GPS,2017,"The Gap, Inc.",Retailing,United States and Canada,United States,61.972500000000004,60.4475,76.04,64.88,20.82,5247700.0,0.4861,1.7749,0.0,0.4238,9.8489,0.0,38.9313,1.0898,0.2976,5.9666,9.8489,9.4841,2.9006,7.5728,,,,,,,,,Retailing
GPS,2018,"The Gap, Inc.",Retailing,United States and Canada,United States,64.33666666666666,65.62,71.35666666666667,66.60666666666667,27.13,4639000.0,0.5003,1.9699,0.0,0.374,8.8775,0.0,39.6919,1.1163,0.2722,6.5053,8.8775,8.5596,3.2546,7.7326,,,,,,,,,Retailing
GPS,2019,Gap Inc,Retailing,United States and Canada,United States,65.46,68.10499999999999,69.94,67.635,17.119999999999997,5360500.0,0.2832,1.4572,0.0,0.3446,7.0412,0.0,38.8514,1.0529,0.2563,4.1948,7.0412,6.7665,,4.6345,,,,,,,,,Retailing
GRMN,2010,Garmin Ltd.,Consumer Durables,Europe,Switzerland,51.5,40.5,64.0,50.5,20.52,1517800.0,0.21,4.1638,68.2346,0.0,24.0678,0.0,49.6877,0.9401,0.0,18.4992,24.0678,22.56,3.9289,5.0843,3494077000.0,732848000.0,862017000.0,1553515000.0,,,862164000.0,,Consumer Durables
GRMN,2011,Garmin Ltd.,Consumer Durables,Europe,Switzerland,53.0,42.0,64.5,51.5,22.235,1061250.0,0.15725,2.794,67.945,0.0,21.9964,0.0,47.7823,0.8061,0.0,18.50095,21.9965,20.3516,3.4691,4.9013,2946440000.0,703950000.0,786010000.0,1444111000.0,,,1094456000.0,,Consumer Durables
GRMN,2013,Garmin Ltd.,Consumer Durables,Europe,Switzerland,59.666666666666664,53.0,60.666666666666664,57.333333333333336,27.705,1115850.0,0.1515,2.637,66.5183,0.0,23.5768,0.0,54.8273,0.816,0.0,24.7632,23.5768,26.9239,3.7505,5.124,2758569000.0,520896000.0,553767000.0,1338592000.0,,,,194662617.0,Consumer Durables
GRMN,2014,Garmin Ltd.,Consumer Durables,Europe,Switzerland,52.0,54.0,55.0,53.0,42.019999999999996,1484150.0,0.1712,2.4301,63.8825,0.0,21.9093,0.0,53.6342,0.8858,0.0,26.1723,21.9093,24.8842,4.4797,6.1775,2715675000.0,542403000.0,604160000.0,1438480000.0,,,,,Consumer Durables
GRMN,2015,Garmin Ltd.,Consumer Durables,Europe,Switzerland,57.0,53.0,55.0,55.0,35.035,1230950.0,0.1737,2.4948,58.3889,0.0,18.655,0.0,53.2875,0.7356,0.0,17.552,18.655,22.4284,2.9422,3.9575,2631851000.0,612412000.0,574032000.0,1407300000.0,,,,,Consumer Durables
GRMN,2016,Garmin Ltd.,Consumer Durables,Europe,Switzerland,57.0,54.825,54.54,55.510000000000005,36.235,1046100.0,0.1793,2.4429,56.5886,0.0,22.0998,0.0,56.2105,0.6861,0.0,17.3145,22.0998,20.7359,3.1715,4.1988,2870658000.0,364211000.0,690626000.0,1604412000.0,,,,,Consumer Durables
GRMN,2017,Garmin Ltd.,Consumer Durables,Europe,Switzerland,59.08,59.005,54.89,58.0,45.51,938900.0,0.1751,2.7569,55.7373,0.0,23.1147,0.0,58.2247,0.6614,0.0,20.1098,23.1147,25.2799,3.1243,4.1507,2820270000.0,456227000.0,549581000.0,1538704000.0,,,280467000.0,,Consumer Durables
GRMN,2018,Garmin Ltd.,Consumer Durables,Europe,Switzerland,63.14,59.07,55.64,59.64,58.5,941500.0,0.1732,2.8109,53.6382,0.0,24.1921,0.0,58.9166,0.6816,0.0,21.2803,24.1921,24.8761,3.6149,4.6605,,517724000.0,632864000.0,1688525000.0,,,705682000.0,,Consumer Durables
GRMN,2019,Garmin Ltd.,Consumer Durables,Europe,Switzerland,59.79,54.855000000000004,54.34,56.455,79.715,900550.0,0.1728,2.6443,55.0377,0.0,26.8339,0.0,60.2577,0.5855,0.0,24.3868,26.8339,27.5869,,5.388,3121560000.0,709007000.0,683637000.0,1797941000.0,,,660842000.0,,Consumer Durables
GS,2009,"The Goldman Sachs Group, Inc.",Diversified Financials,North America,United States,49.0,49.0,49.5,49.0,145.795,8859250.0,0.0113,0.8043,294.8909699999953,7.344,53.097118999999736,0.0,93.6766,0.0,0.7236,41.736046,53.097118999999736,55.153459999999995,0.5828,7.7607,,11599000000.0,,,884547000000.0,820178000000.0,,442537317.0,Diversified Financials
GS,2010,"The Goldman Sachs Group, Inc.",Diversified Financials,North America,United States,58.5,53.5,57.5,56.333333333333336,131.51999999999998,8276750.0,0.0098,0.8146,294.8909699999953,7.4733,31.5736,0.0,93.3117,0.0,0.7075,19.5103,31.5736,31.5736,0.2089,2.7627,,2322000000.0,,,1112225000000.0,,,,Diversified Financials
GS,2011,"The Goldman Sachs Group, Inc.",Diversified Financials,North America,United States,67.33333333333333,52.333333333333336,50.0,56.666666666666664,115.62,5855750.0,0.009,0.7861,294.8909699999953,8.1934,20.615,0.0,90.7423,0.0,0.7115,11.041350000000001,20.615,20.615,0.1097,1.5057,,13385000000.0,19829000000.0,,848942000000.0,,,,Diversified Financials
GS,2012,"The Goldman Sachs Group, Inc.",Diversified Financials,North America,United States,71.5,57.25,54.5,60.5,99.74000000000001,4704550.0,0.009,0.7395,294.8909699999953,7.710100000000001,27.5177,0.0,93.4499,0.0,0.6956,17.459,27.5177,27.5177,0.1593,2.2126,,8354000000.0,12892000000.0,,911332000000.0,,,,Diversified Financials
GS,2013,"The Goldman Sachs Group, Inc.",Diversified Financials,North America,United States,74.0,62.5,60.0,65.5,140.36,3323400.0,0.0092,0.8182,294.8909699999953,6.9876,32.2374,0.0,92.882,0.0,0.6749,21.6094,32.2374,32.2374,0.2058,2.7257,28811000000.0,4442000000.0,6169000000.0,,923225000000.0,,,,Diversified Financials
GS,2014,"The Goldman Sachs Group, Inc.",Diversified Financials,North America,United States,76.0,65.5,68.5,69.5,165.26,2451900.0,0.00935,0.8499,294.8909699999953,5.6647,40.5798,0.0,91.929,0.0,0.6683,25.99115,40.5798,40.5798,0.2555,3.0049,34163000000.0,7475000000.0,11207000000.0,,938555000000.0,,,,Diversified Financials
GS,2015,"The Goldman Sachs Group, Inc.",Diversified Financials,North America,United States,81.66666666666667,68.0,61.666666666666664,70.0,174.08,2573050.0,0.009,0.8819,294.8909699999953,5.2456,19.0319,0.0,91.3928,0.0,0.6672,10.1003,19.0319,19.0319,0.1219,1.3708,34206000000.0,8040000000.0,11737000000.0,,911124000000.0,,,,Diversified Financials
GS,2016,"The Goldman Sachs Group, Inc.",Diversified Financials,North America,United States,86.31800000000001,59.81,61.398,68.394,149.07999999999998,3193350.0,0.0093,0.9337,294.8909699999953,5.1682,35.1126,0.0,92.1205,0.0,0.6851,25.7101,35.1126,35.1126,0.238,2.7586,34528000000.0,8477000000.0,12357000000.0,,855842000000.0,,,,Diversified Financials
GS,2017,"The Goldman Sachs Group, Inc.",Diversified Financials,United States and Canada,United States,87.77666666666666,58.73333333333333,61.449999999999996,68.48,216.06,2935400.0,0.009,0.8974,294.8909699999953,5.7276,35.7435,0.0,91.3791,0.0,0.7106,20.6796,35.7435,35.7435,0.202,2.4261,33820000000.0,6083000000.0,8778000000.0,,861395000000.0,,,,Diversified Financials
GS,2018,"The Goldman Sachs Group, Inc.",Diversified Financials,United States and Canada,United States,87.17,59.62,61.843333333333334,68.73,222.35,2981500.0,0.0092,0.9045,294.8909699999953,5.9104,33.9975,0.0,91.5733,0.0,0.7242,27.8118,33.9975,33.9975,0.2648,3.3404,30790000000.0,7398000000.0,10304000000.0,,,,6494000000.0,,Diversified Financials
GS,2019,"The Goldman Sachs Group, Inc.",Diversified Financials,United States and Canada,United States,87.58,59.62,55.335,66.385,194.63,2356200.0,0.01,0.7756,294.8909699999953,5.7063,29.028,0.0,91.3011,0.0,0.7021,21.5427,29.028,29.028,,2.4247,32730000000.0,4286000000.0,11132000000.0,,,,-20489000000.0,,Diversified Financials
GWW,2010,"W.W. Grainger, Inc.",Traders & Distributors,North America,United States,41.0,44.0,54.0,46.0,89.36500000000001,631650.0,0.478,2.5746,37.192,0.229,12.0489,0.0,41.7766,1.1866,0.1567,7.0834,12.0489,11.9301,3.4745,5.8403,6850032000.0,475355000.0,782672000.0,2808222000.0,3515417000.0,,530066000.0,109659219.0,Traders & Distributors
GWW,2011,"W.W. Grainger, Inc.",Traders & Distributors,North America,United States,47.333333333333336,49.333333333333336,52.666666666666664,49.333333333333336,124.53999999999999,512850.0,0.4647,1.9417,39.1105,0.1969,13.59305,0.0,43.175,1.0784,0.0604,8.3178,13.59305,13.51825,4.0444,6.6634,6221991000.0,430466000.0,665224000.0,2598526000.0,3726332000.0,,732396000.0,,Traders & Distributors
GWW,2012,"W.W. Grainger, Inc.",Traders & Distributors,North America,United States,57.0,53.0,58.0,56.0,171.84,460800.0,0.4597,2.66995,40.3281,0.1894,12.7426,0.0,43.561949999999996,1.004,0.1391,7.61035,12.7426,12.59695,3.577,5.954700000000001,7182158000.0,510865000.0,860475000.0,3005684000.0,3904377000.0,,596445000.0,,Traders & Distributors
GWW,2013,"W.W. Grainger, Inc.",Traders & Distributors,North America,United States,59.5,53.5,61.5,57.5,219.885,318100.0,0.4567,2.8377,40.647,0.1632,14.4553,0.0,43.8338,1.0719,0.1181,8.6631,14.4553,14.3363,4.0574,6.3243,8078185000.0,658423000.0,1052429000.0,3510792000.0,4716062000.0,,746108000.0,,Traders & Distributors
GWW,2014,"W.W. Grainger, Inc.",Traders & Distributors,North America,United States,60.5,57.0,69.5,61.5,217.58499999999998,459850.0,0.4753,2.352,42.041,0.1473,10.6141,0.0,42.0079,1.0735,0.1094,5.7697,10.6141,10.4228,2.8604,4.6014,8950045000.0,689881000.0,1131125000.0,3916160000.0,5014598000.0,,816195000.0,,Traders & Distributors
GWW,2015,"W.W. Grainger, Inc.",Traders & Distributors,North America,United States,80.0,67.0,77.0,74.0,207.365,596250.0,0.4329,2.0041,43.9291,0.7409,13.4521,0.0,41.9235,1.0757,0.3711,7.5166,13.4521,12.6119,3.3859,7.267,9437758000.0,797036000.0,1296854000.0,4136483000.0,5266328000.0,,986498000.0,,Traders & Distributors
GWW,2016,"W.W. Grainger, Inc.",Traders & Distributors,North America,United States,76.855,64.1025,76.7725,71.7325,205.22500000000002,543150.0,0.4339,1.9437,45.9781,1.0543,11.92,0.0,40.0783,1.074,0.4644,6.7355,11.92,11.0381,3.0084,8.0017,9964953000.0,801729000.0,1347117000.0,4314242000.0,5283049000.0,,959814000.0,,Traders & Distributors
GWW,2017,"W.W. Grainger, Inc.",Traders & Distributors,United States and Canada,United States,69.75999999999999,62.28,72.435,67.435,181.55,800100.0,0.4525,2.2589,46.8889,1.2817,8.9524,0.0,38.8084,1.1273,0.551,5.8824,8.9524,7.9226,2.7976,8.8825,9973384000.0,768996000.0,1300320000.0,4231428000.0,5857755000.0,,1036109000.0,,Traders & Distributors
GWW,2018,W.W. Grainger Inc,Traders & Distributors,United States and Canada,United States,75.47,65.12666666666667,68.00666666666666,69.46333333333332,283.74,661800.0,0.4772,2.3698,46.0099,1.0642,10.4958,0.0,38.5813,1.1893,0.5057,7.5642,10.4958,10.0977,4.0828,10.4635,10137000000.0,606000000.0,1113000000.0,4115000000.0,5694000000.0,,1024000000.0,,Traders & Distributors
GWW,2019,W.W. Grainger Inc,Traders & Distributors,United States and Canada,United States,79.8,68.0,66.81,71.83,284.69500000000005,392250.0,0.4828,2.1603,45.6566,1.056,11.4693,0.0,38.0049,1.1544,0.4816,7.9063,11.4693,10.9264,,11.7761,10425000000.0,586000000.0,1035000000.0,4098000000.0,5804000000.0,,1057000000.0,,Traders & Distributors
HAL,2010,Halliburton Company,Energy Services,North America,United States,51.4,42.4,54.6,48.6,26.0,13937000.0,0.2563,2.7762,70.8388,0.4642,17.5348,0.0,18.8639,2.0249,0.2796,11.6613,17.5348,15.7556,2.7195,5.0831,18279000000.0,2224000000.0,4010000000.0,,14385000000.0,,2674000000.0,895000000.0,Energy Services
HAL,2011,Halliburton Company,Energy Services,North America,United States,45.333333333333336,49.333333333333336,54.333333333333336,49.333333333333336,37.980000000000004,13962250.0,0.2983,2.8189,65.5483,0.328,20.2435,0.0,21.192,2.1298,0.247,11.44115,20.2435,19.1676,3.8307,6.8629,14675000000.0,1145000000.0,1994000000.0,,,,2406000000.0,902.0,Energy Services
HAL,2012,Halliburton Company,Energy Services,North America,United States,38.0,53.333333333333336,55.0,47.666666666666664,28.805,13406450.0,0.27435,2.7824,71.01805,0.32415000000000005,14.176,0.0,15.99325,1.8095,0.24480000000000002,9.15315,14.176,13.0244,2.4523,4.30865,17973000000.0,1835000000.0,3009000000.0,,,,2212000000.0,910000000.0,Energy Services
HAL,2013,Halliburton Company,Energy Services,North America,United States,37.5,56.25,57.0,49.0,38.17,9094300.0,0.2669,2.7068,78.2165,0.5741,14.8287,0.0,15.8994,1.8695,0.3647,9.4486,14.8287,13.4502,2.5369,5.5313,24829000000.0,2839000000.0,4737000000.0,,,,3684000000.0,,Energy Services
HAL,2014,Halliburton Company,Energy Services,North America,United States,46.166666666666664,66.16666666666667,58.833333333333336,56.5,44.25,21061000.0,0.2727,2.4969,77.6237,0.4773,14.8119,0.0,17.1038,2.0358,0.3227,10.2737,14.8119,14.1391,2.8105,5.5467,28503000000.0,2635000000.0,4159000000.0,,,,3654000000.0,,Energy Services
HAL,2015,Halliburton Company,Energy Services,North America,United States,63.0,68.0,53.0,62.0,36.385,12981950.0,0.1845,3.0418,93.3698,0.5098,1.6922,0.0,10.3503,1.8485,0.3328,-0.551,1.6922,-1.6123,-0.0704,-0.1678,29402000000.0,2125000000.0,3138000000.0,,,,4447000000.0,,Energy Services
HAL,2016,Halliburton Company,Energy Services,North America,United States,57.6225,63.45,63.42999999999999,61.114999999999995,38.885,9062050.0,0.1433,2.9026,102.374,1.3108,1.517,0.0,4.4613,1.4796,0.5557,-3.7055,1.517,-4.3522,-0.5667,-1.6194,32870000000.0,3500000000.0,5097000000.0,,,,4062000000.0,,Energy Services
HAL,2017,Halliburton Company,Energy Services,United States and Canada,United States,53.78,59.74,67.38,59.265,41.49,8064500.0,0.2111,2.2166,79.6147,1.2456,6.4478,0.0,12.8031,1.9597,0.5471,0.5649,6.4478,4.1077,0.1106,0.3127,23633000000.0,-671000000.0,-165000000.0,,,,2906000000.0,,Energy Services
HAL,2018,Halliburton Co,Energy Services,United States and Canada,United States,56.54,60.17,65.38,60.019999999999996,42.15,8723800.0,0.2386,2.3089,79.3565,1.1599,11.6008,0.0,12.7673,1.8649,0.5362,8.313,11.6008,8.652,1.6854,5.7447,,-5763000000.0,-6770000000.0,,,,-1703000000.0,,Energy Services
HAL,2019,Halliburton Co,Energy Services,United States and Canada,United States,58.4,56.83,65.78,59.69,22.255000000000003,11207500.0,0.2072,2.2985,85.7838,1.0822,5.1096,0.0,10.6126,1.4678,0.5197,1.2648,5.1096,2.5464,,0.8085,,-463000000.0,1374000000.0,,,,2468000000.0,,Energy Services
HAS,2010,Hasbro Inc.,Consumer Durables,North America,United States,45.333333333333336,59.666666666666664,67.66666666666667,56.666666666666664,30.46,1457100.0,0.3115,3.0899,80.9356,0.8859,15.723,0.0,58.1249,1.2642,0.4679,10.9497,15.7229,13.5591,3.4206,8.6673,4021520000.0,306766000.0,494296000.0,,,,593185000.0,,Consumer Durables
HAS,2011,Hasbro Inc.,Consumer Durables,North America,United States,56.5,71.0,73.0,66.5,32.74,1503750.0,0.3218,2.3916,82.4582,1.0268,16.2922,0.0,56.424,1.1555,0.497,10.4661,16.2922,14.2284,3.3681,9.8151,4067947000.0,374930000.0,588598000.0,,3896892000.0,,265623000.0,,Consumer Durables
HAS,2012,Hasbro Inc.,Consumer Durables,North America,United States,61.0,74.66666666666667,78.0,70.66666666666667,28.325,1399250.0,0.2494,2.5585,72.248,1.1073,13.11345,0.0,60.07485,1.00695,0.49045,7.75165,13.11345,10.44095,2.04705,5.8736,4002161000.0,397752000.0,587859000.0,,4093226000.0,,367981000.0,,Consumer Durables
HAS,2013,Hasbro Inc.,Consumer Durables,North America,United States,62.0,70.0,68.0,67.0,37.84,1242150.0,0.2912,1.8195,76.7888,1.0524,14.3295,0.0,58.5082,1.2717,0.3865,9.2366,14.3295,11.3776,2.7416,7.6248,4285589000.0,385367000.0,593981000.0,,4130774000.0,,396069000.0,,Consumer Durables
HAS,2014,Hasbro Inc.,Consumer Durables,North America,United States,61.5,69.5,65.0,66.0,48.099999999999994,1118850.0,0.2874,2.4667,75.8672,1.227,17.2147,0.0,60.2089,1.5217,0.5133,13.0842,17.2147,15.8188,3.7365,11.5184,4088983000.0,335999000.0,551785000.0,,4325387000.0,,534796000.0,,Consumer Durables
HAS,2015,Hasbro Inc.,Consumer Durables,North America,United States,65.5,71.5,64.0,67.5,62.595,1131150.0,0.3104,2.6916,80.046,1.0764,17.6545,0.0,62.1423,1.2954,0.5006,11.9946,17.6545,15.7871,3.6942,10.481,1872980000.0,286198000.0,467093000.0,,4393221000.0,,401132000.0,,Consumer Durables
HAS,2016,Hasbro Inc.,Consumer Durables,North America,United States,71.214,68.358,65.05,68.53,72.30000000000001,1000750.0,0.3201,1.995,72.8841,0.9632,15.6544,0.0,61.0678,1.0844,0.4076,11.8241,15.6544,13.4933,3.5472,9.6954,2022997000.0,415930000.0,635375000.0,,4518100000.0,,454411000.0,,Consumer Durables
HAS,2017,Hasbro Inc.,Consumer Durables,United States and Canada,United States,60.836666666666666,67.71,61.78333333333333,63.82333333333333,88.13,1038000.0,0.3017,2.5339,79.2463,0.9622,16.9843,0.0,60.6091,1.1614,0.464,6.9638,16.9843,17.4541,1.3785,3.6957,4447509000.0,451838000.0,691933000.0,,4720717000.0,,571366000.0,,Consumer Durables
HAS,2018,"Hasbro, Inc.",Consumer Durables,United States and Canada,United States,64.41,66.654,60.370000000000005,64.296,86.77,1147100.0,0.2639,2.4189,76.9707,0.9704,9.684,0.0,58.2339,1.0731,0.4895,6.6669,9.684,7.532,1.1791,3.413,5019822000.0,551380000.0,788048000.0,,5091366000.0,,817313000.0,,Consumer Durables
HAS,2019,Hasbro Inc,Consumer Durables,United States and Canada,United States,66.81,56.15,60.05,60.86,96.845,908750.0,0.1954,2.6383,80.9556,0.9958,13.3319,0.0,60.1873,1.0645,0.4971,13.5191,13.3318,16.49,,8.9248,5209782000.0,396607000.0,810359000.0,,5289983000.0,,724378000.0,,Consumer Durables
HBAN,2010,Huntington Bancshares Incorporated,Banks,North America,United States,33.0,48.0,52.0,44.0,4.27,16158050.0,0.0105,0.0,0.0,1.0036,0.0,0.0,0.0,0.0,0.4091,6.6065,0.0,23.4138,0.1896,2.6103,,,,,,,,,Banks
HBAN,2011,Huntington Bancshares Incorporated,Banks,North America,United States,36.5,46.0,53.0,45.0,4.645,14320500.0,0.0113,0.0,0.0,0.9625,0.0,0.0,0.0,0.0,0.354,21.8341,0.0,29.3399,0.2608,2.8462,,,,,,,,,Banks
HBAN,2012,Huntington Bancshares Incorporated,Banks,North America,United States,36.0,51.0,51.0,46.0,4.88,11123200.0,0.0116,0.0,0.0,0.5888,0.0,0.0,0.0,0.0,0.21935,22.3937,0.0,31.0027,0.27745,2.94185,,,,,,,,,Banks
HBAN,2013,Huntington Bancshares Incorporated,Banks,North America,United States,40.0,63.666666666666664,50.333333333333336,52.0,6.42,9059050.0,0.0116,0.0,0.0,0.505,0.0,0.0,0.0,0.0,0.2527,22.8901,0.0,32.0326,0.2691,2.7977,,,,,,,,,Banks
HBAN,2014,Huntington Bancshares Incorporated,Banks,North America,United States,40.0,65.0,51.0,53.0,8.155000000000001,8073600.0,0.0106,0.0,0.0,1.064,0.0,0.0,0.0,0.0,0.4066,22.1084,0.0,31.3571,0.2468,2.7536,,,,,,,,,Banks
HBAN,2015,Huntington Bancshares Inc.,Banks,North America,United States,41.0,62.0,51.0,52.0,9.075,8452500.0,0.0103,0.0,0.0,1.161,0.0,0.0,0.0,0.0,0.4914,23.2223,0.0,31.9565,0.2511,2.8728,,,,,,,,,Banks
HBAN,2016,Huntington Bancshares Inc.,Banks,North America,United States,37.4975,64.615,53.635000000000005,52.465,8.265,12028200.0,0.01,0.0,0.0,1.1643,0.0,0.0,0.0,0.0,0.4642,20.5541,0.0,30.409,0.236,2.589,,,,,,,,,Banks
HBAN,2017,Huntington Bancshares Inc.,Banks,United States and Canada,United States,39.76333333333333,58.43666666666667,54.330000000000005,51.27666666666667,11.53,8688400.0,0.0102,0.0,0.0,1.2286,0.0,0.0,0.0,0.0,0.4598,24.4976,0.0,34.9282,0.2696,2.8564,,,,,,,,,Banks
HBAN,2018,Huntington Bancshares Inc,Banks,United States and Canada,United States,43.25,60.67,54.815,53.22,13.52,9519900.0,0.0101,0.0,0.0,0.9816,0.0,0.0,0.0,0.0,0.4588,31.391,0.0,38.7218,0.3369,3.457,,,,,,,,,Banks
HBAN,2019,Huntington Bancshares Inc,Banks,United States and Canada,United States,43.0,64.435,56.935,55.155,12.735,8799750.0,0.0102,0.0,0.0,1.056,0.0,0.0,0.0,0.0,0.4533,30.701,0.0,37.8882,,3.4747,,,,,,,,,Banks
HBI,2010,Hanesbrands Inc.,Textiles & Apparel,North America,United States,65.66666666666667,74.0,68.0,69.33333333333333,5.36,2833600.0,0.2977,2.372,42.8982,3.8333,9.7208,0.0,31.965,0.5411,0.7796,5.2253,9.7208,6.5317,1.6327,11.3851,,,,,,,,,Textiles & Apparel
HBI,2011,Hanesbrands Inc.,Textiles & Apparel,North America,United States,67.66666666666667,71.0,71.0,69.66666666666667,5.395,4402400.0,0.281,2.4816,44.756,2.9921,11.6287,0.0,34.9322,0.4504,0.7278,7.4301,11.6287,8.2091,1.8716,11.339,,,,,,,,,Textiles & Apparel
HBI,2012,Hanesbrands Inc.,Textiles & Apparel,North America,United States,67.0,68.0,71.0,69.0,5.95,3329400.0,0.30655,2.3282499999999997,43.953649999999996,2.7558,11.50105,0.0,31.9477,0.58465,0.6875,3.5374000000000003,11.50105,7.2745,1.9429500000000002,10.2342,,,,,,,,,Textiles & Apparel
HBI,2013,Hanesbrands Inc.,Textiles & Apparel,North America,United States,67.0,68.0,71.0,68.0,10.73,2936400.0,0.3122,2.4703,44.0256,1.3692,14.7742,0.0,35.2179,0.5903,0.5438,10.1389,14.7742,12.6197,3.1585,10.8725,,,,,,,,,Textiles & Apparel
HBI,2014,Hanesbrands Inc.,Textiles & Apparel,North America,United States,68.0,72.0,71.0,70.5,21.57,2640800.0,0.2923,1.7203,39.7245,1.4305,8.6136,0.0,35.831,0.6356,0.5379,5.874,8.6136,6.6018,1.7172,6.4493,,,,,,,,,Textiles & Apparel
HBI,2015,Hanesbrands Inc.,Textiles & Apparel,North America,United States,51.0,64.0,64.0,59.0,26.125,2607200.0,0.2592,2.0771,48.1007,2.0404,11.2039,0.0,37.3333,0.5399,0.6364,8.4539,11.2039,8.93,2.1288,9.3396,,,,,,,,,Textiles & Apparel
HBI,2016,Hanesbrands Inc.,Textiles & Apparel,North America,United States,50.237500000000004,61.7,60.855,57.475,22.810000000000002,3451500.0,0.2273,2.043,49.1473,3.4795,13.8439,0.0,37.8407,0.5233,0.7564,9.8726,13.8439,10.2395,2.247,12.7235,,,,,,,,,Textiles & Apparel
HBI,2017,Hanesbrands Inc.,Textiles & Apparel,United States and Canada,United States,58.7325,58.7625,60.455,59.175,19.08,4425200.0,0.2386,1.9038,50.4799,3.9188,14.1931,0.0,38.024,0.5438,0.7788,10.478,14.1931,11.123,2.379,15.9659,,,,,,,,,Textiles & Apparel
HBI,2018,Hanesbrands Inc.,Textiles & Apparel,United States and Canada,United States,61.23,59.195,63.3875,60.9525,16.51,5415900.0,0.2443,1.8436,50.8498,5.0355,13.6652,0.0,38.5495,0.5186,0.8161,8.3811,13.6652,10.585,1.8933,18.3309,,,,,,,,,Textiles & Apparel
HBI,2019,Hanesbrands Inc.,Textiles & Apparel,United States and Canada,United States,62.445,60.67,66.71,62.795,14.9,4612800.0,0.2381,1.7609,49.8426,3.4276,13.9014,0.0,38.4063,0.5479,0.7562,9.914,13.9015,11.1279,,14.9593,,,,,,,,,Textiles & Apparel
HCA,2011,"HCA Holdings, Inc.",Healthcare,North America,United States,43.5,45.5,67.0,50.5,20.02,2622050.0,0.3036,1.5671,48.9916,-3.3608,14.6503,0.0,82.5985,1.4175,1.3257449999999977,3.1591,14.6503,6.4423,1.3402,-4.2474,,1054000000.0,,,,,2747000000.0,,Healthcare
HCA,2012,"HCA Holdings, Inc.",Healthcare,North America,United States,52.333333333333336,44.0,65.66666666666667,52.666666666666664,22.83,2457700.0,0.299,1.27735,50.59255,-3.8947,14.083549999999999,0.0,82.70755,1.3479,1.3257449999999977,4.6427,14.083549999999999,8.50715,1.7270500000000002,-6.95915,,1207000000.0,,,,,3085000000.0,,Healthcare
HCA,2013,"HCA Holdings, Inc.",Healthcare,North America,United States,58.666666666666664,45.666666666666664,61.666666666666664,53.666666666666664,37.769999999999996,3176700.0,0.3025,1.4112,52.4078,-4.0285,14.1806,0.0,82.6036,1.2837,1.3257449999999977,4.7986,14.1806,9.0539,1.9215,-7.1743,,2465000000.0,,,,,3933000000.0,,Healthcare
HCA,2014,"HCA Holdings, Inc.",Healthcare,North America,United States,61.0,49.0,60.0,55.0,68.19,3497100.0,0.311,1.6296,53.1818,-4.5285,15.5355,0.0,82.7833,1.2971,1.2876,5.4691,15.5355,10.0457,2.1821,-10.4032,,1605000000.0,,,28075000000.0,,4175000000.0,,Healthcare
HCA,2015,"HCA Holdings, Inc.",Healthcare,North America,United States,62.0,50.0,61.0,56.5,73.975,3296300.0,0.3121,1.4727,52.7796,-5.0427,15.5502,0.0,83.3198,1.1922,1.2576,5.1228,15.5502,9.9424,2.0971,-11.1671,,1556000000.0,2946000000.0,,28594000000.0,,,,Healthcare
HCA,2016,"HCA Holdings, Inc.",Healthcare,North America,United States,62.6,46.91,61.265,55.14,73.695,2672750.0,0.3108,1.6855,49.2754,-5.1016,15.1468,0.0,83.3511,1.16,1.2459,6.3766,15.1468,10.9701,2.3822,-12.173,,1875000000.0,3481000000.0,,30980000000.0,,,,Healthcare
HCA,2017,"HCA Holdings, Inc.",Healthcare,United States and Canada,United States,62.05,44.045,67.4925,55.58,80.37,1990700.0,0.3105,1.6202,50.3179,-6.5047,14.6185,0.0,83.2759,1.1626,1.183,4.0996,14.6185,10.8078,1.7517,-12.8328,,2129000000.0,3957000000.0,,32744000000.0,,,,Healthcare
HCA,2018,HCA Healthcare Inc,Healthcare,United States and Canada,United States,63.7,43.95,64.0,54.905,103.71,1847500.0,0.3055,1.3631,51.3388,-8.848264,14.4418,0.0,83.4949,1.1567,1.1278,7.1125,14.4418,10.7381,2.5595,-24.0215,,2890000000.0,4810000000.0,,33758000000.0,,5653000000.0,,Healthcare
HD,2010,"The Home Depot, Inc.",Retailing,North America,United States,40.5,45.25,53.5,45.5,24.585,14260850.0,0.3976,1.2369,7.0219,0.5014,8.7239,0.0,34.2511,0.9927,0.2844,5.0247,8.7239,7.8684,1.998,4.3631,71288000000.0,2260000000.0,4359000000.0,23990000000.0,,,5528000000.0,,Retailing
HD,2011,"The Home Depot, Inc.",Retailing,North America,United States,62.0,47.0,60.2,55.2,29.295,10674500.0,0.4175,1.4485,6.8225,0.5912,9.3213,0.0,34.4049,1.0605,0.3706,5.3907,9.3213,8.4093,2.2507,5.2563,66176000000.0,2661000000.0,4803000000.0,22412000000.0,,,,,Retailing
HD,2012,"The Home Depot, Inc.",Retailing,North America,United States,83.0,59.0,61.0,68.0,42.93,8858150.0,0.42325,1.4448,7.33695,0.60615,9.6249,0.0,34.643699999999995,1.04565,0.37670000000000003,5.812,9.6249,9.1532,2.3903,5.758,67997000000.0,3338000000.0,5839000000.0,23304000000.0,,,4585000000.0,,Retailing
HD,2013,"The Home Depot, Inc.",Retailing,North America,United States,77.0,51.0,69.0,65.0,64.075,6558550.0,0.4444,1.3283,7.4237,0.8243,11.7771,0.0,34.9153,1.1167,0.4252,6.9389,11.7771,10.8115,3.0835,9.5047,70395000000.0,3883000000.0,6661000000.0,24262000000.0,,,6651000000.0,,Retailing
HD,2014,"The Home Depot, Inc.",Retailing,North America,United States,79.0,52.333333333333336,70.0,65.66666666666667,77.19,5970700.0,0.4942,1.3662,7.0672,1.6545,12.444,0.0,34.3293,1.122,0.6228,7.4917,12.444,11.8932,3.7025,15.2028,74754000000.0,4535000000.0,7766000000.0,25842000000.0,,,6975000000.0,,Retailing
HD,2015,"The Home Depot, Inc.",Retailing,North America,United States,79.75,53.25,69.0,66.5,101.0,4718750.0,0.4942,1.1646,7.9226,2.2433,13.6624,0.0,34.3641,1.1408,0.6539,7.906,13.6624,12.5625,3.907,22.6408,78812000000.0,5385000000.0,9166000000.0,26915000000.0,,,7628000000.0,,Retailing
HD,2016,"The Home Depot, Inc.",Retailing,North America,United States,79.0825,47.397499999999994,69.89,64.11,117.09,4500700.0,0.5203,1.304,7.7546,3.3067,14.3388,0.0,34.2281,1.1413,0.7674,8.5039,14.3388,13.3195,4.4245,35.0231,24829000000.0,2234000000.0,,8365000000.0,,,,,Retailing
HD,2017,"The Home Depot, Inc.",Retailing,United States and Canada,United States,76.5975,45.29,67.5,61.7975,141.11,3995100.0,0.5558,1.23,7.7895,7.025,14.7047,0.0,34.1357,1.2205,0.873,8.651,14.7047,13.7177,4.8087,75.1829,26472000000.0,2441000000.0,,8927000000.0,,,,1768000000.0,Retailing
HD,2018,The Home Depot Inc,Retailing,United States and Canada,United States,83.59,54.65,69.08000000000001,68.38,175.83,4547300.0,0.5819,1.1289,7.4287,14.316985999999881,14.7137,0.0,34.5412,1.1625,0.9349,10.9003,14.7137,13.8621,6.186484999999999,115.96061349999727,28108000000.0,2672000000.0,,9461000000.0,,,,1772000000.0,Retailing
HD,2019,The Home Depot Inc,Retailing,United States and Canada,United States,83.27000000000001,55.394999999999996,68.68,68.475,200.615,3719200.0,0.5204,1.0822,7.3757,-8.848264,14.4988,0.0,34.1799,1.1353,1.0448,10.1716,14.4988,13.4702,,-50.534578999999994,30839000000.0,3506000000.0,,10432000000.0,,,,1776000000.0,Retailing
HES,2010,Hess Corporation,Oil & Gas Producers,North America,United States,58.0,66.0,65.0,63.0,51.635,3258200.0,0.2545,1.3106,45.0801,0.3321,8.5933,0.0,31.2468,3.2654,0.2478,4.85,8.5933,9.0145,1.3424,2.7254,,,,,,,,,Oil & Gas Producers
HES,2011,Hess Corporation,Oil & Gas Producers,North America,United States,65.66666666666667,73.0,76.33333333333333,70.66666666666667,62.915,3551400.0,0.2487,1.1322,43.2395,0.2957,8.2606,0.0,30.5694,4.62645,0.2268,3.4391,8.2606,2.4582,0.7151,1.4117,,,,,,,,,Oil & Gas Producers
HES,2012,Hess Corporation,Oil & Gas Producers,North America,United States,69.0,76.0,73.8,72.8,45.94,3878250.0,0.0728,1.0394,124.336,0.3811,26.57975,0.0,89.16290000000001,0.27415,0.26245,17.323900000000002,26.57975,31.9495,1.26715,2.5875,,,,,,,,,Oil & Gas Producers
HES,2013,Hess Corporation,Oil & Gas Producers,North America,United States,66.66666666666667,75.33333333333333,72.66666666666667,72.0,63.36,2760950.0,0.0649,1.3371,58.7978,0.2419,28.3824,0.0,86.2132,0.5396,0.1851,41.736046,28.3824,25.0,2.1308,3.6758,,,,,,,,,Oil & Gas Producers
HES,2014,Hess Corporation,Oil & Gas Producers,North America,United States,71.0,73.0,74.0,72.0,72.19,4144250.0,0.0666,1.3014,72.9644,0.2682,11.2241,0.0,81.1498,0.9146,0.2096,-0.3129,11.2241,6.8831,-0.013,-0.0224,,,,,,,,,Oil & Gas Producers
HES,2015,Hess Corporation,Oil & Gas Producers,North America,United States,68.0,76.66666666666667,72.33333333333333,72.66666666666667,58.504999999999995,2918750.0,0.0463,1.6758,81.1012,0.293,-19.840792999999998,0.0,81.6021,0.6257,0.2245,-21.290181999999994,-19.840792999999998,-25.906755999999998,-1.5552,-2.6205,,,,,,,,,Oil & Gas Producers
HES,2016,Hess Corporation,Oil & Gas Producers,North America,United States,68.4025,79.8925,71.2075,73.7025,49.129999999999995,4093550.0,0.0371,1.8996,70.8129,0.3508,-19.840792999999998,0.0,81.4381,0.5509,0.2418,-21.290181999999994,-19.840792999999998,-25.906755999999998,-1.0896,-1.7617,,,,,,,,,Oil & Gas Producers
HES,2017,Hess Corporation,Oil & Gas Producers,United States and Canada,United States,68.73666666666666,79.42,70.62333333333333,73.48,43.26,3714800.0,0.0591,2.0161,67.4671,0.4653,-19.840792999999998,0.0,100.0,0.0,0.3136,-21.290181999999994,-19.840792999999998,-25.906755999999998,-1.7871890000000001,-4.1103,,,,,,,,,Oil & Gas Producers
HES,2018,Hess Corporation,Oil & Gas Producers,United States and Canada,United States,70.99,85.8,68.97,76.41,56.35,3649000.0,0.073,2.2988,58.538,0.606,9.6424,0.0,100.0,0.0,0.3743,-2.8993,9.6424,3.9636,-0.2945,0.0272,,,,,,,,,Oil & Gas Producers
HES,2019,Hess Corp,Oil & Gas Producers,United States and Canada,United States,74.36,86.08666666666666,69.13,77.74333333333333,60.39,2841750.0,0.0773,1.4497,62.5297,0.6665,2.6403,0.0,100.0,0.0,0.3994,-13.1829,2.6403,-3.3003,,-1.6311,,,,,,,,,Oil & Gas Producers
HIG,2010,"The Hartford Financial Services Group, Inc.",Insurance,North America,United States,38.0,43.0,42.666666666666664,41.0,19.72,6786800.0,0.0186,0.0,0.0,0.3441,13.5696,0.0,0.0,0.0,0.2505,9.519,13.5696,11.4093,0.1699,2.7385,9219000000.0,-15000000.0,-4591000000.0,,,,4192000000.0,,Insurance
HIG,2011,"The Hartford Financial Services Group, Inc.",Insurance,North America,United States,47.75,45.25,50.0,47.5,20.189999999999998,5873300.0,0.017,0.0,0.0,0.3058,2.1713,0.0,0.0,0.0,0.2329,1.1062,2.1713,-0.3761,0.0211,0.3058,24433000000.0,666000000.0,-1721000000.0,,,,2974000000.0,,Insurance
HIG,2012,"The Hartford Financial Services Group, Inc.",Insurance,North America,United States,68.0,48.0,58.0,58.0,16.485,6144350.0,0.017750000000000002,0.0,0.0,0.32145,9.50905,0.0,0.0,0.0,0.2359,-0.7841,9.50905,-0.7581,-0.0023,-0.0312,22049000000.0,1636000000.0,2272000000.0,,,,3309000000.0,59600000.0,Insurance
HIG,2013,"The Hartford Financial Services Group, Inc.",Insurance,North America,United States,65.0,48.0,55.5,55.5,26.235,4449400.0,0.0161,0.0,0.0,0.3462,11.1065,0.0,0.0,0.0,0.2524,6.0263,11.1065,9.1732,0.1285,1.9284,21733000000.0,712000000.0,200000000.0,,,,2274000000.0,,Insurance
HIG,2014,"The Hartford Financial Services Group, Inc.",Insurance,North America,United States,67.5,58.0,56.0,60.5,35.085,3229850.0,0.0188,0.0,0.0,0.3263,11.1544,0.0,0.0,0.0,0.2319,8.2738,11.1544,9.6166,0.1408,1.8429,22086000000.0,293000000.0,-89000000.0,,,,2681000000.0,,Insurance
HIG,2015,Hartford Financial Services Group,Insurance,North America,United States,73.0,65.0,53.0,63.0,38.105,2748300.0,0.0194,0.0,0.0,0.3036,9.7983,0.0,0.0,0.0,0.2272,8.8154,9.7983,8.3078,0.1607,2.0435,20673000000.0,495000000.0,1471000000.0,,,,1237000000.0,,Insurance
HIG,2016,Hartford Financial Services Group,Insurance,North America,United States,59.33,58.974000000000004,53.205999999999996,56.95799999999999,39.545,2458850.0,0.0206,0.0,0.0,0.2869,5.4302,0.0,0.0,0.0,0.1998,4.5997,5.4302,3.6201,0.0949,1.1639,18614000000.0,798000000.0,1699000000.0,,,,1886000000.0,,Insurance
HIG,2017,"The Hartford Financial Services Group, Inc.",Insurance,United States and Canada,United States,55.707499999999996,56.2475,59.125,57.1775,48.55,2145300.0,0.0187,0.0,0.0,0.2981,6.2023,0.0,0.0,0.0,0.2185,-0.9492,6.2023,4.3177,-0.0673,-0.8792,15997000000.0,1682000000.0,1478000000.0,,,,2756000000.0,,Insurance
HIG,2018,"The Hartford Financial Services Group, Inc.",Insurance,United States and Canada,United States,66.602,65.31800000000001,66.43199999999999,66.128,48.49,2243300.0,0.0788,0.0,0.0,0.3674,12.3709,0.0,0.0,0.0,0.2509,8.9219,12.3709,10.9459,0.695,3.3545,16291000000.0,896000000.0,447000000.0,,,,2066000000.0,,Insurance
HII,2017,"Huntington Ingalls Industries, Inc.",Aerospace & Defense,United States and Canada,United States,43.203333333333326,52.370000000000005,60.19333333333333,51.51,195.57,284500.0,0.3018,1.578,57.971,0.7488,13.0248,0.0,22.3948,7.9126,0.4282,7.9117,12.9361,11.7331,2.3748,8.7033,7020000000.0,404000000.0,769000000.0,,6024000000.0,,861000000.0,,Aerospace & Defense
HII,2018,"Huntington Ingalls Industries, Inc.",Aerospace & Defense,United States and Canada,United States,43.66,50.19,58.75,50.47,223.16,401200.0,0.336,1.1398,16.2178,0.754,12.8218,0.0,22.3762,9.0115,0.4299,10.9938,12.7228,12.9703,3.6941,13.9842,7068000000.0,573000000.0,876000000.0,,6352000000.0,,822000000.0,,Aerospace & Defense
HII,2019,"Huntington Ingalls Industries, Inc.",Aerospace & Defense,United States and Canada,United States,46.06,48.2675,60.697500000000005,51.225,206.83999999999997,266050.0,0.3089,1.0385,19.8333,0.9085,8.2267,0.0,17.9105,14.5556,0.476,6.1774,7.9982,7.4954,1.7704,9.0323,7441000000.0,479000000.0,881000000.0,,6374000000.0,,814000000.0,,Aerospace & Defense
HLT,2014,Hilton Worldwide Holdings Inc.,Consumer Services,North America,United States,69.0,61.0,77.0,68.0,45.535,1355500.0,0.1007,1.128,33.4266,2.3686,16.3105,0.0,61.7173,2.844,0.7008,6.9213,16.3105,11.876,0.7104,3.9368,9276000000.0,352000000.0,1100000000.0,,,,1110000000.0,,Consumer Services
HLT,2015,Hilton Worldwide Holdings Inc.,Consumer Services,North America,United States,67.0,60.5,68.0,65.0,52.05,2874950.0,0.1116,1.0344,33.3264,1.9678,22.9016,0.0,64.5106,2.3651,0.6575,5.5099,22.9016,18.3074,1.0913,4.7219,9735000000.0,415000000.0,1102000000.0,,,,2101000000.0,,Consumer Services
HLT,2016,Hilton Worldwide Holdings Inc.,Consumer Services,North America,United States,72.0,62.376,65.04,66.892,44.915,3459100.0,0.0722,1.164,56.2078,1.5505,14.1939,0.0,82.1026,0.6398,0.6036,10.0161,14.1939,8.4628,0.344,1.3711,10502000000.0,673000000.0,1673000000.0,,,,1307000000.0,,Consumer Services
HLT,2017,Hilton Worldwide Holdings Inc.,Consumer Services,United States and Canada,United States,69.628,61.29,67.42999999999999,66.16,61.34,2164600.0,0.1455,0.937,40.1578,4.3696,15.6069,0.0,83.8491,0.0,0.8127,7.5562,15.6069,12.0424,1.1249,11.0497,7133000000.0,1404000000.0,900000000.0,,,,1446000000.0,,Consumer Services
HLT,2018,Hilton Worldwide Holdings Inc.,Consumer Services,United States and Canada,United States,71.51,59.56,66.08999999999999,65.97,78.44,2773400.0,0.1635,0.7754,43.5419,13.0586,17.0883,0.0,85.3085,0.0,0.9287,9.4718,17.0883,13.0049,1.5516,38.75,6576000000.0,338000000.0,868000000.0,,,,1310000000.0,,Consumer Services
HLT,2019,Hilton Worldwide Holdings Inc.,Consumer Services,United States and Canada,United States,75.67,61.25,68.09,68.73,91.92,1959350.0,0.159,0.7776,44.8309,-8.848264,19.2432,0.0,86.8299,0.0,1.0263,10.467,19.2432,14.5733,1.7239,-50.534578999999994,8131000000.0,1084000000.0,1132000000.0,,,,849000000.0,,Consumer Services
HOLX,2010,Hologic Inc.,Healthcare,North America,United States,34.75,41.0,65.5,44.75,16.064999999999998,2995800.0,0.0761,2.6618,57.1549,0.5211,16.5799,0.0,49.8913,1.1201,0.3424,2.5291,16.5799,2.8964,0.1931,0.3972,,,,,,,,,Healthcare
HOLX,2011,Hologic Inc.,Healthcare,North America,United States,39.0,48.666666666666664,69.33333333333333,51.333333333333336,19.475,2093250.0,0.0777,2.636,63.362,0.5069,15.7204,0.0,52.0719,0.9503999999999999,0.3364,5.9029,15.7203,8.9084,0.4588,0.9387,,,,,,,,,Healthcare
HOLX,2013,Hologic Inc.,Healthcare,North America,United States,44.0,45.0,73.0,53.0,22.01,2719300.0,0.0691,1.4923,62.285,2.2054,9.7588,0.0,49.4809,1.0336,0.6841,-1.7569,9.7588,-1.118,-0.1065,-0.3671,,,,,,,,,Healthcare
HOLX,2014,Hologic Inc.,Healthcare,North America,United States,48.0,45.0,64.5,51.5,26.37,1395150.0,0.0808,2.1991,55.216,1.8811,15.8548,0.0,51.8689,1.0126,0.6447,4.473,15.8548,6.7555,0.3615,1.3889,,,,,,,,,Healthcare
HOLX,2016,Hologic Inc.,Healthcare,North America,United States,48.0,44.39,54.2,48.235,36.445,2499050.0,0.0993,1.4709,55.9395,1.5613,19.8802,0.0,55.1198,1.1675,0.5873,11.8205,19.8802,14.8046,1.1788,4.1514,,,,,,,,,Healthcare
HOLX,2017,Hologic Inc.,Healthcare,United States and Canada,United States,52.333333333333336,45.673333333333325,53.25666666666667,49.61666666666667,41.19,2346300.0,0.0993,0.8473,62.3129,1.1326,14.2662,0.0,52.0488,1.1106,0.4408,10.3002,14.2662,9.242,1.0364,2.9698,,,,,,,,,Healthcare
HOLX,2018,Hologic Inc,Healthcare,United States and Canada,United States,56.86666666666667,46.21333333333333,52.276666666666664,50.69333333333333,39.69,2086900.0,0.1162,1.2916,65.9047,1.335,16.1529,0.0,52.2571,1.0216,0.5288,11.8695,16.1529,12.5557,0.6984,4.1179,,,,,,,,,Healthcare
HOLX,2019,Hologic Inc,Healthcare,United States and Canada,United States,58.0,44.565,53.2325,50.525000000000006,47.775,1694150.0,0.1344,1.5696,66.5181,1.3873,14.6737,0.0,51.0053,1.0943,0.5591,11.016,14.6737,11.4521,,4.2364,,,,,,,,,Healthcare
HON,2010,Honeywell International Inc.,Aerospace & Defense,North America,United States,48.0,49.25,60.0,52.25,32.845,5186600.0,0.2196,1.3209,73.751,0.6927,10.3207,0.0,24.1922,1.6593,0.3745,7.1411,10.3207,9.677,1.5137,5.5131,,,,,,,,,Aerospace & Defense
HON,2011,Honeywell International Inc.,Aerospace & Defense,North America,United States,44.5,47.5,66.5,52.5,42.81,4623950.0,0.2357,1.3255,70.8152,0.693,10.3463,0.0,24.3601,1.6098,0.369,8.9148,10.3463,9.6042,1.7391,5.8299,,,,,,,,,Aerospace & Defense
HON,2012,Honeywell International Inc.,Aerospace & Defense,North America,United States,47.0,51.0,67.0,54.0,47.035,3461250.0,0.22970000000000002,1.32795,70.0338,0.6322000000000001,13.6407,0.0,26.6349,1.58615,0.33640000000000003,9.5601,13.6407,12.9624,2.2527,7.1564,,,,,,,,,Aerospace & Defense
HON,2013,Honeywell International Inc.,Aerospace & Defense,North America,United States,49.25,50.5,70.0,56.0,65.38,3049950.0,0.2286,1.3241,71.0771,0.5558,14.2887,0.0,27.5044,1.6361,0.279,10.2623,14.2887,13.8539,2.2677,6.6808,,,,,,,,,Aerospace & Defense
HON,2014,Honeywell International Inc.,Aerospace & Defense,North America,United States,50.0,52.0,68.0,56.5,80.935,2724450.0,0.2259,1.5021,69.7838,0.4882,12.0787,0.0,26.3004,1.7176,0.2537,9.3123,12.0787,12.7021,2.1452,5.4825,,,,,,,,,Aerospace & Defense
HON,2015,Honeywell International Inc.,Aerospace & Defense,North America,United States,50.0,53.0,73.75,58.25,87.32499999999999,2823150.0,0.2061,1.4345,74.3149,0.5905,17.5857,0.0,30.7053,1.5323,0.2317,12.2148,17.5857,17.0026,2.6329,6.571,,,,,,,,,Aerospace & Defense
HON,2016,Honeywell International Inc.,Aerospace & Defense,North America,United States,52.4975,48.08,67.3375,55.405,99.00999999999999,3050050.0,0.1844,1.2809,78.6408,0.807,15.6467,0.0,29.59,1.5049,0.3365,12.6479,15.6467,16.6463,2.3303,6.4426,,,,,,,,,Aerospace & Defense
HON,2017,Honeywell International Inc.,Aerospace & Defense,United States and Canada,United States,54.905,50.005,66.33,56.6225,119.68,2631300.0,0.181,1.3522,75.39,0.8034,15.2455,0.0,30.3036,1.5102,0.3554,13.2892,15.2455,17.5674,2.3992,6.4161,,,,,,,,,Aerospace & Defense
HON,2018,Honeywell International Inc,Industrial Conglomerates,United States and Canada,United States,51.15,51.64,55.45,52.400000000000006,137.35,2898200.0,0.1738,1.3752,70.8856,0.9612,15.6291,0.0,30.2683,1.5453,0.413,17.6894,15.6291,17.6791,2.3824,9.4782,,,,,,,,,Industrial Conglomerates
HON,2019,Honeywell International Inc,Industrial Conglomerates,United States and Canada,United States,52.542500000000004,51.18,58.01,53.43,162.52,2563100.0,0.1601,1.315,72.1227,0.8961,19.0631,0.0,33.5461,1.3248,0.3726,16.6721,19.0631,21.4433,,8.6157,,,,,,,,,Industrial Conglomerates
HPE,2016,Hewlett Packard Enterprise Company,Technology Hardware,United States and Canada,United States,83.41,72.32,69.71666666666665,76.10666666666667,9.864999999999998,17503200.0,0.1016,1.4612,113.428,0.4979,33.0419,0.0,35.7504,2.6046,0.3187,28.3823,33.0419,32.03,0.4125,1.0055,55123000000.0,1648000000.0,2335000000.0,,,,6911000000.0,,Technology Hardware
HPE,2017,Hewlett Packard Enterprise Company,Technology Hardware,United States and Canada,United States,83.5125,77.78750000000001,73.0,78.8825,12.25,13808900.0,0.1058,1.1533,85.6686,0.5713,2.6796,0.0,29.3995,2.3513,0.3023,2.1997,2.6796,1.6598,0.4018,0.9811,31077000000.0,2461000000.0,1946000000.0,,,,3661000000.0,,Technology Hardware
HPE,2018,Hewlett Packard Enterprise Company,Technology Hardware,United States and Canada,United States,81.68166666666667,82.84500000000001,71.5,79.54166666666667,14.6,10602300.0,0.135,1.0043,75.4229,0.5707,6.3112,0.0,30.4611,1.9484,0.2981,5.8089,6.3112,5.9892,0.7859,1.9265,30280000000.0,3161000000.0,3903000000.0,,,,5056000000.0,,Technology Hardware
HPE,2019,Hewlett Packard Enterprise Co,Technology Hardware,United States and Canada,United States,80.09,84.43,72.65,79.74333333333334,14.32,8859750.0,0.1398,0.881,81.4577,0.7201,6.0699,0.0,33.167,2.1516,0.3616,5.8601,6.0699,6.1538,0.8193,2.297,28871000000.0,344000000.0,564000000.0,,20469000000.0,14276000000.0,1335000000.0,,Technology Hardware
HPQ,2010,Hewlett-Packard Company,Technology Hardware,North America,United States,73.0,67.5,63.5,68.5,15.73,36438450.0,0.266,1.103,53.949,0.468,9.2645,0.0,23.9643,3.6621,0.2386,7.1315,9.2645,8.9695,1.8967,5.0215,118364000000.0,8329000000.0,10473000000.0,,113331000000.0,,14591000000.0,,Technology Hardware
HPQ,2011,Hewlett-Packard Company,Technology Hardware,North America,United States,85.66666666666667,79.0,73.66666666666667,80.66666666666667,12.16,40216850.0,0.2497,1.1208,61.4294,0.6552,8.0798,0.0,23.3672,3.3784,0.3267,6.1753,8.0798,7.6918,1.5418,4.911,114552000000.0,7660000000.0,10136000000.0,,114799000000.0,,13379000000.0,,Technology Hardware
HPQ,2012,Hewlett-Packard Company,Technology Hardware,North America,United States,92.0,68.8,72.2,78.8,7.04,42162650.0,0.2464,1.1184,57.47085,0.8550500000000001,-7.4289000000000005,0.0,23.1932,3.2142,0.4103,-8.9952,-7.4289000000000005,-8.11055,-1.7871890000000001,-11.979899999999999,126033000000.0,8761000000.0,11479000000.0,,124503000000.0,,,,Technology Hardware
HPQ,2013,Hewlett-Packard Company,Technology Hardware,North America,United States,92.66666666666667,64.0,69.0,77.0,8.275,34620550.0,0.2596,1.1064,58.1401,0.9908,6.6012,0.0,23.3857,3.5098,0.4067,4.8539,6.6012,6.2476,1.3138,5.1128,127245000000.0,7074000000.0,9677000000.0,,129517000000.0,,,,Technology Hardware
HPQ,2014,Hewlett-Packard Company,Technology Hardware,North America,United States,89.6,70.8,65.4,76.6,12.15,26614400.0,0.009,1.1466,0.0,0.7198,3.8679,0.0,31.8748,0.0,0.3716,-5.0385,3.8679,3.5307,-0.7354,-2.798,120357000000.0,-12650000000.0,-11057000000.0,,,,,,Technology Hardware
HPQ,2015,Hewlett-Packard Company,Technology Hardware,North America,United States,90.5,69.5,61.5,75.5,11.735,24099300.0,0.128,1.1319,105.154,0.7751,7.6828,0.0,19.7426,1.6726,0.3452,6.9083,7.6828,7.0818,0.7229,2.6979,112298000000.0,5113000000.0,7131000000.0,,,,,,Technology Hardware
HPQ,2016,HP Inc.,Technology Hardware,North America,United States,90.68333333333334,70.66,61.61666666666667,76.41000000000001,11.6,12092450.0,0.4368,0.9607,30.1657,-1.741,7.2575,0.0,18.3104,2.4539,1.3257449999999977,5.428,7.2575,8.0723,2.5859,-13.7902,56651000000.0,5013000000.0,4256000000.0,,,,12333000000.0,,Technology Hardware
HPQ,2017,HP Inc.,Technology Hardware,United States and Canada,United States,88.00999999999999,70.79,67.81666666666668,76.93666666666667,16.87,9818700.0,0.4231,0.9838,28.5245,-1.799,6.6048,0.0,18.5835,2.0511,1.3257449999999977,4.739,6.6048,6.0889,2.0053,-16.0406,51463000000.0,4554000000.0,3920000000.0,,,,7026000000.0,,Technology Hardware
HPQ,2018,HP Inc,Technology Hardware,United States and Canada,United States,95.6,80.55199999999999,69.274,83.756,21.31,8420600.0,0.4364,0.851,29.5972,-4.0656,6.47,0.0,18.4286,2.0337,1.3257449999999977,7.5555,6.47,6.5534,3.2973,-50.534578999999994,48238000000.0,2496000000.0,3549000000.0,,,,3252000000.0,,Technology Hardware
HPQ,2019,HP Inc,Technology Hardware,United States and Canada,United States,96.22,83.75999999999999,72.29,85.88,18.755000000000003,9924150.0,0.4506,0.7977,34.715,-4.306,6.6116,0.0,19.4429,2.0962,1.3257449999999977,5.5714,6.6116,3.1934,,-50.534578999999994,52056000000.0,2526000000.0,3368000000.0,,,,3677000000.0,,Technology Hardware
HRL,2010,Hormel Foods Corporation,Food Products,North America,United States,54.0,46.0,72.0,55.0,8.545,2025600.0,0.45,1.6874,19.2594,0.1517,8.3298,0.0,16.5002,1.85,0.0,4.9334,8.1259,7.7943,2.2461,3.7424,6754903000.0,285500000.0,,1061929000.0,,,271622000.0,,Food Products
HRL,2011,Hormel Foods Corporation,Food Products,North America,United States,55.25,63.25,77.75,64.0,11.774999999999999,1836700.0,0.4604,2.5678,20.77,0.094,9.1593,0.0,15.9716,1.9807000000000001,0.0858,5.5758,8.8188,8.5526,2.4869,4.1881,6533671000.0,345978000.0,528147000.0,1098871000.0,3692055000.0,,,,Food Products
HRL,2012,Hormel Foods Corporation,Food Products,North America,United States,58.0,67.0,78.0,67.0,12.29,1543500.0,0.4665,2.94725,21.049500000000002,0.08879999999999999,9.920449999999999,0.0,16.3769,1.8377,0.08155,6.20285,9.4609,9.3887,2.9653,4.5953,7220719000.0,395587000.0,624551000.0,1238742000.0,4053918000.0,,,,Food Products
HRL,2013,Hormel Foods Corporation,Food Products,North America,United States,58.0,64.0,69.0,63.0,17.825,1399600.0,0.4612,2.5884,21.3649,0.0819,9.0177,0.0,16.3889,1.8224,0.0757,5.8309,8.6835,8.5894,2.7132,4.1964,7895089000.0,474195000.0,718836000.0,1334113000.0,4244391000.0,,,,Food Products
HRL,2014,Hormel Foods Corporation,Food Products,North America,United States,63.333333333333336,66.33333333333333,68.33333333333333,65.66666666666667,22.09,1466200.0,0.4663,2.234,22.4739,0.0692,10.5784,0.0,16.6518,2.0105,0.0647,6.7327,10.3534,10.2502,3.1499,4.7576,8230670000.0,500050000.0,781192000.0,1331851000.0,4563966000.0,,,,Food Products
HRL,2015,Hormel Foods Corp.,Food Products,North America,United States,62.0,60.0,67.0,63.0,25.785,1700100.0,0.391,1.6993,23.2145,0.1087,12.5145,0.0,20.1618,1.8888,0.0597,7.7985,12.1831,12.0439,3.0529,4.6844,8751654000.0,526211000.0,805989000.0,1412816000.0,4915880000.0,,,,Food Products
HRL,2016,Hormel Foods Corp.,Food Products,North America,United States,61.831999999999994,55.672000000000004,68.64000000000001,61.072,34.47,2596700.0,0.3764,1.9274,21.4607,0.058,14.3453,0.0,22.7753,1.7665,0.0538,9.2826,13.9177,13.879,3.5249,4.9977,9316256000.0,602677000.0,931620000.0,1564983000.0,5455619000.0,,,,Food Products
HRL,2017,Hormel Foods Corp.,Food Products,United States and Canada,United States,63.598,56.45399999999999,72.0,62.842,31.82,2056400.0,0.3425,2.5258,23.1335,0.0526,13.5543,0.0,20.4953,1.7321,0.05,8.752,13.0643,13.2395,3.1302,4.4206,9263863000.0,686088000.0,1067320000.0,1808581000.0,6139831000.0,,991992000.0,,Food Products
HRL,2018,Hormel Foods Corp,Food Products,United States and Canada,United States,66.41799999999999,51.489999999999995,64.96000000000001,60.081999999999994,34.87,2572900.0,0.2988,1.6906,21.5095,0.1334,13.0071,0.0,21.1244,1.9021,0.1038,10.1857,12.658,12.7344,3.0336,4.4886,,235147000.0,,552280000.0,,,,,Food Products
HRL,2019,Hormel Foods Corp,Food Products,United States and Canada,United States,63.7175,52.27,62.3825,58.805,40.76,2275500.0,0.2955,2.1369,20.7938,0.0424,13.2745,0.0,19.737,1.82,0.0406,10.2139,12.8321,12.9399,,4.313,,846735000.0,1276742000.0,1996636000.0,6975908000.0,,1033885000.0,,Food Products
HSIC,2011,"Henry Schein, Inc.",Healthcare,North America,United States,50.5,54.5,64.5,55.5,25.994999999999997,1142100.0,0.4401,1.899,41.28945,0.1722,6.88275,0.0,27.8867,1.6502,0.1277,4.39445,6.88275,6.7469,2.1260000000000003,4.024,6538336000.0,311153000.0,464085000.0,1916820000.0,3835985000.0,,398029000.0,,Healthcare
HSIC,2012,"Henry Schein, Inc.",Healthcare,North America,United States,55.333333333333336,56.0,60.666666666666664,57.0,29.950000000000003,1077200.0,0.44625000000000004,1.8163,40.4015,0.2149,6.8668,0.0,27.955849999999998,1.52005,0.1485,4.39645,6.8668,6.724399999999999,2.1397,4.20095,7526790000.0,325789000.0,521131000.0,2170876000.0,4547471000.0,,395480000.0,,Healthcare
HSIC,2013,"Henry Schein, Inc.",Healthcare,North America,United States,54.0,56.0,54.0,55.0,38.379999999999995,863400.0,0.4492,1.828,39.1303,0.174,7.3612,0.0,27.6887,1.5219,0.139,4.5713,7.3612,7.2934,2.3513,4.6395,8530242000.0,367661000.0,582149000.0,2418055000.0,4740144000.0,,,,Healthcare
HSIC,2015,"Henry Schein, Inc.",Healthcare,North America,United States,56.5,58.0,57.5,57.5,55.695,1053400.0,0.4306,1.7361,39.856,0.2714,7.0325,0.0,27.8836,1.3623,0.1687,4.5581,7.0325,6.9038,2.1652,4.8062,9560647000.0,431554000.0,677054000.0,2656014000.0,5624636000.0,,,,Healthcare
HSIC,2016,"Henry Schein, Inc.",Healthcare,North America,United States,55.3,56.01,61.165,57.379999999999995,64.48,1207000.0,0.433,1.611,40.611,0.3681,6.8564,0.0,27.5394,1.3971,0.1983,4.4607,6.8563,6.6318,2.1902,5.0046,10371390000.0,466077000.0,715142000.0,2911315000.0,6138807000.0,,,,Healthcare
HSIC,2017,"Henry Schein, Inc.",Healthcare,United States and Canada,United States,56.3,59.33,57.25,57.95,66.43,1178100.0,0.4222,1.552,41.4503,0.5154,6.7555,0.0,26.4483,1.3739,0.2311,4.3666,6.7555,6.4762,2.0162,4.9979,10629719000.0,479058000.0,733972000.0,3006954000.0,6534740000.0,,615500000.0,,Healthcare
HSIC,2018,"Henry Schein, Inc.",Healthcare,United States and Canada,United States,56.199999999999996,57.74,61.723333333333336,58.54999999999999,59.61,1703900.0,0.2909,1.2971,60.6636,0.6315,6.3902,0.0,30.6661,0.845,0.2265,5.378,6.3902,5.6402,1.4494,3.5261,11571668000.0,506778000.0,771574000.0,3226473000.0,6811763000.0,,642576000.0,,Healthcare
HST,2010,"Host Hotels & Resorts, Inc.",Real Estate,North America,United States,35.0,45.0,57.0,45.0,10.575,9104400.0,0.093,0.0,0.0,0.885,6.1033,0.0,0.0,0.0,0.4695,-0.4024,6.1033,-0.939,-0.0322,-0.0632,5119000000.0,,380000000.0,,,,,,Real Estate
HST,2011,"Host Hotels & Resorts, Inc.",Real Estate,North America,United States,46.0,50.0,59.0,51.5,12.015,7952250.0,0.09315000000000001,0.0,0.0,0.857,6.1568000000000005,0.0,0.0,0.0,0.4615,-0.8899000000000001,6.1568000000000005,-1.0946500000000001,-0.13285,-0.24974999999999997,4135000000.0,,-236000000.0,,,,,,Real Estate
HST,2012,"Host Hotels & Resorts, Inc.",Real Estate,North America,United States,58.0,52.0,57.0,56.0,11.515,7585100.0,0.09645000000000001,0.0,0.0,0.7907,5.861599999999999,0.0,0.0,0.0,0.44155,0.34324999999999994,5.861599999999999,-0.44520000000000015,-0.1341,-0.252,4361000000.0,,-158000000.0,,,,,,Real Estate
HST,2013,"Host Hotels & Resorts, Inc.",Real Estate,North America,United States,58.0,56.5,60.5,57.5,13.425,6200450.0,0.1039,0.0,0.0,0.6548,10.3604,0.0,0.0,0.0,0.3957,8.5061,10.3604,4.5045,0.4526,0.7987,4714000000.0,-15000000.0,309000000.0,,,,662000000.0,,Real Estate
HST,2014,"Host Hotels & Resorts, Inc.",Real Estate,North America,United States,64.0,61.0,74.0,66.0,17.995,5867050.0,0.1057,0.0,0.0,0.5371,10.3341,0.0,0.0,0.0,0.3494,19.7358,10.3341,19.3473,2.0703,3.4202,5059000000.0,61000000.0,362000000.0,,,,781000000.0,,Real Estate
HST,2015,Host Hotels & Resorts Inc.,Real Estate,North America,United States,72.0,60.5,76.0,70.0,16.0,7408700.0,0.1138,0.0,0.0,0.5581,10.7843,0.0,0.0,0.0,0.3582,12.2926,10.7843,12.1418,1.4156,2.3226,5166000000.0,317000000.0,512000000.0,,,,1019000000.0,,Real Estate
HST,2016,Host Hotels & Resorts Inc.,Real Estate,North America,United States,72.7475,56.370000000000005,73.655,68.1075,13.565000000000001,9329350.0,0.1172,0.0,0.0,0.5188,11.2192,0.0,0.0,0.0,0.3416,9.4241,11.2192,9.807,1.122,1.82,5321000000.0,732000000.0,694000000.0,,,,1140000000.0,,Real Estate
HST,2017,Host Hotels & Resorts Inc.,Real Estate,United States and Canada,United States,76.22999999999999,68.364,74.25399999999999,73.27799999999999,16.33,6520700.0,0.1149,0.0,0.0,0.559,10.1276,0.0,0.0,0.0,0.3586,8.2935,10.1276,11.7225,0.892,1.4772,5350000000.0,558000000.0,631000000.0,,,,1160000000.0,,Real Estate
HST,2018,"Host Hotels & Resorts, Inc.",Real Estate,United States and Canada,United States,78.26,63.12,72.435,71.97,18.44,6358800.0,0.1126,0.0,0.0,0.5516,13.8134,0.0,0.0,0.0,0.3555,22.263,13.8134,28.8758,2.122,4.0444,5430000000.0,762000000.0,684000000.0,,,,1302000000.0,,Real Estate
HST,2019,"Host Hotels & Resorts, Inc.",Real Estate,United States and Canada,United States,72.83,59.17,71.055,68.2,17.08,6572500.0,0.1084,0.0,0.0,0.518,12.4438,0.0,0.0,0.0,0.3412,19.2852,12.4438,20.6339,,3.8801,5387000000.0,564000000.0,676000000.0,,,,1230000000.0,,Real Estate
HSY,2010,The Hershey Company,Food Products,North America,United States,52.666666666666664,39.333333333333336,73.0,52.333333333333336,36.879999999999995,1494650.0,0.347,1.5438,23.675,1.9489,15.3689,0.0,42.3511,1.5001,0.6218,9.1389,15.3689,13.5045,3.1716,14.4532,5132768000.0,311405000.0,492022000.0,589098000.0,,,519561000.0,227035071.0,Food Products
HSY,2011,The Hershey Company,Food Products,North America,United States,51.0,38.0,73.66666666666667,51.333333333333336,45.28,1148400.0,0.36245000000000005,1.5829,23.94305,1.7551,17.4558,0.0,41.8767,1.4423499999999998,0.6109,10.023800000000001,17.4558,15.792349999999999,3.50285,16.87445,5298668000.0,435994000.0,,655220000.0,,,,227998276.0,Food Products
HSY,2012,The Hershey Company,Food Products,North America,United States,64.0,55.666666666666664,69.0,61.833333333333336,57.455,980750.0,0.36850000000000005,1.4418000000000002,24.91115,1.9050500000000001,16.4943,0.0,43.02445,1.3819,0.5983499999999999,9.85495,16.4943,14.93145,3.441,16.0109,5671009000.0,509799000.0,808864000.0,743396000.0,,,901423000.0,227030232.0,Food Products
HSY,2013,The Hershey Company,Food Products,North America,United States,70.0,57.0,69.0,65.0,75.82499999999999,820900.0,0.3651,1.8436,21.987,1.4115,17.8266,0.0,46.1491,1.3091,0.5708,10.5736,17.8266,16.4283,3.4732,14.2195,1853886000.0,628962000.0,962845000.0,855551000.0,,,587867000.0,225205918.0,Food Products
HSY,2014,The Hershey Company,Food Products,North America,United States,71.33333333333333,62.666666666666664,71.33333333333333,68.0,83.18,926400.0,0.3575,1.1609,26.7283,1.4332,17.5472,0.0,44.132,1.4019,0.5037,10.0749,17.5472,15.9982,3.6015,13.327,6644252000.0,660931000.0,1707506000.0,855551000.0,,,1094827000.0,223786030.0,Food Products
HSY,2015,Hershey Co.,Food Products,North America,United States,79.0,61.0,71.0,70.0,81.31,1097950.0,0.3482,0.9884,28.2401,2.3108,15.4538,0.0,45.4954,1.3136,0.5978,7.8933,15.4538,12.5786,2.7487,16.5155,7146079000.0,820470000.0,1338051000.0,871490000.0,,,1191399000.0,223894721.0,Food Products
HSY,2016,Hershey Co.,Food Products,North America,United States,79.02250000000001,58.19,72.465,69.05,86.315,1142150.0,0.3427,0.9515,26.5738,3.6006,16.0449,0.0,42.4691,1.3664,0.7149,8.9124,16.0449,14.2456,2.6216,18.8413,7421768000.0,846912000.0,1392261000.0,3336166000.0,,,844377000.0,221044958.0,Food Products
HSY,2017,The Hershey Company,Food Products,United States and Canada,United States,75.86,57.75666666666666,72.14999999999999,67.69,99.27,916500.0,0.3492,0.9641,27.2956,3.4159,19.272,0.0,46.0524,1.162,0.71,12.2371,19.272,16.9043,3.768,23.3024,7386626000.0,512951000.0,1037759000.0,3382675000.0,,,1256311000.0,216777360.0,Food Products
HSY,2018,The Hershey Company,Food Products,United States and Canada,United States,74.24249999999999,59.06,70.225,67.1625,94.08,1118000.0,0.2581,0.9407,26.8993,3.7672,19.5357,0.0,45.2965,1.3296,0.7226,12.9512,19.5357,17.1598,3.387,21.2454,7440181000.0,720044000.0,1255173000.0,3169539000.0,,,1013428000.0,212259735.0,Food Products
HSY,2019,The Hershey Company,Food Products,United States and Canada,United States,72.67999999999999,56.21666666666667,68.29,64.99333333333333,133.815,1073650.0,0.2522,0.8769,27.437,2.4512,21.5897,0.0,44.1955,1.2291,0.6317,15.241,21.5897,19.0853,,18.4596,7515426000.0,782981000.0,1313409000.0,3455376000.0,,,1249515000.0,210860817.0,Food Products
HUM,2010,Humana Inc.,Healthcare,North America,United States,42.0,53.0,63.0,52.0,44.58,1894550.0,0.5139,1.7988,10.4295,0.2953,6.544,0.0,20.0268,0.0,0.1942,3.9593,6.544,6.2387,2.1674,5.249,28946372000.0,647154000.0,1073137000.0,,,,982310000.0,,Healthcare
HUM,2011,Humana Inc.,Healthcare,North America,United States,54.0,51.0,65.0,55.333333333333336,69.615,1595800.0,0.5114,1.7745000000000002,10.2761,0.2487,7.8056,0.0,22.0186,0.0,0.1745,4.7844,7.8056,7.5153,2.2362,5.663,30743000000.0,1040000000.0,1708000000.0,,,,1422000000.0,,Healthcare
HUM,2012,Humana Inc.,Healthcare,North America,United States,65.0,50.5,64.0,57.5,71.27000000000001,1567450.0,0.48605,1.7277,7.617800000000001,0.2221,6.0831,0.0,21.2307,0.0,0.1606,3.6705,6.0831,5.815,1.707,4.2105,33596000000.0,1099000000.0,1854000000.0,,,,2242000000.0,,Healthcare
HUM,2013,Humana Inc.,Healthcare,North America,United States,68.0,61.0,64.0,63.5,80.105,1371500.0,0.4937,1.9192,8.3931,0.3055,6.018,0.0,21.6064,0.0,0.2182,3.5662,6.018,5.6788,1.7605,3.8309,36832000000.0,1419000000.0,2344000000.0,,,,2079000000.0,,Healthcare
HUM,2015,Humana Inc.,Healthcare,North America,United States,69.25,59.0,74.25,66.25,171.92,1104700.0,0.5414,1.9273,7.8205,0.4247,4.1727,0.0,18.06,0.0,0.2696,2.3498,4.1727,4.8492,1.2924,3.0329,41313000000.0,1231000000.0,2061000000.0,,,,1716000000.0,,Healthcare
HUM,2016,Humana Inc.,Healthcare,North America,United States,70.35,54.4525,77.15,65.235,171.435,966900.0,0.5071,1.7854,8.9455,0.3941,4.8761,0.0,17.8339,0.0,0.2586,2.2203,4.8761,4.5406,1.1419,2.86,48500000000.0,1147000000.0,2362000000.0,,,,1618000000.0,,Healthcare
HUM,2017,Humana Inc.,Healthcare,United States and Canada,United States,69.725,47.285,66.44999999999999,58.6475,229.52,1217500.0,0.4196,1.6467,6.2476,0.4654,6.4599,0.0,19.5434,0.0,0.2809,3.757,6.4599,6.0157,1.5141,4.451,54289000000.0,1276000000.0,2347000000.0,,,,868000000.0,,Healthcare
HUM,2018,Humana Inc.,Healthcare,United States and Canada,United States,72.3175,48.23,63.165,58.7375,294.45,721500.0,0.5168,1.6819,6.7281,0.5137,6.0453,0.0,19.3041,0.0,0.3107,2.5056,6.0453,3.0774,1.4677,3.4938,54379000000.0,1115000000.0,1741000000.0,,,,1936000000.0,,Healthcare
HUM,2019,Humana Inc.,Healthcare,United States and Canada,United States,72.23,49.51,61.34,58.74,275.875,1062400.0,0.5605,1.8197,5.0083,0.4995,5.3445,0.0,17.7575,0.0,0.2921,4.2424,5.3445,5.4676,,5.9391,53767000000.0,2448000000.0,4262000000.0,,,,4051000000.0,,Healthcare
IBM,2010,International Business Machines Corporation,Software & Services,North America,United States,81.5,66.5,78.0,74.5,90.555,6015900.0,0.2294,1.2547,38.6609,1.2353,18.0792,0.0,45.5615,5.0475,0.4948,14.7872,18.0792,19.2843,3.3488,16.0524,103630000000.0,12334000000.0,16715000000.0,45661000000.0,109524000000.0,,18812000000.0,,Software & Services
IBM,2011,International Business Machines Corporation,Software & Services,North America,United States,81.66666666666667,72.33333333333333,77.33333333333333,76.0,121.02000000000001,5132150.0,0.2374,1.209,38.6421,1.3478,18.9815,0.0,46.5382,5.472300000000001,0.5184,14.6768,18.9815,19.2186,3.485,17.1552,95758000000.0,13425000000.0,18138000000.0,43785000000.0,109022000000.0,,,,Software & Services
IBM,2012,International Business Machines Corporation,Software & Services,North America,United States,86.0,77.66666666666667,67.66666666666667,78.0,142.42,3640550.0,0.2202,1.2185000000000001,42.0303,1.5655999999999999,18.0867,0.0,47.519999999999996,4.97725,0.5464,15.252500000000001,18.0867,20.2603,3.3557,18.259,99870000000.0,14833000000.0,19723000000.0,46014000000.0,113452000000.0,,,,Software & Services
IBM,2013,International Business Machines Corporation,Software & Services,North America,United States,86.0,73.0,61.0,74.0,143.19,3656650.0,0.2115,1.2119,43.9637,1.8083,20.6273,0.0,48.9716,5.3043,0.589,17.3151,20.6273,21.3043,3.5122,20.6867,106916000000.0,15855000000.0,21003000000.0,50138000000.0,116433000000.0,,,,Software & Services
IBM,2014,International Business Machines Corporation,Software & Services,North America,United States,85.5,77.0,58.0,74.5,124.16,4074850.0,0.2056,1.197,44.7742,3.3895,22.8425,0.0,53.3405,5.35,0.7444,22.7388,22.8425,29.4198,4.7028,45.901,102874000000.0,16604000000.0,22540000000.0,50361000000.0,119213000000.0,,,,Software & Services
IBM,2015,International Business Machines Corp.,Software & Services,North America,United States,84.66666666666667,81.0,58.0,76.0,122.16999999999999,3924500.0,0.1846,1.2484,41.6297,2.7945,18.7911,0.0,49.9207,6.1029,0.7049,16.5714,18.7911,20.295,3.1279,25.4842,98367000000.0,16483000000.0,20244000000.0,48684000000.0,125641000000.0,,,,Software & Services
IBM,2016,International Business Machines Corp.,Software & Services,North America,United States,85.33833333333332,74.41833333333334,58.18333333333334,73.635,125.455,3580000.0,0.1714,1.2099,42.8982,2.4758,15.0005,0.0,47.9395,6.2528,0.6745,14.8393,15.0005,16.9718,2.4687,16.6327,92793000000.0,12022000000.0,19986000000.0,46407000000.0,117271000000.0,,16868000000.0,,Software & Services
IBM,2017,International Business Machines Corp.,Software & Services,United States and Canada,United States,86.015,74.56,60.8,74.56,131.71,3666000.0,0.1601,1.3311,42.6482,2.463,16.1071,0.0,46.8908,6.4345,0.6766,12.0846,16.1071,16.0027,1.9354,12.5748,81741000000.0,13190000000.0,15945000000.0,40684000000.0,110495000000.0,,17255000000.0,,Software & Services
IBM,2018,International Business Machines Corp,Software & Services,United States and Canada,United States,87.27,74.05,59.85,74.47,129.44,4336700.0,0.1645,1.3105,37.6104,2.4398,17.0026,0.0,46.9343,6.2021,0.6699,12.0182,17.0026,15.9736,1.975,12.8807,79919000000.0,11872000000.0,12330000000.0,38516000000.0,117470000000.0,,17084000000.0,,Software & Services
IBM,2019,International Business Machines Corp,Software & Services,United States and Canada,United States,87.685,71.16,63.25,74.145,127.65,3263500.0,0.1239,1.0871,43.078,3.6653,11.2103,0.0,47.0226,5.8166,0.7616,13.0369,11.2103,14.446,,14.0583,79139000000.0,5753000000.0,11400000000.0,36943000000.0,125356000000.0,,16724000000.0,,Software & Services
ICE,2010,"Intercontinental Exchange, Inc.",Diversified Financials,North America,United States,53.0,41.0,60.0,51.0,20.0,4055500.0,0.0107,1.0194,41.3121,0.2054,53.097118999999736,0.0,97.2785,0.0,0.1207,34.3361,53.097118999999736,52.5154,0.3735,3.6717,,,,,,,,,Diversified Financials
ICE,2011,"Intercontinental Exchange, Inc.",Diversified Financials,North America,United States,54.333333333333336,45.0,59.666666666666664,53.0,21.99,3149500.0,0.009,1.0204,42.05,0.1998,53.097118999999736,0.0,97.4224,0.0,0.1094,38.9013,53.097118999999736,55.153459999999995,0.3611,4.25365,,,,,,,,,Diversified Financials
ICE,2012,"Intercontinental Exchange, Inc.",Diversified Financials,North America,United States,54.0,53.0,57.5,54.5,23.855,2674500.0,0.009,1.03445,42.7697,0.2531,53.097118999999736,0.0,97.57745,0.0,0.1925,40.5592,53.097118999999736,55.153459999999995,0.36250000000000004,3.99165,,,,,,,,,Diversified Financials
ICE,2013,"Intercontinental Exchange, Inc.",Diversified Financials,North America,United States,48.5,54.0,46.0,50.0,32.230000000000004,3323250.0,0.009,1.0282,46.8176,0.207,53.097118999999736,0.0,97.8495,0.0,0.1627,41.3979,53.097118999999736,55.153459999999995,0.2966,3.5621,1327000000.0,510000000.0,793000000.0,,,,713000000.0,,Diversified Financials
ICE,2014,"Intercontinental Exchange, Inc.",Diversified Financials,North America,United States,62.0,58.0,53.0,57.0,40.43,3655000.0,0.0117,0.996,57.15,0.3451,50.0,0.0,96.125,0.0,0.1528,36.0,50.0,51.5,0.4307,2.3725,1363000000.0,552000000.0,827000000.0,,,,733000000.0,,Diversified Financials
ICE,2015,"Intercontinentalexchange Group, Inc",Diversified Financials,North America,United States,59.0,54.5,50.0,54.0,43.215,3116750.0,0.0124,0.9902,61.0916,0.2829,53.097118999999736,0.0,95.7714,0.0,0.1537,37.5,53.097118999999736,49.9373,0.4707,2.5061,1730000000.0,254000000.0,790000000.0,,,,714000000.0,,Diversified Financials
ICE,2016,"Intercontinentalexchange Group, Inc",Diversified Financials,North America,United States,49.355000000000004,52.92,49.44,50.605000000000004,49.44,3266500.0,0.0141,0.9843,65.872,0.4056,48.8043,0.0,96.8723,0.0,0.2329,31.6209,48.8043,45.7042,0.4587,2.3296,4352000000.0,981000000.0,1448000000.0,,,,1463000000.0,,Diversified Financials
ICE,2017,"Intercontinental Exchange, Inc.",Diversified Financials,United States and Canada,United States,48.495,52.625,53.14,51.584999999999994,61.7,2443300.0,0.0146,0.9935,70.445,0.3701,51.6579,0.0,97.3822,0.0,0.2008,35.5085,51.6579,49.1274,0.5316,2.68,3338000000.0,1274000000.0,1750000000.0,,,,1311000000.0,,Diversified Financials
ICE,2018,Intercontinental Exchange Inc,Diversified Financials,United States and Canada,United States,50.97,50.57,55.125,52.415,71.93,2487000.0,0.0141,1.0038,75.7705,0.4318,51.682,0.0,97.3333,0.0,0.2736,38.1667,51.682,49.0369,0.5577,2.759,5971000000.0,1430000000.0,2172000000.0,,,,2149000000.0,,Diversified Financials
ICE,2019,Intercontinental Exchange Inc,Diversified Financials,United States and Canada,United States,52.61,53.45,56.2,54.24,86.235,2310800.0,0.014,1.0038,71.1377,0.4547,52.3883,0.0,97.7658,0.0,0.2743,36.3636,52.3883,47.9042,,2.7878,5843000000.0,2526000000.0,2379000000.0,,,,2085000000.0,,Diversified Financials
IDXX,2010,"IDEXX Laboratories, Inc.",Healthcare,North America,United States,46.0,46.0,58.0,50.0,30.25,456200.0,0.3163,1.5868,40.2067,0.2385,18.4751,0.0,52.7419,1.0833,0.0066,12.8674,18.4751,18.2707,4.0551,6.3505,1024030000.0,116169000.0,172456000.0,529766000.0,,,143308000.0,,Healthcare
IDXX,2012,"IDEXX Laboratories, Inc.",Healthcare,North America,United States,44.0,46.0,58.0,49.0,44.709999999999994,495900.0,0.29679999999999995,1.3487,39.8953,0.39935,19.942,0.0,54.126099999999994,1.04935,0.00315,13.5836,19.942,19.8152,3.9250999999999996,7.0641,1103392000.0,141284000.0,203881000.0,578623000.0,,,178833000.0,,Healthcare
IDXX,2014,"IDEXX Laboratories, Inc.",Healthcare,North America,United States,44.0,46.0,60.0,50.0,73.555,855900.0,0.2543,0.9251,38.9653,7.6453,9.8878,0.0,51.7575,1.0589,0.7485,7.3761,9.8878,8.4845,1.8748,22.0693,1293338000.0,178267000.0,262563000.0,699148000.0,,,222408000.0,,Healthcare
IDXX,2016,"IDEXX Laboratories, Inc.",Healthcare,North America,United States,48.5,45.31666666666666,59.5,50.36666666666667,92.965,544300.0,0.2988,0.998,41.0947,-8.848264,19.7318,0.0,55.0358,1.1965,1.0144,12.5929,19.7318,18.1848,3.7625,-48.3962,1485807000.0,181906000.0,260255000.0,816116000.0,,,,,Healthcare
IDXX,2017,"IDEXX Laboratories, Inc.",Healthcare,United States and Canada,United States,55.43333333333334,46.416666666666664,55.026666666666664,51.25333333333333,156.38,525100.0,0.2954,0.946,41.7384,-8.848264,20.4102,0.0,55.6942,1.2742,1.0975,14.3322,20.4102,18.7101,4.2241,-50.534578999999994,1601892000.0,192078000.0,299912000.0,890270000.0,,,,,Healthcare
IDXX,2018,"IDEXX Laboratories, Inc.",Healthcare,United States and Canada,United States,55.9,46.32,53.67,50.92,204.16,475400.0,0.3574,0.9271,41.0693,-8.848264,21.5144,0.0,56.0352,1.407,1.0156,17.0962,21.5144,19.9907,6.0889,-50.534578999999994,1775423000.0,222045000.0,350239000.0,975436000.0,1741691000.0,1800509000.0,,,Healthcare
IFF,2010,International Flavors & Fragrances Inc.,Chemicals,North America,United States,42.0,56.0,55.0,50.0,37.614999999999995,486700.0,0.2351,2.0636,64.5568,0.9976,16.1897,0.0,42.337,0.7703,0.4602,10.0859,16.1897,14.0632,2.4626,7.9186,2389372000.0,229628000.0,283922000.0,,,,220613000.0,,Chemicals
IFF,2011,International Flavors & Fragrances Inc.,Chemicals,North America,United States,38.75,56.75,58.75,50.0,48.455,702100.0,0.23975000000000002,2.3332,65.7515,0.8081,17.25235,0.0,39.0004,0.7589,0.3923,11.08445,17.25235,15.209900000000001,2.6584000000000003,6.63575,2326158000.0,195526000.0,340288000.0,,,,291637000.0,,Chemicals
IFF,2012,International Flavors & Fragrances Inc.,Chemicals,North America,United States,47.0,58.0,61.0,54.5,49.09,458850.0,0.23375,2.5399000000000003,66.0552,0.7225,18.3426,0.0,41.9929,0.755,0.3879,10.70785,18.3426,16.9884,2.39415,6.0935500000000005,2622862000.0,263557000.0,416361000.0,,,,315136000.0,,Chemicals
IFF,2013,International Flavors & Fragrances Inc.,Chemicals,North America,United States,59.5,66.5,68.0,64.0,68.825,293250.0,0.2233,2.9497,65.0943,0.6486,18.7948,0.0,43.8399,0.8006,0.3934,13.3439,18.7948,18.0509,2.9793,6.8804,2788018000.0,266866000.0,427729000.0,,,,189190000.0,,Chemicals
IFF,2014,International Flavors & Fragrances Inc.,Chemicals,North America,United States,65.0,68.0,68.0,66.66666666666667,87.375,457100.0,0.2164,3.2961,58.7755,0.6189,17.2683,0.0,43.3789,0.7527,0.3802,11.9215,17.2683,15.5525,2.5793,5.9195,2821446000.0,254134000.0,486618000.0,1175534000.0,,,323796000.0,,Chemicals
IFF,2015,International Flavors & Fragrances Inc.,Chemicals,North America,United States,65.0,64.0,66.0,65.0,102.19999999999999,397700.0,0.1956,2.3843,67.0047,0.6694,19.3893,0.0,44.954,0.7091,0.3782,13.7288,19.3893,17.8463,2.7213,6.4779,2952896000.0,353544000.0,516339000.0,1284205000.0,,,407562000.0,,Chemicals
IFF,2016,International Flavors & Fragrances Inc.,Chemicals,North America,United States,64.68,63.3,68.05,65.035,113.69,492100.0,0.1898,2.1696,68.0008,0.8125,16.0136,0.0,44.5647,0.7361,0.3954,11.5543,16.0136,14.5933,2.1912,5.2866,3088533000.0,414543000.0,592321000.0,1362150000.0,,,518390000.0,,Chemicals
IFF,2017,International Flavors & Fragrances Inc.,Chemicals,United States and Canada,United States,70.97333333333334,63.81,70.79,68.42,125.88,372000.0,0.1858,2.467,71.0627,0.9703,17.0688,0.0,43.5767,0.7678,0.4914,12.631,17.0688,16.1897,2.3771,6.256,3023189000.0,419247000.0,588347000.0,1351599000.0,,,467315000.0,,Chemicals
IFF,2018,International Flavors & Fragrances Inc,Chemicals,United States and Canada,United States,79.94,69.49,71.225,74.10499999999999,129.4,619000.0,0.0946,2.8977,69.528,0.9815,16.7942,0.0,43.3381,0.7045,0.4944,10.5467,16.7942,11.0961,2.1215,2.3704,3116350000.0,405031000.0,552955000.0,1395563000.0,,,550139000.0,,Chemicals
IFF,2019,International Flavors & Fragrances Inc,Chemicals,United States and Canada,United States,80.25,69.49,67.95,73.41499999999999,129.35000000000002,881300.0,0.0968,2.0522,66.9458,0.7241,14.5709,0.0,42.0634,0.6519,0.3978,10.0307,14.5709,12.3775,,2.1396,3398719000.0,295665000.0,552630000.0,1472463000.0,,,390756000.0,,Chemicals
ILMN,2010,Illumina Inc.,Pharmaceuticals,North America,United States,54.5,34.0,60.0,47.5,43.625,1144400.0,0.1376,2.2788,62.8034,0.2762,24.1605,0.0,66.2196,0.6165,0.0,14.7112,24.1605,21.9459,2.0546,3.1988,573225000.0,39416000.0,80457000.0,353094000.0,,,87882000.0,,Pharmaceuticals
ILMN,2011,Illumina Inc.,Pharmaceuticals,North America,United States,50.0,37.0,62.5,47.5,65.93,1736100.0,0.1139,5.3839500000000005,62.5812,0.7509,15.6111,0.0,66.99090000000001,0.6172,0.4249,8.5567,15.6111,11.8009,0.9385,1.9459,666324000.0,72281000.0,125597000.0,453875000.0,,,172191000.0,,Pharmaceuticals
ILMN,2012,Illumina Inc.,Pharmaceuticals,North America,United States,52.5,49.0,59.0,52.5,46.765,1393000.0,0.119,5.5638,64.64359999999999,0.69015,17.0754,0.0,68.5173,0.6546,0.3977,10.00595,17.0754,15.01585,1.17935,2.3462,902741000.0,124891000.0,211654000.0,601540000.0,,,272573000.0,,Pharmaceuticals
ILMN,2013,Illumina Inc.,Pharmaceuticals,North America,United States,54.333333333333336,78.66666666666667,61.666666666666664,67.33333333333333,74.17500000000001,1039550.0,0.1266,3.9305,55.5221,0.6253,17.3381,0.0,64.5515,0.8312,0.3767,10.3663,17.3381,14.262,1.2708,2.5837,1055535000.0,86628000.0,199461000.0,709098000.0,,,358140000.0,,Pharmaceuticals
ILMN,2014,Illumina Inc.,Pharmaceuticals,North America,United States,53.0,74.0,62.0,64.5,186.36,1143900.0,0.1534,2.6166,50.8437,0.8826,39.5963,0.0,75.1274,0.6667,0.4028,29.9154,39.5963,37.4842,4.5897,10.4786,1148516000.0,151254000.0,200752000.0,773528000.0,,,291873000.0,,Pharmaceuticals
ILMN,2015,Illumina Inc.,Pharmaceuticals,North America,United States,53.0,62.333333333333336,60.0,59.333333333333336,193.535,1268600.0,0.1474,3.4346,61.506,0.5951,25.5841,0.0,69.7776,0.6961,0.3546,18.9565,25.5841,23.4279,2.8059,5.6997,1421178000.0,125308000.0,134107000.0,911887000.0,,,386421000.0,,Pharmaceuticals
ILMN,2016,Illumina Inc.,Pharmaceuticals,North America,United States,50.504000000000005,45.294,59.236000000000004,50.760000000000005,148.695,1101100.0,0.1446,3.6222,55.872,0.5261,26.5239,0.0,70.1812,0.5797,0.3175,20.0323,26.5239,25.3707,2.7674,5.0438,1861358000.0,353351000.0,514711000.0,1297710000.0,3339640000.0,,501271000.0,,Pharmaceuticals
ILMN,2017,Illumina Inc.,Pharmaceuticals,United States and Canada,United States,53.75,50.519999999999996,56.682,53.178,180.65,828700.0,0.1415,3.9946,48.2773,0.4781,25.3501,0.0,67.507,0.7095,0.3007,19.3354,25.3501,24.5098,2.4702,4.4199,2220000000.0,462000000.0,613000000.0,1549000000.0,3688000000.0,,786000000.0,,Pharmaceuticals
ILMN,2018,"Illumina, Inc.",Pharmaceuticals,United States and Canada,United States,64.19,61.4,54.165,59.93,287.24,809000.0,0.1262,2.4889,45.6858,0.5194,27.3494,0.0,69.2771,0.7044,0.188,24.1936,27.3494,27.1981,3.4182,5.2309,2398000000.0,463000000.0,587000000.0,1666000000.0,4281000000.0,,779000000.0,,Pharmaceuticals
ILMN,2019,"Illumina, Inc.",Pharmaceuticals,United States and Canada,United States,63.03666666666667,65.55,51.703333333333326,60.76666666666666,305.90999999999997,849050.0,0.1279,6.7909,53.6825,0.2548,28.1513,0.0,69.5378,0.631,0.2031,25.7993,28.1513,29.7685,,5.2715,2752000000.0,726000000.0,606000000.0,1826000000.0,5257000000.0,,875000000.0,,Pharmaceuticals
INCY,2014,Incyte Corporation,Pharmaceuticals,North America,United States,42.0,42.0,63.0,48.0,70.33,1141850.0,0.1557,3.0741,42.057,-8.2713,-19.840792999999998,0.0,98.0415,6.7821,1.1606,-21.290181999999994,-19.840792999999998,-25.906755999999998,-1.7871890000000001,45.2591,297059000.0,,1148000.0,,,,,,Pharmaceuticals
INCY,2015,Incyte Corporation,Pharmaceuticals,North America,United States,54.0,37.0,53.0,46.0,106.2,1213250.0,0.2013,4.8639,41.719,7.0313,-0.0538,0.0,96.021,3.3114,0.8755,5.7024,-0.0538,5.7858,0.999,16.8449,354947000.0,,-16102000.0,,,,,,Pharmaceuticals
INCY,2016,Incyte Corporation,Pharmaceuticals,North America,United States,51.00666666666666,36.76,55.76,46.02,81.58500000000001,1255950.0,0.1745,3.686,43.9274,1.7391,12.8877,0.0,93.9938,4.7759,0.6349,13.6851,12.8877,14.2139,2.3881,9.9671,511495000.0,,-4804000.0,,,,,,Pharmaceuticals
INCY,2017,Incyte Corporation,Pharmaceuticals,United States and Canada,United States,49.47666666666667,36.18,65.11666666666666,48.18666666666667,121.95,1523600.0,0.1929,4.0087,46.7876,0.0147,2.2237,0.0,94.2244,6.7574,0.0133,-3.8242,2.2237,-2.8746,-0.7615,-1.2158,753751000.0,,50651000.0,,,,89408000.0,,Pharmaceuticals
INCY,2018,Incyte Corporation,Pharmaceuticals,United States and Canada,United States,51.21,36.22,64.52,48.46,68.58,1554500.0,0.1997,4.3084,52.3916,0.0138,15.5138,0.0,95.0102,4.1373,0.0095,10.0465,15.5138,10.356,1.1578,3.0234,1105719000.0,104222000.0,144998000.0,,,,304756000.0,,Pharmaceuticals
INCY,2019,Incyte Corporation,Pharmaceuticals,United States and Canada,United States,52.55666666666667,36.97666666666667,63.916666666666664,48.95333333333334,81.655,1178800.0,0.1716,5.0242,47.9692,0.0209,18.6084,0.0,94.451,4.0788,0.0201,19.8739,18.6084,21.7477,,4.6867,1536216000.0,52394000.0,-243387000.0,,,,-92988000.0,,Pharmaceuticals
INFO,2016,IHS Inc.,Commercial Services,United States and Canada,United States,62.38,45.44,62.4,56.45,34.575,1103400.0,0.0506,0.6571,50.7232,0.3873,9.5749,0.0,63.8884,0.0,0.2713,8.5048,14.4582,9.2171,0.0,0.0,,,,,,,,,Commercial Services
INFO,2017,IHS Inc.,Commercial Services,United States and Canada,United States,56.065,57.739999999999995,61.15,57.92,43.57,1812700.0,0.0645,0.5325,69.1077,0.5237,15.4652,0.0,62.7304,0.0,0.3103,11.1887,15.4652,11.0032,0.7221,1.313,,,,,,,,,Commercial Services
INFO,2018,IHS Markit Ltd.,Commercial Services,Europe,United Kingdom,64.33333333333333,59.22333333333333,59.26666666666667,61.28,50.32,1779300.0,0.0665,0.4738,66.8299,0.7081,16.014,0.0,62.5075,0.0,0.3787,10.4396,16.014,11.1489,0.6386,1.3115,,,,,,,,,Commercial Services
INFO,2019,IHS Markit Ltd,Commercial Services,Europe,United Kingdom,69.13,59.55,59.1,63.27,62.55,1569750.0,0.0699,0.6641,71.2443,0.6135,22.0457,0.0,62.3074,0.0,0.3685,13.1924,22.0457,16.1907,0.9287,1.7755,,,,,,,,,Commercial Services
INTC,2010,Intel Corporation,Semiconductors,North America,United States,76.0,77.0,84.0,78.5,15.125,60981850.0,0.1832,3.3381,22.5216,0.0489,36.981,0.0,65.9431,1.0783,0.0417,26.8184,36.981,38.2904,5.0042,6.2979,37586000000.0,5292000000.0,8954000000.0,20844000000.0,,,10926000000.0,,Semiconductors
INTC,2011,Intel Corporation,Semiconductors,North America,United States,82.0,76.33333333333333,90.0,82.33333333333333,16.365000000000002,55126800.0,0.1972,2.2312,23.90835,0.1549,33.1173,0.0,63.3598,1.273,0.133,24.2806,33.1173,33.5272,4.77255,7.3185,35127000000.0,4369000000.0,5711000000.0,19561000000.0,,,11170000000.0,,Semiconductors
INTC,2012,Intel Corporation,Semiconductors,North America,United States,87.0,84.6,84.6,85.4,20.16,39361250.0,0.1808,2.28005,25.96705,0.1473,28.46295,0.0,63.31695,1.0088,0.127,21.07705,28.46295,29.13795,3.9073,5.82545,43623000000.0,11464000000.0,15588000000.0,28491000000.0,,,16692000000.0,,Semiconductors
INTC,2014,Intel Corporation,Semiconductors,North America,United States,84.5,88.5,87.0,86.0,28.994999999999997,28424200.0,0.1602,1.7319,27.0654,0.2444,30.2493,0.0,65.3556,1.1935,0.1775,24.8692,30.2493,31.6487,3.9837,6.5533,53341000000.0,11005000000.0,14638000000.0,33151000000.0,,,,,Semiconductors
INTC,2015,Intel Corporation,Semiconductors,North America,United States,85.0,89.5,85.0,86.5,27.975,27723800.0,0.1468,2.4009,26.3282,0.3711,28.8253,0.0,62.9865,1.0304,0.247,21.4933,28.8253,28.8521,3.1547,5.4451,52708000000.0,9620000000.0,12291000000.0,31521000000.0,,,,,Semiconductors
INTC,2016,Intel Corporation,Semiconductors,North America,United States,84.4175,90.865,81.39,85.9175,29.44,21023300.0,0.1406,1.749,28.2469,0.4376,28.2799,0.0,61.9702,1.0021,0.2759,21.4096,28.2799,27.1162,3.0102,5.3521,55870000000.0,11704000000.0,15347000000.0,35609000000.0,,,,,Semiconductors
INTC,2017,Intel Corporation,Semiconductors,United States and Canada,United States,80.90333333333334,91.58999999999999,82.41666666666667,85.02,33.1,21438400.0,0.1271,1.6934,32.9019,0.446,31.8348,0.0,62.3197,0.8961,0.2794,19.0205,31.8348,35.3897,2.2996,4.0918,55355000000.0,11420000000.0,14002000000.0,34679000000.0,,,,,Semiconductors
INTC,2018,Intel Corporation,Semiconductors,United States and Canada,United States,85.53750000000001,90.2475,79.61500000000001,85.7025,45.8,26669000.0,0.1458,1.5709,25.6291,0.3899,33.3601,0.0,61.4255,0.9192,0.2578,29.513,33.3601,32.5964,3.9739,7.1466,59387000000.0,10316000000.0,13133000000.0,36233000000.0,,,,,Semiconductors
INTC,2019,Intel Corp,Semiconductors,United States and Canada,United States,91.71333333333332,86.59666666666668,79.18,86.79333333333334,49.379999999999995,19142850.0,0.1435,1.4002,33.9879,0.3845,33.5956,0.0,58.8588,0.914,0.2462,31.2142,33.5956,35.013,,8.0682,62761000000.0,9601000000.0,18050000000.0,39098000000.0,,,22110000000.0,,Semiconductors
INTU,2010,Intuit Inc.,Software & Services,North America,United States,58.666666666666664,54.0,63.0,57.666666666666664,33.629999999999995,3254900.0,0.1076,1.8316,30.0619,0.3538,-4.7423,0.0,72.5773,0.0,0.2613,-9.8969,-4.7423,-7.6289,-0.4425,-0.8153,2993000000.0,485000000.0,765000000.0,,,,830000000.0,,Software & Services
INTU,2011,Intuit Inc.,Software & Services,North America,United States,72.0,55.5,64.0,62.5,46.33,2508250.0,0.1228,1.2488,38.1675,0.3819,-10.1222,0.0,72.2513,0.0,0.1602,-9.9476,-10.1222,-13.089,-1.0959,-2.1407,3109000000.0,447000000.0,683000000.0,,,,812000000.0,,Software & Services
INTU,2014,Intuit Inc.,Software & Services,North America,United States,67.5,62.0,60.0,62.5,75.75,1558500.0,0.1215,1.7919,33.9706,0.1705,-17.8105,0.0,74.0196,0.0,0.1457,-13.7255,-17.8105,-18.9543,-1.6078,-2.7673,3808000000.0,822000000.0,1282000000.0,,,,1246000000.0,,Software & Services
INTU,2015,Intuit Inc.,Software & Services,North America,United States,68.0,62.0,60.333333333333336,63.333333333333336,93.145,1462900.0,0.186,1.3485,22.6293,0.215,-4.0673,0.0,76.7181,0.0,0.177,2.0115,-4.0673,-5.6101,-0.8088,-2.9496,3946000000.0,984000000.0,1487000000.0,,,,1366000000.0,,Software & Services
INTU,2016,Intuit Inc.,Software & Services,North America,United States,64.55333333333333,60.76666666666667,65.11,62.99,103.48500000000001,1317950.0,0.1978,0.717,15.2785,0.8613,-7.4271,0.0,77.321,0.0,0.2959,-3.856,-7.4271,-8.2228,-0.7628,-3.2051,4243000000.0,907000000.0,1300000000.0,,,,1446000000.0,,Software & Services
INTU,2017,Intuit Inc.,Software & Services,United States and Canada,United States,64.2075,54.7375,65.94,60.38,132.9,1324800.0,0.2239,0.7279,17.3519,0.3604,1.5099,0.0,78.6295,0.0,0.2444,4.4135,1.5099,1.5099,0.9341,2.8065,4192000000.0,1026000000.0,1285000000.0,,,,1589000000.0,,Software & Services
INTU,2018,Intuit Inc.,Software & Services,United States and Canada,United States,70.8725,60.525,67.54,65.385,198.33,1456700.0,0.2062,1.3896,14.2708,0.1555,-0.9843,0.0,75.689,0.0,0.1211,3.3465,-0.9843,-1.378,0.6899,1.2221,4694000000.0,979000000.0,1444000000.0,,,,1460000000.0,,Software & Services
INTU,2019,Intuit Inc,Software & Services,United States and Canada,United States,70.55333333333333,54.14333333333334,66.85,62.24,256.8,1275900.0,0.1884,1.8281,13.7626,0.1163,0.8584,0.0,75.1073,0.0,0.0931,4.8927,0.8584,1.8884,,1.569,5196000000.0,1186000000.0,1601000000.0,,,,1599000000.0,,Software & Services
IP,2010,International Paper Company,Paper & Forestry,North America,United States,50.5,62.5,72.0,60.0,16.325,6384050.0,0.2575,1.7828,44.3304,1.3167,8.207,0.0,26.9637,2.0324,0.5594,5.5581,8.207,5.0834,1.4428,5.1666,24829000000.0,371000000.0,589000000.0,2161000000.0,26913000000.0,,2669000000.0,,Paper & Forestry
IP,2011,International Paper Company,Paper & Forestry,North America,United States,51.2,60.8,69.8,59.2,19.55,5007800.0,0.2553,2.0929,51.9753,1.1022,9.5178,0.0,27.183,2.0291,0.5045,4.97795,9.5178,5.7449,1.13305,4.0863,23366000000.0,663000000.0,2360000000.0,1962000000.0,,,4655000000.0,,Paper & Forestry
IP,2012,International Paper Company,Paper & Forestry,North America,United States,60.333333333333336,52.0,70.0,59.666666666666664,24.04,4178700.0,0.21484999999999999,1.7907000000000002,46.5887,1.54095,7.3336,0.0,26.067050000000002,1.9273,0.5932,3.07325,7.3336,3.6285499999999997,0.6202,2.7727,25179000000.0,691000000.0,1686000000.0,1839000000.0,,,1631000000.0,,Paper & Forestry
IP,2013,International Paper Company,Paper & Forestry,North America,United States,55.0,55.0,62.0,57.0,33.875,3489600.0,0.2254,1.7563,48.4172,1.2839,8.6633,0.0,27.2176,1.8676,0.5413,6.0146,8.6633,4.9489,1.1691,5.0517,26034000000.0,1322000000.0,2216000000.0,1886000000.0,,,2675000000.0,,Paper & Forestry
IP,2014,International Paper Company,Paper & Forestry,North America,United States,56.5,55.0,68.0,58.5,41.5,3117050.0,0.2072,1.6213,46.6885,1.7809,10.8699,0.0,30.9271,1.6935,0.6212,2.2548,10.8699,5.1657,0.4776,2.6031,21852000000.0,794000000.0,1933000000.0,1927000000.0,,,2967000000.0,,Paper & Forestry
IP,2015,International Paper Co.,Paper & Forestry,North America,United States,63.5,60.0,68.0,63.5,38.375,2727250.0,0.1779,1.5139,49.4575,2.1566,12.0703,0.0,30.5565,1.637,0.6653,3.9727,12.0703,4.6552,0.6566,4.3357,23483000000.0,1395000000.0,2233000000.0,1996000000.0,,,3028000000.0,,Paper & Forestry
IP,2016,International Paper Co.,Paper & Forestry,North America,United States,63.146,60.141999999999996,69.926,63.794000000000004,35.72,2946900.0,0.1615,1.6832,47.9763,2.5777,11.3369,0.0,31.2191,1.6301,0.7176,5.7414,11.3369,3.1341,0.3384,2.5694,23617000000.0,555000000.0,872000000.0,,,,3077000000.0,,Paper & Forestry
IP,2017,International Paper Co.,Paper & Forestry,United States and Canada,United States,69.80285714285715,60.93857142857143,74.47285714285714,67.86857142857143,47.07,2053500.0,0.1632,1.481,54.5351,2.457,12.6699,0.0,32.6989,1.5879,0.6948,7.1597,12.6699,3.4495,1.0824,7.4194,20675000000.0,938000000.0,1132000000.0,,,,2580000000.0,,Paper & Forestry
IP,2018,International Paper Company,Paper & Forestry,United States and Canada,United States,61.0,60.93000000000001,74.86333333333333,64.44,46.82,2820400.0,0.1746,1.5747,54.4043,1.5946,14.8619,0.0,34.1298,1.8249,0.6025,6.9433,14.8619,8.4005,1.2723,6.2646,,904000000.0,795000000.0,,,,2478000000.0,,Paper & Forestry
IP,2019,International Paper Company,Paper & Forestry,United States and Canada,United States,59.53,65.11,74.23,65.15,40.885,2871400.0,0.1645,1.4633,53.6923,1.3894,11.8589,0.0,32.2558,1.7192,0.5718,5.1526,11.8589,7.2754,,3.8138,,2144000000.0,848000000.0,,,,1757000000.0,,Paper & Forestry
IPG,2010,"The Interpublic Group of Companies, Inc.",Media,North America,United States,48.0,52.0,62.0,54.0,6.35,6079650.0,0.1377,1.0661,276.751,0.8339,10.9946,0.0,11.0318,0.0,0.4053,6.5335,10.9946,9.0712,0.71,4.1837,,,,,,,,,Media
IPG,2011,"The Interpublic Group of Companies, Inc.",Media,North America,United States,44.5,57.0,62.5,55.5,8.225000000000001,7326500.0,0.146,1.0158,270.01,0.7084,10.0319,0.0,10.0319,0.0,0.3258,12.0533,10.0319,16.629,1.8392,9.9224,,,,,,,,,Media
IPG,2012,"The Interpublic Group of Companies, Inc.",Media,North America,United States,53.0,51.0,74.0,57.0,8.32,5808850.0,0.1436,1.0248,281.79949999999997,0.6800999999999999,9.07395,0.0,9.07395,0.0,0.34015,4.9415,9.07395,7.758749999999999,0.7337,3.8996500000000003,,,,,,,,,Media
IPG,2013,"The Interpublic Group of Companies, Inc.",Media,North America,United States,54.0,57.0,73.0,60.5,11.675,3919850.0,0.1475,1.0489,284.82,0.7386,9.9533,0.0,9.9533,0.0,0.3836,4.5496,9.9533,8.4216,0.6979,3.9955,,,,,,,,,Media
IPG,2015,"The Interpublic Group of Companies, Inc.",Media,North America,United States,55.333333333333336,59.0,73.66666666666667,61.666666666666664,17.115000000000002,3214150.0,0.1631,1.0146,260.444,0.8856,11.5026,0.0,11.5026,0.0,0.4463,6.4602,11.5026,10.7137,1.0766,6.1497,,,,,,,,,Media
IPG,2016,"The Interpublic Group of Companies, Inc.",Media,North America,United States,54.66,56.31,76.6,60.97,19.21,3900350.0,0.1649,0.988,260.238,0.8812,11.6951,0.0,11.6951,0.0,0.4385,8.1808,11.6951,10.7305,1.377,7.899,,,,,,,,,Media
IPG,2017,"The Interpublic Group of Companies, Inc.",Media,United States and Canada,United States,51.075,49.879999999999995,79.6,57.6075,19.97,3959200.0,0.1885,0.9338,221.654,0.9057,11.5479,0.0,14.0748,0.0,0.3864,7.685,11.5479,10.3342,1.4706,8.4453,,,,,,,,,Media
IPG,2018,"The Interpublic Group of Companies, Inc.",Media,United States and Canada,United States,55.98,55.06,72.20666666666666,59.576666666666675,20.6,4081400.0,0.1828,1.0073,233.053,1.5349,11.3906,0.0,14.2459,0.0,0.6004,7.0076,11.3906,9.7541,1.196,7.5339,,,,,,,,,Media
IPG,2019,The Interpublic Group of Companies Inc,Media,United States and Canada,United States,56.245000000000005,54.285000000000004,71.94,59.19,20.509999999999998,3196750.0,0.1525,0.9529,223.939,1.4443,11.4967,0.0,14.7287,0.0,0.5736,6.7922,11.4967,9.5443,,7.029,,,,,,,,,Media
IQV,2017,Quintiles Transnational Holdings Inc.,Pharmaceuticals,United States and Canada,United States,65.15,47.85,55.17,54.37,89.16,1146300.0,0.1099,1.224,72.0764,1.2403,5.6327,0.0,34.6715,0.0,0.5511,3.5685,5.6327,2.0382,0.4143,1.2388,5737000000.0,387000000.0,646000000.0,,,,,,Pharmaceuticals
IQV,2018,IQVIA Holdings Inc,Pharmaceuticals,United States and Canada,United States,56.34,40.63,53.685,48.47,105.6,1097700.0,0.1153,1.0962,82.02,1.4235,6.9776,0.0,35.1935,0.0,0.585,2.3763,6.9776,3.4281,0.3005,0.8981,6815000000.0,100000000.0,576000000.0,,,,860000000.0,,Pharmaceuticals
IQV,2019,IQVIA Holdings Inc,Pharmaceuticals,United States and Canada,United States,57.80500000000001,41.650000000000006,55.235,49.765,143.89499999999998,1150250.0,0.121,1.1172,82.0104,1.8051,7.1898,0.0,34.3351,0.0,0.6416,2.0585,7.1898,2.8467,0.3014,1.047,9702000000.0,1277000000.0,665000000.0,,,,970000000.0,,Pharmaceuticals
IR,2017,Ingersoll-Rand Plc,Machinery,Europe,Ireland,75.28333333333333,66.25333333333333,65.51666666666667,69.68333333333334,19.37,659100.0,0.1427,2.5295,73.6515,1.5946,11.7143,0.0,38.1203,0.7796,0.6121,4.3103,11.7143,4.9877,0.615,2.2016,2126900000.0,-351200000.0,-205400000.0,779100000.0,4462000000.0,,172100000.0,,Machinery
IRM,2010,Iron Mountain Inc.,Commercial Services,North America,United States,42.0,34.0,62.0,44.0,10.83,1504750.0,0.109,1.3861,72.1676,1.5299,21.7951,0.0,59.0194,0.0,0.5986,4.4447,21.7951,13.9631,0.7361,2.3122,,82037000.0,492530000.0,,,,537029000.0,,Commercial Services
IRM,2011,Iron Mountain Inc.,Commercial Services,North America,United States,34.75,42.5,64.0,44.5,14.76,1959900.0,0.1202,1.3398,65.9337,1.9376,19.0396,0.0,59.452,0.0,0.6553,4.8598,19.0396,11.9604,0.7885,3.2714,,219379000.0,545225000.0,,6851157000.0,,616911000.0,,Commercial Services
IRM,2012,Iron Mountain Inc.,Commercial Services,North America,United States,39.333333333333336,53.0,68.0,51.0,15.7,1404150.0,0.12085,1.16955,68.4876,2.83605,20.5803,0.0,58.3788,0.0,0.7357,6.0591,20.5803,11.452649999999998,0.7648999999999999,3.7247,,253047000.0,547549000.0,,6416393000.0,,625140000.0,,Commercial Services
IRM,2013,Iron Mountain Inc.,Commercial Services,North America,United States,45.0,54.0,70.0,55.0,16.435,1303350.0,0.1184,0.9749,72.292,3.7544,17.437,0.0,57.442,0.0,0.7875,3.495,17.437,3.9083,0.4316,2.5001,,399592000.0,571199000.0,,6041258000.0,,615438000.0,,Commercial Services
IRM,2014,Iron Mountain Inc.,Commercial Services,North America,United States,57.0,61.0,70.0,61.5,24.975,1890400.0,0.1193,1.0712,69.9041,5.3065,16.4394,0.0,56.6795,0.0,0.8399,1.6387,16.4394,1.6339,0.1943,1.4569,,174048000.0,555466000.0,,6358339000.0,,432736000.0,,Commercial Services
IRM,2016,Iron Mountain Inc.,Commercial Services,North America,United States,64.04333333333334,57.596666666666664,70.14666666666666,63.31333333333333,25.645000000000003,1487150.0,0.0952,1.313,66.8434,3.0039,14.3669,0.0,55.2306,0.0,0.7467,0.7509,14.3669,3.0602,0.0581,0.2678,,328746000.0,549277000.0,,6523265000.0,,472948000.0,,Commercial Services
IRM,2017,Iron Mountain Incorporated,Commercial Services,United States and Canada,United States,62.065,52.75,71.03,61.045,27.98,1151000.0,0.0941,1.0778,73.1515,3.474,17.9188,0.0,56.6797,0.0,0.7645,2.5211,17.9188,2.9294,0.2474,1.3583,,125203000.0,524527000.0,,6350587000.0,,541760000.0,,Commercial Services
IRM,2018,Iron Mountain Inc.,Commercial Services,United States and Canada,United States,69.5,53.18,72.38,64.50666666666666,28.41,1676400.0,0.0898,0.9748,71.8863,4.2452,18.9909,0.0,57.7736,0.0,0.807,8.65,18.9909,11.1536,0.6552,4.4843,3511453000.0,107233000.0,501606000.0,,9486800000.0,,543895000.0,,Commercial Services
IRM,2019,Iron Mountain Inc.,Real Estate,United States and Canada,United States,60.75,62.28,58.66,60.58,29.73,2193700.0,0.0781,0.6578,70.9187,5.6984,19.0882,0.0,57.4387,0.0,0.8447,8.6644,19.0882,9.6534,,5.5665,3845578000.0,171724000.0,634051000.0,,10975387000.0,,720968000.0,,Real Estate
ISRG,2010,"Intuitive Surgical, Inc.",Healthcare,North America,United States,37.0,38.0,68.0,45.0,107.02000000000001,1442550.0,0.1563,4.8691,54.3293,0.0,39.4811,0.0,72.7642,1.235,0.0,25.2923,39.4811,40.3802,3.9543,4.6092,874900000.0,204300000.0,310800000.0,620800000.0,,,278200000.0,,Healthcare
ISRG,2011,"Intuitive Surgical, Inc.",Healthcare,North America,United States,42.333333333333336,42.333333333333336,66.33333333333333,48.666666666666664,119.005,1015500.0,0.1622,4.6177,53.4117,0.0,40.0493,0.0,72.8677,1.18065,0.0,27.4895,40.0493,40.4746,4.4574,5.1667,1052200000.0,232600000.0,377400000.0,751100000.0,,,392200000.0,,Healthcare
ISRG,2012,"Intuitive Surgical, Inc.",Healthcare,North America,United States,48.0,47.0,55.0,49.0,174.49,828600.0,0.148,4.64625,54.58305,0.0,40.0136,0.0,72.0224,1.2156,0.0,28.92525,40.0136,40.717,4.30715,4.8937,1413000000.0,381800000.0,555200000.0,1030000000.0,,,545800000.0,,Healthcare
ISRG,2013,"Intuitive Surgical, Inc.",Healthcare,North America,United States,48.0,44.666666666666664,54.666666666666664,48.333333333333336,157.655,1094550.0,0.1377,4.7608,50.6092,0.0,36.2027,0.0,70.0432,0.9922,0.0,28.8442,36.2027,37.2267,4.2073,4.7467,1757300000.0,495100000.0,694800000.0,1273800000.0,,,677600000.0,,Healthcare
ISRG,2014,"Intuitive Surgical, Inc.",Healthcare,North America,United States,48.0,46.0,60.0,51.0,169.13,780300.0,0.1527,3.6151,46.8977,0.0,30.7756,0.0,65.0571,1.1629,0.0,24.2765,30.7756,30.5606,3.7076,4.344,2178800000.0,656600000.0,878100000.0,1570300000.0,,,814200000.0,,Healthcare
ISRG,2015,"Intuitive Surgical, Inc.",Healthcare,North America,United States,48.0,47.0,53.0,49.0,168.335,798900.0,0.1346,4.5599,51.0819,0.0,32.2028,0.0,67.1189,0.9995,0.0,28.0857,32.2028,32.8303,3.573,4.0654,2265100000.0,671000000.0,852500000.0,1594200000.0,,,880000000.0,,Healthcare
ISRG,2016,"Intuitive Surgical, Inc.",Healthcare,North America,United States,48.0,44.54333333333333,52.85666666666666,47.9,212.95499999999998,878100.0,0.1159,5.513,54.2337,0.0,36.6214,0.0,70.2731,1.1773,0.0,27.5332,36.6214,37.8153,3.1916,3.5723,2131700000.0,418800000.0,544800000.0,1413800000.0,,,665100000.0,,Healthcare
ISRG,2017,"Intuitive Surgical, Inc.",Healthcare,United States and Canada,United States,48.6,42.675,51.86,46.915,311.79,861500.0,0.1445,4.4051,52.1416,0.0,34.7363,0.0,70.3268,1.0677,0.0,29.3885,34.7363,36.0733,4.247,4.9311,2384400000.0,588800000.0,740000000.0,1577900000.0,,,806200000.0,,Healthcare
ISRG,2018,"Intuitive Surgical, Inc.",Healthcare,United States and Canada,United States,51.6,40.9,52.18,46.959999999999994,484.6,739500.0,0.1328,5.9815,56.7228,0.0,31.7248,0.0,69.747,0.7599,0.0,28.0765,31.7248,34.2857,3.9871,4.3559,2706500000.0,738300000.0,949700000.0,1892900000.0,,,1087000000.0,,Healthcare
ISRG,2019,"Intuitive Surgical, Inc.",Healthcare,United States and Canada,United States,51.6,41.46,54.47,47.9,529.425,585900.0,0.1288,4.6374,50.975,0.0,32.4145,0.0,69.633,0.641,0.0,28.9653,32.4145,35.3661,,4.3779,3138200000.0,670900000.0,1062900000.0,2202000000.0,,,1143900000.0,,Healthcare
IT,2010,Gartner Inc.,Software & Services,North America,United States,40.0,50.0,77.0,54.0,24.75,531500.0,0.2676,0.6166,85.8836,1.9452,11.064,0.0,56.8514,0.0,0.4193,6.7793,11.064,9.9233,1.7128,18.8005,1279065000.0,103871000.0,164368000.0,,,,184350000.0,,Software & Services
IT,2011,Gartner Inc.,Software & Services,North America,United States,39.0,57.0,77.0,57.0,37.504999999999995,461600.0,0.2736,0.7662,89.84295,1.0821,13.99925,0.0,58.512249999999995,0.0,0.448,8.8151,13.99925,13.058250000000001,2.4109,15.6977,1139800000.0,82964000.0,134477000.0,642906000.0,,,161937000.0,,Software & Services
IT,2012,Gartner Inc.,Software & Services,North America,United States,38.333333333333336,57.0,77.0,56.333333333333336,43.87,403900.0,0.28075,0.78135,88.67134999999999,0.8478,15.14345,0.0,59.5321,0.0,0.3457,9.853200000000001,15.14345,14.43335,2.7705,19.23835,1288454000.0,96285000.0,149265000.0,742296000.0,,,205499000.0,,Software & Services
IT,2015,Gartner Inc.,Software & Services,North America,United States,45.0,45.0,65.0,50.0,86.1,325450.0,0.2944,0.8621,86.6622,-5.2635,15.5529,0.0,61.2925,0.0,1.2417,9.3359,15.5529,14.5112,2.7487,-30.0638,1784213000.0,182801000.0,275492000.0,,,,315654000.0,,Software & Services
IT,2016,Gartner Inc.,Software & Services,North America,United States,41.11166666666667,47.33833333333333,68.33333333333333,50.721666666666664,90.685,324600.0,0.2647,0.8893,87.8275,-8.848264,13.6556,0.0,61.1326,0.0,1.0153,8.4633,13.6556,12.6543,2.2402,-50.534578999999994,2021441000.0,183766000.0,286162000.0,,,,346779000.0,,Software & Services
IT,2017,Gartner Inc.,Software & Services,United States and Canada,United States,36.67,41.10333333333333,71.60000000000001,47.39666666666667,118.75,492500.0,0.1206,0.7843,95.021,3.8705,-2.9404,0.0,59.8825,0.0,0.7719,-5.8182,-2.9404,-7.4799,-0.6872,-5.5802,2163056000.0,175635000.0,287997000.0,,,,345561000.0,,Software & Services
IT,2018,Gartner Inc,Software & Services,United States and Canada,United States,36.67,41.36,67.82,46.57,137.29,593500.0,0.1627,0.6551,97.4289,2.6381,8.5981,0.0,63.2854,0.0,0.6997,4.6208,8.5981,7.4972,0.1977,5.0215,2444540000.0,193582000.0,305141000.0,,,,365632000.0,,Software & Services
IT,2019,Gartner Inc,Commercial Services,United States and Canada,United States,34.0,46.87,68.28999999999999,47.08,149.925,394550.0,0.1591,0.6813,93.5276,2.3265,10.8324,0.0,63.5127,0.0,0.6853,5.6254,10.8324,8.4982,,7.213,3311494000.0,3279000.0,-6329000.0,,,,254517000.0,,Commercial Services
ITW,2010,Illinois Tool Works Inc.,Machinery,North America,United States,43.666666666666664,52.333333333333336,60.333333333333336,51.333333333333336,36.379999999999995,3519550.0,0.2417,1.9751,60.0064,0.347,15.7246,0.0,35.337,1.6498,0.2354,10.4748,15.7246,14.6455,2.4722,4.5334,17100341000.0,1519003000.0,2501286000.0,,15203551000.0,,2222224000.0,,Machinery
ITW,2011,Illinois Tool Works Inc.,Machinery,North America,United States,55.0,53.666666666666664,64.0,56.666666666666664,42.55,3180100.0,0.2491,2.0172,61.3522,0.3976,15.5895,0.0,35.3275,1.5607,0.258,11.0699,15.5895,15.0655,2.64045,4.8088,13572996000.0,972697000.0,1382963000.0,,,,2167552000.0,,Machinery
ITW,2012,Illinois Tool Works Inc.,Machinery,North America,United States,55.0,56.666666666666664,67.66666666666667,58.666666666666664,46.370000000000005,2704250.0,0.2131,2.2845,69.27255,0.4857,16.9841,0.0,37.8151,1.4077,0.28025,16.888550000000002,16.9841,16.4515,2.5961499999999997,4.85815,15416000000.0,1503000000.0,2254000000.0,,,,1488000000.0,,Machinery
ITW,2013,Illinois Tool Works Inc.,Machinery,North America,United States,58.0,62.5,65.5,61.5,59.8,1862900.0,0.1806,2.2132,62.884,0.4957,17.6702,0.0,39.7982,1.6422,0.2667,12.6682,17.6702,16.1703,2.0556,4.0661,14515000000.0,2071000000.0,2361000000.0,,,,1956000000.0,,Machinery
ITW,2014,Illinois Tool Works Inc.,Machinery,North America,United States,59.0,61.0,64.0,60.5,80.81,1749900.0,0.2006,2.2309,58.8956,1.0872,19.5776,0.0,39.669,1.7915,0.4655,12.8425,19.5776,18.75,2.6396,6.7556,14791000000.0,2870000000.0,2475000000.0,,19309000000.0,,2072000000.0,,Machinery
ITW,2015,Illinois Tool Works Inc.,Machinery,North America,United States,58.5,60.5,68.0,61.5,82.15,1659600.0,0.2083,2.5612,62.7639,1.4725,21.258,0.0,41.06,1.6994,0.5688,13.9779,21.258,20.2679,2.9361,9.0464,14135000000.0,1679000000.0,2514000000.0,,19599000000.0,,2528000000.0,,Machinery
ITW,2016,Illinois Tool Works Inc.,Machinery,North America,United States,60.126,61.432,67.04,62.312,97.26499999999999,1478100.0,0.2236,2.1838,63.2964,1.605,23.0837,0.0,42.0029,1.7369,0.5691,15.3017,23.0837,21.8312,3.4057,11.1621,14484000000.0,2946000000.0,2888000000.0,,17465000000.0,,1616000000.0,,Machinery
ITW,2017,Illinois Tool Works Inc.,Machinery,United States and Canada,United States,60.19200000000001,63.376,65.89000000000001,62.73199999999999,129.53,1095800.0,0.2216,2.3839,65.7433,1.6864,24.229,0.0,42.0117,1.7406,0.6066,16.3101,24.229,22.7563,3.6867,12.2958,13405000000.0,1899000000.0,2867000000.0,,15729000000.0,,2299000000.0,,Machinery
ITW,2018,Illinois Tool Works Inc,Machinery,United States and Canada,United States,73.85833333333333,65.78333333333333,65.34166666666667,68.90666666666667,134.98,1489400.0,0.2408,1.6313,67.6116,2.088,24.3279,0.0,41.7646,1.5903,0.6306,17.3845,24.3279,23.111,4.1648,17.9921,13599000000.0,2035000000.0,3056000000.0,,15201000000.0,,2302000000.0,,Machinery
ITW,2019,Illinois Tool Works Inc,Machinery,United States and Canada,United States,77.555,67.255,65.8,71.015,146.0,1165550.0,0.2326,2.8743,64.6479,2.5604,24.1341,0.0,41.8398,1.6712,0.719,18.478,24.1341,23.955,,21.1551,14314000000.0,1687000000.0,3485000000.0,,16780000000.0,,2402000000.0,,Machinery
IVZ,2010,Invesco Ltd.,Diversified Financials,North America,United States,37.6,39.6,57.0,44.4,13.685,4007100.0,0.0478,1.3094,127.132,0.771,19.19,0.0,69.3946,0.0,0.4353,16.2313,19.19,20.6514,0.7665,1.674,3307600000.0,481700000.0,747800000.0,,,,525500000.0,385900000.0,Diversified Financials
IVZ,2011,Invesco Ltd.,Diversified Financials,North America,United States,43.0,45.5,55.5,48.0,15.22,4764850.0,0.0506,1.289,101.59,0.8091,22.0469,0.0,68.23425,0.0,0.4398,17.1028,22.0469,18.082700000000003,0.54425,1.2309,2627300000.0,322500000.0,484300000.0,,,,362700000.0,431400000.0,Diversified Financials
IVZ,2012,Invesco Ltd.,Diversified Financials,North America,United States,51.0,51.5,53.25,52.0,16.56,3706550.0,0.055150000000000005,1.3273000000000001,94.1276,0.63255,20.57565,0.0,67.84110000000001,0.0,0.37985,16.250700000000002,20.57565,22.2902,0.8605,1.6711,3487700000.0,465700000.0,589900000.0,,,,379200000.0,460100000.0,Diversified Financials
IVZ,2013,Invesco Ltd.,Diversified Financials,North America,United States,51.0,54.0,61.0,55.5,22.745,3396300.0,0.0626,2.5901,118.349,0.6271,24.1215,0.0,67.6598,0.0,0.3764,19.4658,24.1215,27.6386,1.3329,2.7425,3982300000.0,729700000.0,882100000.0,,,,964800000.0,446000000.0,Diversified Financials
IVZ,2014,Invesco Ltd.,Diversified Financials,North America,United States,45.5,53.0,61.0,53.5,29.365000000000002,2411550.0,0.0624,3.1516,101.483,0.7376,27.2735,0.0,69.1,0.0,0.4245,20.0595,27.2735,25.5816,1.1095,2.488,4050400000.0,677100000.0,842600000.0,,,,819300000.0,441400000.0,Diversified Financials
IVZ,2015,Invesco Ltd.,Diversified Financials,North America,United States,44.5,63.0,61.5,57.0,27.96,2866650.0,0.051,2.1264,116.226,0.831,27.6155,0.0,69.1951,0.0,0.4538,19.0198,27.6155,26.8113,0.9667,2.6857,4644600000.0,940300000.0,1120200000.0,,,,780200000.0,433100000.0,Diversified Financials
IVZ,2016,Invesco Ltd.,Diversified Financials,North America,United States,46.19,60.6,64.2775,57.662499999999994,23.275,3803300.0,0.0498,1.6934,99.6878,0.7583,25.3489,0.0,70.7079,0.0,0.4313,18.4063,25.3489,26.9211,1.0063,3.0595,5147100000.0,988100000.0,1276900000.0,,,,1200400000.0,429900000.0,Diversified Financials
IVZ,2017,Invesco Ltd.,Diversified Financials,United States and Canada,United States,67.655,52.06,73.045,64.71000000000001,27.21,2590900.0,0.044,1.5042,101.266,0.7485,25.3747,0.0,71.5631,0.0,0.4281,19.997,25.3747,29.0346,0.9041,3.2121,5122900000.0,968100000.0,1358400000.0,,,,1128400000.0,417500000.0,Diversified Financials
IVZ,2018,Invesco Ltd.,Diversified Financials,United States and Canada,United States,69.01333333333334,51.44,73.25333333333333,64.99333333333333,22.98,3847000.0,0.0413,1.5509,98.3172,0.8544,24.0051,0.0,69.9471,0.0,0.4607,18.0141,24.0051,23.0928,0.8387,2.6477,4734400000.0,854200000.0,1152400000.0,,,,654000000.0,403800000.0,Diversified Financials
JBHT,2010,JB Hunt Transport Services Inc.,Transportation,North America,United States,54.0,49.0,63.0,54.333333333333336,31.775,1503650.0,0.5041,0.9072,33.8742,1.092,9.5438,0.0,42.0686,0.0,0.4304,5.5276,9.5438,8.7434,2.7414,0.0,3731943000.0,200593000.0,358418000.0,,,,505146000.0,,Transportation
JBHT,2011,JB Hunt Transport Services Inc.,Transportation,North America,United States,40.5,50.0,62.0,50.0,39.215,870550.0,0.5416,1.129,32.6287,1.32,10.1326,0.0,39.0873,0.0,0.552,5.8612,10.1326,9.5226,3.1743,0.0,3203321000.0,136435000.0,247971000.0,,,,356923000.0,,Transportation
JBHT,2012,JB Hunt Transport Services Inc.,Transportation,North America,United States,43.25,52.75,60.25,51.5,50.724999999999994,845650.0,0.5309999999999999,1.0286,34.205,0.90905,10.4898,0.0,38.127,0.0,0.4366,6.1569,10.4898,10.047049999999999,3.30505,0.0,3793485000.0,199617000.0,347625000.0,,1962000000.0,,428078000.0,,Transportation
JBHT,2013,JB Hunt Transport Services Inc.,Transportation,North America,United States,55.0,48.0,62.0,54.0,68.18,626750.0,0.5229,0.9387,36.6628,0.7012,10.4976,0.0,38.2379,0.0,0.3117,6.2313,10.4976,10.0912,3.2986,0.0,4526842000.0,257006000.0,444233000.0,,2267000000.0,,635692000.0,,Transportation
JBHT,2014,JB Hunt Transport Services Inc.,Transportation,North America,United States,60.0,48.0,62.0,56.0,75.905,803650.0,0.4764,1.1173,36.5587,0.775,11.364,0.0,40.5812,21.25183049999997,0.362,6.8534,11.3641,11.0171,3.265,9.1576,5054980000.0,310354000.0,530200000.0,,2465000000.0,,548044000.0,,Transportation
JBHT,2015,JB Hunt Transport Services Inc.,Transportation,North America,United States,48.5,48.0,61.0,51.5,77.41,794750.0,0.4466,1.412,38.8788,0.7675,11.8995,0.0,43.0063,0.0,0.4342,7.202,11.8995,11.6349,3.2165,0.0,5584571000.0,342382000.0,576708000.0,,2819000000.0,,574351000.0,,Transportation
JBHT,2016,JB Hunt Transport Services Inc.,Transportation,North America,United States,42.07,45.699999999999996,59.31666666666666,47.836666666666666,78.265,816300.0,0.4368,1.4963,41.2572,0.6942,10.8848,0.0,41.8802,0.0,0.4097,6.5021,10.8848,10.4873,2.9337,0.0,6165441000.0,374792000.0,631542000.0,,3374000000.0,,,,Transportation
JBHT,2017,JB Hunt Transport Services Inc.,Transportation,United States and Canada,United States,41.965,40.93,57.425,45.415,94.15,857500.0,0.4547,1.4765,41.9266,0.67,8.9497,0.0,40.2317,0.0,0.4012,5.6673,8.9497,8.4988,2.5902,0.0,6187646000.0,427235000.0,715694000.0,,,,873308000.0,,Transportation
JBHT,2018,"J.B. Hunt Transport Services, Inc.",Transportation,United States and Canada,United States,42.84,42.21,55.61666666666667,45.78333333333333,117.16,852100.0,0.4661,1.1114,44.6236,0.5141,7.9053,0.0,40.1479,0.0,0.2829,5.9332,7.9053,7.4545,2.7768,0.0,,432090000.0,721020000.0,,,,854143000.0,,Transportation
JBHT,2019,JB Hunt Transport Services Inc,Transportation,United States and Canada,United States,36.07,42.21,55.95,43.5,102.21000000000001,886950.0,0.4388,1.3041,40.0195,0.5896,8.3693,0.0,40.9045,0.0,0.3709,5.9044,8.3693,7.8479,,0.0,,686263000.0,623789000.0,,,,855153000.0,,Transportation
JCI,2010,Johnson Controls Inc.,Auto Components,North America,United States,60.0,70.5,69.0,66.5,11.89,8520850.0,0.1656,1.4779,49.9377,0.2947,8.774,0.0,37.1467,1.957,0.2044,5.9429,8.774,7.456,1.0137,1.9502,19733000000.0,1553000000.0,1896000000.0,1539000000.0,28804000000.0,,,,Auto Components
JCI,2011,Johnson Controls Inc.,Auto Components,North America,United States,73.0,81.0,70.0,75.5,15.024999999999999,7135900.0,0.1048,1.54,51.794,0.2922,7.8957,0.0,36.2793,1.8777,0.2248,12.9944,7.8957,6.2165,0.6554,1.2364,16882000000.0,659000000.0,-1506000000.0,1653000000.0,25553000000.0,,,,Auto Components
JCI,2012,Johnson Controls Inc.,Auto Components,North America,United States,75.8,78.6,71.0,75.6,18.84,4672700.0,0.15625,1.5,71.528,0.2894,5.6085,0.0,36.5348,1.79885,0.2235,7.7673499999999995,5.6085,2.4482,0.2364,0.444,11020000000.0,1130000000.0,615000000.0,,27066000000.0,,,,Auto Components
JCI,2013,Johnson Controls Inc.,Auto Components,North America,United States,76.0,81.0,74.0,78.0,24.785,2618650.0,0.2075,1.2668,62.2744,0.3136,8.9906,0.0,36.8231,2.3445,0.2198,6.7838,8.9906,8.1324,0.9938,2.3719,10557000000.0,1719000000.0,982000000.0,,26702000000.0,,,,Auto Components
JCI,2014,Johnson Controls Inc.,Auto Components,North America,United States,76.66666666666667,84.0,74.33333333333333,79.0,32.8,2725400.0,0.2213,1.1701,62.3971,0.3413,8.0307,0.0,36.6828,2.3845,0.2165,6.5375,8.0307,7.3446,1.4556,3.8049,9892000000.0,472000000.0,578000000.0,,12365000000.0,,,,Auto Components
JCI,2016,Johnson Controls Inc.,Auto Components,North America,United States,75.8,80.42999999999999,73.6,77.104,35.445,3612200.0,0.1452,1.0476,76.9306,0.5714,6.5763,0.0,27.5902,1.6894,0.3305,4.643,6.5763,5.4332,0.8445,2.02,38749000000.0,1215000000.0,1916000000.0,6305000000.0,32812000000.0,,2395000000.0,,Auto Components
JCI,2017,Johnson Controls International plc,Auto Components,United States and Canada,United States,74.8,85.275,70.93,78.025,37.65,4668500.0,0.1066,1.1052,114.192,0.6352,4.2413,0.0,32.0075,1.0428,0.3589,7.2237,4.2413,3.2045,-0.0944,-0.2186,17100000000.0,1563000000.0,931000000.0,4531000000.0,29590000000.0,,1600000000.0,,Auto Components
JCI,2018,Johnson Controls International plc,Auto Components,Europe,Ireland,71.23,85.62,69.78,76.62,33.14,4842100.0,0.1267,1.0509,89.6376,0.5482,9.1218,0.0,33.2378,1.8446,0.3093,11.5091,9.1218,8.3293,1.1051,2.5036,20837000000.0,-868000000.0,1061000000.0,5654000000.0,63179000000.0,,1908000000.0,935500000.0,Auto Components
JNJ,2010,Johnson & Johnson,Pharmaceuticals,North America,United States,83.0,59.0,59.5,66.0,46.085,11014150.0,0.1525,2.2735,56.5303,0.2205,28.4671,0.0,69.3365,0.913,0.1381,22.4984,27.5277,27.5277,3.478,5.9643,63747000000.0,12949000000.0,16929000000.0,45236000000.0,84912000000.0,,14972000000.0,3119843000.0,Pharmaceuticals
JNJ,2011,Johnson & Johnson,Pharmaceuticals,North America,United States,83.25,56.75,67.25,67.25,48.905,10929250.0,0.1431,2.4644,59.3365,0.2999,24.06655,0.0,68.3099,0.79775,0.1776,18.3661,23.15195,23.15195,2.6698000000000004,4.83605,61897000000.0,12266000000.0,16582000000.0,43450000000.0,94682000000.0,,16571000000.0,3119843000.0,Pharmaceuticals
JNJ,2012,Johnson & Johnson,Pharmaceuticals,North America,United States,90.0,56.8,73.4,70.0,53.09,10297250.0,0.14285,1.8714,59.51435,0.27745,20.164949999999997,0.0,67.97995,0.7167,0.15610000000000002,16.01285,19.3692,19.3692,2.1628,4.0415,61587000000.0,13334000000.0,17700000000.0,42795000000.0,102908000000.0,,16385000000.0,3119843000.0,Pharmaceuticals
JNJ,2013,Johnson & Johnson,Pharmaceuticals,North America,United States,90.5,62.5,74.0,73.0,70.91499999999999,8571800.0,0.1385,2.1573,58.4695,0.2164,21.5647,0.0,69.2958,0.7017,0.1225,19.1719,20.8649,20.8649,2.6522,4.752,65030000000.0,9672000000.0,13765000000.0,44670000000.0,113644000000.0,,14298000000.0,3119843000.0,Pharmaceuticals
JNJ,2014,Johnson & Johnson,Pharmaceuticals,North America,United States,94.0,71.25,73.25,77.25,89.865,7568250.0,0.14,2.227,54.1607,0.269,15.6623,0.0,67.9358,0.7152,0.1782,13.8107,14.8077,14.8077,1.9339,3.6142,67224000000.0,10853000000.0,14955000000.0,45566000000.0,121347000000.0,,15396000000.0,3119843000.0,Pharmaceuticals
JNJ,2015,Johnson & Johnson,Pharmaceuticals,North America,United States,95.0,71.0,79.5,79.5,85.935,7833050.0,0.1335,2.4886,59.8141,0.276,25.0088,0.0,69.4539,0.6456,0.1644,19.6351,24.1024,24.1024,2.5198,4.693,71312000000.0,13831000000.0,15471000000.0,48970000000.0,,,17414000000.0,3119843000.0,Pharmaceuticals
JNJ,2016,Johnson & Johnson,Pharmaceuticals,North America,United States,94.3,67.3275,78.025,77.2775,102.5,6964700.0,0.1282,2.7257,58.7372,0.3709,28.0381,0.0,69.2144,0.6463,0.2445,21.6265,26.5339,26.5339,2.8588,5.5152,74331000000.0,16323000000.0,20563000000.0,51585000000.0,,,18710000000.0,3119843000.0,Pharmaceuticals
JNJ,2017,Johnson & Johnson,Pharmaceuticals,United States and Canada,United States,87.18333333333332,59.303333333333335,74.85666666666667,70.93666666666667,120.07,5507900.0,0.1262,1.3435,60.2519,0.4807,25.9186,0.0,64.7583,0.7273,0.2756,19.1552,24.3766,24.3766,2.4181,5.0879,70074000000.0,15409000000.0,19196000000.0,48538000000.0,,,19569000000.0,3119843000.0,Pharmaceuticals
JNJ,2018,Johnson & Johnson,Pharmaceuticals,United States and Canada,United States,85.745,60.004999999999995,70.365,69.545,122.53,6638500.0,0.1333,1.653,62.1349,0.5101,23.791,0.0,66.7451,0.7863,0.3166,18.9822,21.7368,21.7368,2.545,6.0873,71890000000.0,16540000000.0,19803000000.0,50101000000.0,,,18767000000.0,3119843000.0,Pharmaceuticals
JNJ,2019,Johnson & Johnson,Pharmaceuticals,United States and Canada,United States,86.16,59.44,69.49,69.13,129.115,6531350.0,0.1326,1.2608,64.1363,0.484,21.1308,0.0,66.2484,0.7492,0.313,19.3281,20.3307,20.3307,,6.7428,76450000000.0,5607000000.0,17673000000.0,51011000000.0,,,21056000000.0,3119843000.0,Pharmaceuticals
JNPR,2010,"Juniper Networks, Inc.",Technology Hardware,North America,United States,62.666666666666664,56.333333333333336,61.0,60.0,24.705,6201050.0,0.1283,2.3105,42.133,0.0,19.0604,0.0,66.9481,0.0,0.0,13.3406,19.0604,19.3342,1.7024,2.1266,,,,,,,,,Technology Hardware
JNPR,2011,"Juniper Networks, Inc.",Technology Hardware,North America,United States,65.4,59.4,59.6,61.6,26.495,8026900.0,0.1139,3.0231,38.839600000000004,0.14375,12.3916,0.0,64.3522,0.0,0.1257,8.577,12.3916,10.9486,0.9631,1.3562,,,,,,,,,Technology Hardware
JNPR,2012,"Juniper Networks, Inc.",Technology Hardware,North America,United States,76.33333333333333,68.0,61.0,69.33333333333333,15.945,7971900.0,0.1096,2.76775,34.0921,0.1402,6.3469999999999995,0.0,61.80685,0.0,0.123,3.47605,6.3469999999999995,5.9022499999999996,0.3715,0.51885,,,,,,,,,Technology Hardware
JNPR,2013,"Juniper Networks, Inc.",Technology Hardware,North America,United States,77.0,67.0,73.0,72.0,17.425,5621800.0,0.1163,2.5697,40.8661,0.1368,12.2301,0.0,62.9639,0.0,0.1204,8.5079,12.2301,11.5975,0.9777,1.3755,,,,,,,,,Technology Hardware
JNPR,2014,"Juniper Networks, Inc.",Technology Hardware,North America,United States,77.66666666666667,67.66666666666667,74.0,72.66666666666667,18.64,5634500.0,0.133,1.8571,48.9297,0.2742,-19.840792999999998,0.0,61.2836,0.0,0.2152,-21.290181999999994,-19.840792999999998,-25.906755999999998,-1.7871890000000001,-15.6451,,,,,,,,,Technology Hardware
JNPR,2015,"Juniper Networks, Inc.",Technology Hardware,North America,United States,80.0,71.5,73.0,75.5,23.3,4506650.0,0.1476,1.6163,41.6266,0.4401,20.6631,0.0,63.8635,0.0,0.2713,14.9894,20.6631,19.7484,2.2979,4.3241,,,,,,,,,Technology Hardware
JNPR,2016,"Juniper Networks, Inc.",Technology Hardware,North America,United States,79.33999999999999,64.83166666666666,72.66333333333333,72.595,21.165,4122350.0,0.1405,2.2735,55.2911,0.447,19.4507,0.0,61.934,0.0,0.3089,13.4132,19.4507,18.4082,1.8851,3.6124,,,,,,,,,Technology Hardware
JNPR,2017,"Juniper Networks, Inc.",Technology Hardware,United States and Canada,United States,68.35666666666667,53.37,63.123333333333335,61.803333333333335,25.3,4162800.0,0.1291,2.4779,51.8262,0.4198,18.3575,0.0,61.2652,0.0,0.2957,13.1738,18.3575,17.952,1.7005,3.2124,,,,,,,,,Technology Hardware
JNPR,2018,"Juniper Networks, Inc.",Technology Hardware,United States and Canada,United States,70.76,55.76,58.290000000000006,62.39,25.38,4176400.0,0.1296,2.4652,52.4857,0.4598,13.5701,0.0,60.1947,0.0,0.2778,16.2744,13.5701,12.8835,1.2773,3.9849,,,,,,,,,Technology Hardware
JNPR,2019,"Juniper Networks, Inc.",Technology Hardware,United States and Canada,United States,68.505,57.26,64.29,63.52,24.595,3095200.0,0.1294,2.1281,53.8286,0.3652,12.2231,0.0,59.5398,0.0,0.2666,8.7636,12.2231,10.4227,,2.139,,,,,,,,,Technology Hardware
JPM,2010,JPMorgan Chase & Co.,Diversified Financials,North America,United States,61.5,58.0,59.0,59.5,30.155,36978150.0,0.0108,0.0,0.0,4.3335,0.0,0.0,0.0,0.0,0.6339,19.5088,0.0,30.4142,0.2281,2.8704,,,,,,,,,Diversified Financials
JPM,2011,JPMorgan Chase & Co.,Diversified Financials,North America,United States,61.833333333333336,58.833333333333336,58.333333333333336,59.666666666666664,31.03,35726900.0,0.0093,0.0,0.0,4.1062,0.0,0.0,0.0,0.0,0.6244,18.4339,0.0,27.248,0.1862,2.4426,,,,,,,,,Diversified Financials
JPM,2012,JPMorgan Chase & Co.,Diversified Financials,North America,United States,57.5,64.25,55.25,59.0,31.104999999999997,28091350.0,0.009899999999999999,0.0,0.0,3.6858,0.0,0.0,0.0,0.0,0.57575,21.9922,0.0,31.8674,0.22895,2.8161,,,,,,,,,Diversified Financials
JPM,2013,JPMorgan Chase & Co.,Diversified Financials,North America,United States,63.0,72.5,60.5,65.5,42.47,19972300.0,0.0099,0.0,0.0,3.4567,0.0,0.0,0.0,0.0,0.5864,20.892,0.0,34.6911,0.217,2.6202,,,,,,,,,Diversified Financials
JPM,2014,JPMorgan Chase & Co.,Diversified Financials,North America,United States,70.0,73.5,64.5,69.0,50.730000000000004,14042100.0,0.009,0.0,0.0,3.0979,0.0,0.0,0.0,0.0,0.5695,20.4838,0.0,29.6714,0.1917,2.3296,,,,,,,,,Diversified Financials
JPM,2015,JPMorgan Chase & Co.,Banks,North America,United States,76.5,71.0,60.0,69.0,54.965,14540300.0,0.0092,0.0,0.0,2.6923,0.0,0.0,0.0,0.0,0.5657,25.2481,0.0,34.0714,0.2568,2.9082,,,,,,,,,Banks
JPM,2016,JPMorgan Chase & Co.,Banks,North America,United States,73.5,67.955,57.335,65.69666666666667,56.415,14903200.0,0.0093,0.0,0.0,2.5868,0.0,0.0,0.0,0.0,0.5556,24.9282,0.0,38.1976,0.2514,2.7538,,,,,,,,,Banks
JPM,2017,JPMorgan Chase & Co.,Banks,United States and Canada,United States,74.084,67.30199999999999,61.053999999999995,66.964,82.39,13219000.0,0.0094,0.0,0.0,2.4788,0.0,0.0,0.0,0.0,0.552,25.9554,0.0,39.6087,0.2627,2.8978,,,,,,,,,Banks
JPM,2018,JPMorgan Chase & Co.,Banks,United States and Canada,United States,87.0,68.33333333333333,61.88333333333333,71.48666666666666,102.99,13900800.0,0.0101,0.0,0.0,2.5777,0.0,0.0,0.0,0.0,0.5148,29.6877,0.0,39.8297,0.3211,3.5939,,,,,,,,,Banks
JPM,2019,JPMorgan Chase & Co.,Banks,United States and Canada,United States,87.0,71.35,68.04,74.79,105.825,10812400.0,0.0101,0.0,0.0,2.6521,0.0,0.0,0.0,0.0,0.5273,30.9825,0.0,41.0592,,3.8477,,,,,,,,,Banks
K,2010,Kellogg Company,Food Products,North America,United States,62.5,70.5,74.0,68.5,37.17,2391200.0,0.269,0.8554,34.5233,2.4666,15.774,0.0,43.364,1.8782,0.6392,9.8628,15.774,14.0105,2.6438,12.6258,,,,,,,,,Food Products
K,2011,Kellogg Company,Food Products,North America,United States,63.666666666666664,70.66666666666667,74.66666666666667,69.0,39.7,1947950.0,0.2701,1.0248,35.421549999999996,2.642,14.0097,0.0,40.7609,1.92365,0.6987,8.756,14.0097,11.9867,2.3648,12.6915,,,,,,,,,Food Products
K,2012,Kellogg Company,Food Products,North America,United States,72.0,72.0,73.0,71.5,39.03,1711050.0,0.24385,0.7324,35.468599999999995,3.2555,14.36495,0.0,39.4086,1.7555,0.7133,8.9374,14.36495,12.338000000000001,2.1769499999999997,14.04615,,,,,,,,,Food Products
K,2013,Kellogg Company,Food Products,North America,United States,72.0,70.0,72.0,71.0,49.21,1588900.0,0.2442,0.8584,36.6067,2.5559,15.3473,0.0,39.7684,1.7271,0.6867,9.4777,15.3473,13.5703,2.3348,13.4402,,,,,,,,,Food Products
K,2014,Kellogg Company,Food Products,North America,United States,70.0,69.0,72.0,70.0,52.565,1689350.0,0.2319,0.7654,32.6807,2.5851,-12.0091,0.0,24.3597,2.0782,0.6755,-8.3381,-12.0091,-13.6312,-1.7871890000000001,-10.2771,,,,,,,,,Food Products
K,2015,Kellogg Company,Food Products,North America,United States,77.0,67.0,77.0,73.0,54.735,1694750.0,0.2145,0.6611,38.4978,2.9738,10.033,0.0,35.4774,1.744,0.6856,6.158,10.033,8.1706,1.321,7.6693,,,,,,,,,Food Products
K,2016,Kellogg Company,Food Products,North America,United States,73.43,64.30600000000001,76.738,70.61,64.94999999999999,1839350.0,0.2124,0.6571,40.5661,4.0327,12.5999,0.0,38.8445,1.6311,0.7584,8.5679,12.5999,10.9097,1.8197,13.2727,,,,,,,,,Food Products
K,2017,Kellogg Company,Food Products,United States and Canada,United States,72.59,61.488,75.194,68.8,61.75,2150100.0,0.2044,0.6756,40.4504,4.2192,12.126,0.0,36.106,1.6787,0.7879,8.9134,12.126,12.126,1.8413,15.2973,,,,,,,,,Food Products
K,2018,Kellogg Co,Food Products,United States and Canada,United States,74.34,56.435,71.7875,66.5425,60.69,2357500.0,0.1877,0.8238,40.9821,2.6639,11.4154,0.0,33.9003,1.6752,0.7196,10.9542,11.4154,13.0874,2.6584,10.5947,,,,,,,,,Food Products
K,2019,Kellogg Co,Food Products,United States and Canada,United States,77.60333333333334,57.23,72.32333333333334,68.14,54.87,1980450.0,0.1854,0.7181,43.8523,2.3948,11.1697,0.0,33.7574,1.8436,0.7003,7.325,11.1697,10.1127,,7.5426,,,,,,,,,Food Products
KEY,2010,KeyCorp.,Banks,North America,United States,33.0,54.0,55.0,47.0,6.07,13534150.0,0.011,0.0,0.0,1.274,0.0,0.0,0.0,0.0,0.4856,17.2481,0.0,28.6822,0.2244,2.4379,4353000000.0,-1468000000.0,-850000000.0,,,,-560000000.0,,Banks
KEY,2011,KeyCorp.,Banks,North America,United States,36.4,57.4,54.8,49.4,6.18,13250750.0,0.0114,0.0,0.0,1.3071,0.0,0.0,0.0,0.0,0.5194,21.4829,0.0,32.2896,0.2633,2.4411,3795000000.0,-1335000000.0,-2298000000.0,,,,2320000000.0,,Banks
KEY,2012,KeyCorp.,Banks,North America,United States,39.0,69.5,57.75,56.0,6.325,12330050.0,0.0113,0.0,0.0,0.8956999999999999,0.0,0.0,0.0,0.0,0.41205,22.3242,0.0,28.08615,0.2507,2.1826,3408000000.0,554000000.0,793000000.0,,,,2724000000.0,,Banks
KEY,2013,KeyCorp.,Banks,North America,United States,47.5,67.5,59.5,58.5,9.055,10374600.0,0.0109,0.0,0.0,0.8392,0.0,0.0,0.0,0.0,0.3938,22.2002,0.0,29.0387,0.2529,2.3432,2889000000.0,920000000.0,1331000000.0,,,,1793000000.0,,Banks
KEY,2014,KeyCorp.,Banks,North America,United States,51.0,63.0,61.0,58.5,10.98,9422500.0,0.0112,0.0,0.0,0.8417,0.0,0.0,0.0,0.0,0.4276,23.6191,0.0,32.9524,0.2686,2.4583,2705000000.0,858000000.0,1073000000.0,,,,1299000000.0,,Banks
KEY,2015,Keycorp,Banks,North America,United States,52.0,64.0,55.0,57.0,11.63,10199050.0,0.0109,0.0,0.0,1.06,0.0,0.0,0.0,0.0,0.4903,21.1132,0.0,29.3666,0.2449,2.2256,2620000000.0,910000000.0,1141000000.0,,,,1547000000.0,,Banks
KEY,2016,Keycorp,Banks,North America,United States,49.457499999999996,63.897499999999994,56.105,56.68,10.45,14178200.0,0.0101,0.0,0.0,0.9642,0.0,0.0,0.0,0.0,0.457,14.0269,0.0,18.1208,0.17,1.709,4114000000.0,900000000.0,1272000000.0,,,,1320000000.0,,Banks
KEY,2017,Keycorp,Banks,United States and Canada,United States,51.25,66.21,55.88,57.8,16.0,9949400.0,0.0112,0.0,0.0,1.0465,0.0,0.0,0.0,0.0,0.4882,23.5057,0.0,33.3781,0.2655,2.5518,4256000000.0,916000000.0,1222000000.0,,,,1131000000.0,,Banks
KHC,2015,The Kraft Heinz Company,Food Products,North America,United States,54.0,65.0,60.0,60.0,59.69,3254300.0,0.0579,1.4108,18.3689,0.3811,18.0657,0.0,33.7451,1.8029,0.2753,4.0006,18.0657,14.4582,0.5269,1.1193,2800000000.0,,,812000000.0,,,,,Food Products
KHC,2016,The Kraft Heinz Company,Food Products,North America,United States,49.568333333333335,53.65166666666667,59.95666666666667,53.80166666666667,69.945,2778900.0,0.0554,0.95,15.6252,0.5642,22.5467,0.0,35.3917,1.4793,0.3407,13.4355,22.5467,17.931,0.7537,1.5771,6120000000.0,276000000.0,,1628000000.0,,,,376832000.0,Food Products
KHC,2017,The Kraft Heinz Company,Food Products,United States and Canada,United States,45.428333333333335,43.835,60.826666666666675,48.63833333333333,73.35,2754500.0,0.0556,0.77,19.5621,0.531,24.4905,0.0,35.0796,1.3716,0.3243,17.4627,24.4905,21.6401,0.9714,1.9813,6793000000.0,950000000.0,,2531000000.0,,,,377000000.0,Food Products
KHC,2018,The Kraft Heinz Company,Food Products,United States and Canada,United States,55.69,45.794,68.08,54.827999999999996,52.27,5294200.0,0.0549,1.0451,29.791,0.5188,16.8259,0.0,32.8059,1.3739,0.3227,9.6976,16.8259,12.831,0.5162,0.9425,,1156000000.0,1639000000.0,2407000000.0,120946000000.0,63128000000.0,15000000.0,1218000000.0,Food Products
KHC,2019,The Kraft Heinz Co,Food Products,United States and Canada,United States,54.31,46.04,63.4725,53.295,29.255000000000003,7024200.0,0.0621,1.0282,30.2623,0.5921,11.458,0.0,32.2368,1.4066,0.3529,7.0091,11.458,8.6013,0.4341,0.867,,1003000000.0,,2347000000.0,,,,1217000000.0,Food Products
KIM,2010,Kimco Realty Corporation,Real Estate,North America,United States,31.0,41.0,60.0,43.0,8.86,5299850.0,0.022,0.0,0.0,0.7864,30.9482,0.0,0.0,0.0,0.4402,8.0767,30.9482,2.9467,0.2672,0.5243,,249902000.0,104609000.0,,,,567599000.0,,Real Estate
KIM,2011,Kimco Realty Corporation,Real Estate,North America,United States,35.0,43.5,57.0,44.5,10.65,3999200.0,0.0222,0.0,0.0,0.8056,29.4214,0.0,0.0,0.0,0.4462,18.7725,29.4214,4.076,0.4359,0.8277,,50836000.0,-54008000.0,,,,403582000.0,,Real Estate
KIM,2012,Kimco Realty Corporation,Real Estate,North America,United States,48.0,46.0,49.0,47.5,12.114999999999998,3079750.0,0.0223,0.0,0.0,0.8049,31.7751,0.0,0.0,0.0,0.44594999999999996,19.1518,31.7751,6.5094,0.4939,0.9337500000000001,826806000.0,142868000.0,229840000.0,,,,479935000.0,,Real Estate
KIM,2013,Kimco Realty Corporation,Real Estate,North America,United States,52.0,48.0,53.5,51.5,14.09,2979800.0,0.0223,0.0,0.0,0.9051,22.534,0.0,0.0,0.0,0.4751,18.599,22.534,0.9819,0.8077,1.658,814477000.0,169051000.0,237780000.0,,,,448613000.0,,Real Estate
KIM,2015,Kimco Realty Corporation,Real Estate,North America,United States,60.5,54.5,58.5,58.0,18.545,2869150.0,0.0256,0.0,0.0,1.0783,27.3896,0.0,0.0,0.0,0.5188,38.2325,27.3896,9.9319,0.8817,1.9689,861527000.0,236281000.0,249466000.0,,,,570035000.0,,Real Estate
KIM,2016,Kimco Realty Corporation,Real Estate,North America,United States,61.5925,55.474999999999994,63.3425,60.285,21.535,2812000.0,0.0256,0.0,0.0,0.9377,26.6876,0.0,0.0,0.0,0.4839,21.7826,26.6876,0.7465,1.3946,2.8989,993897000.0,424001000.0,310315000.0,,,,629343000.0,,Real Estate
KIM,2017,Kimco Realty Corporation,Real Estate,United States and Canada,United States,61.3675,53.4275,66.26,60.4525,15.79,3786400.0,0.0257,0.0,0.0,0.9935,33.8636,0.0,0.0,0.0,0.4984,34.5799,33.8636,17.6143,1.1662,2.4844,1166769000.0,894115000.0,343572000.0,,,,493701000.0,,Real Estate
KIM,2018,Kimco Realty Corporation,Real Estate,United States and Canada,United States,60.89333333333334,49.34,66.02333333333333,58.96666666666667,13.85,3894500.0,0.0258,0.0,0.0,0.9007,46.0845,0.0,0.0,0.0,0.4739,30.2473,46.0845,27.848,1.2661,1.8461,1170792000.0,378850000.0,393646000.0,,,,592096000.0,,Real Estate
KIM,2019,Kimco Realty Corporation,Real Estate,United States and Canada,United States,62.21,49.75,66.56,59.78,17.02,3483000.0,0.0258,0.0,0.0,1.068,37.701,0.0,0.0,0.0,0.5164,30.362,37.701,22.9018,,1.8889,1200834000.0,426075000.0,431017000.0,,,,614181000.0,,Real Estate
KLAC,2011,KLA-Tencor Corporation,Semiconductors,North America,United States,52.0,53.333333333333336,67.0,56.0,26.715,2688100.0,0.1745,4.517,58.8212,0.2544,31.9268,0.0,57.5311,0.5556,0.2028,24.1056,31.9268,31.0445,4.2055,6.5425,1520216000.0,57016000.0,91279000.0,269734000.0,,,195684000.0,,Semiconductors
KLAC,2012,KLA-Tencor Corporation,Semiconductors,North America,United States,56.333333333333336,56.0,66.66666666666667,58.333333333333336,31.05,2254500.0,0.15635,5.0433,69.5375,0.224,29.8532,0.0,56.865449999999996,0.50295,0.183,21.606650000000002,29.8532,28.5492,3.4173999999999998,5.2694,1820760000.0,212300000.0,314166000.0,506363000.0,,,447800000.0,,Semiconductors
KLAC,2013,KLA-Tencor Corporation,Semiconductors,North America,United States,60.0,59.0,66.0,61.0,37.1,1526600.0,0.1296,5.0509,65.5733,0.2141,26.0592,0.0,57.8245,0.4311,0.1764,18.7172,26.0592,24.5947,2.5489,3.8703,3175167000.0,794488000.0,1160330000.0,485372000.0,,,823166000.0,,Semiconductors
KLAC,2014,KLA-Tencor Corporation,Semiconductors,North America,United States,65.25,60.0,67.0,63.5,55.16,1786350.0,0.1356,4.2938,84.1094,5.3909,22.8746,0.0,58.1267,0.4273,0.842,2.9966,22.8746,-0.9267,0.4064,3.366,3171944000.0,756015000.0,1016325000.0,419521000.0,,,941617000.0,,Semiconductors
KLAC,2015,KLA-Tencor Corporation,Semiconductors,North America,United States,70.0,65.0,65.0,67.0,51.245000000000005,1383750.0,0.1553,4.0158,64.5352,8.5653,26.7723,0.0,57.9481,0.4154,0.8955,18.7773,26.7723,23.1298,2.9428,35.6258,2842781000.0,543149000.0,690621000.0,488773000.0,,,913188000.0,,Semiconductors
KLAC,2016,KLA-Tencor Corporation,Semiconductors,North America,United States,69.36666666666666,61.71333333333333,64.85,65.56,64.36,1263000.0,0.1721,3.8587,68.1351,3.8625,38.0819,0.0,63.2747,0.4746,0.7943,27.1702,38.0819,34.9926,4.6767,24.6868,2929408000.0,582755000.0,734461000.0,418177000.0,,,778886000.0,,Semiconductors
KLAC,2017,KLA-Tencor Corporation,Semiconductors,United States and Canada,United States,70.885,63.835,68.5,67.825,90.26,1135100.0,0.1704,3.3964,61.889,2.0287,37.4621,0.0,63.5805,0.4632,0.669,27.2906,37.4621,34.6698,4.6304,19.1902,2814049000.0,366158000.0,434131000.0,437834000.0,,,605906000.0,,Semiconductors
KLAC,2018,KLA-Tencor Corp,Semiconductors,United States and Canada,United States,74.90666666666668,64.03666666666668,68.91666666666667,69.60666666666667,100.18,1469000.0,0.1937,3.4487,52.8863,1.4011,39.6413,0.0,64.7136,0.4052,0.58,32.9584,39.6413,37.9895,6.1853,23.1031,2984493000.0,704422000.0,858192000.0,570535000.0,,,759696000.0,,Semiconductors
KLAC,2019,KLA-Tencor Corp,Semiconductors,United States and Canada,United States,77.14,63.9,70.15,70.76,120.35,1387900.0,0.1531,2.44,70.8103,1.2778,29.0253,0.0,57.2495,0.4818,0.5424,24.5169,29.0253,26.285,,12.9271,3480014000.0,926076000.0,1173246000.0,652938000.0,,,1079665000.0,,Semiconductors
KMB,2010,Kimberly-Clark Corporation,Household Products,North America,United States,51.8,67.8,74.0,63.0,42.004999999999995,2831400.0,0.2555,1.1808,43.8384,0.9169,14.0189,0.0,32.4162,1.4389,0.4522,9.6946,14.0189,12.9343,2.6178,0.0,19415000000.0,1690000000.0,2547000000.0,5858000000.0,18089000000.0,,2516000000.0,413600000.0,Household Products
KMB,2011,Kimberly-Clark Corporation,Household Products,North America,United States,65.75,67.0,77.75,69.25,46.705,2591850.0,0.2672,1.1243,43.417,1.1091,11.8844,0.0,29.5561,1.5416,0.4953,7.7581,11.8844,10.6104,2.1783,0.0,5382000000.0,498000000.0,711000000.0,1647000000.0,,,,,Household Products
KMB,2012,Kimberly-Clark Corporation,Household Products,North America,United States,79.5,72.25,76.75,76.0,60.58,2181000.0,0.2649,1.1764999999999999,46.39435,1.0968,14.3101,0.0,33.308,1.47525,0.4941,9.4515,14.3101,13.0575,2.6434,0.0,19746000000.0,1843000000.0,2773000000.0,6550000000.0,19864000000.0,,2744000000.0,406900000.0,Household Products
KMB,2013,Kimberly-Clark Corporation,Household Products,North America,United States,83.0,74.0,77.0,78.0,74.055,1855900.0,0.2699,1.12,42.7936,1.3012,15.113,0.0,34.1751,1.4899,0.5199,10.3763,15.113,13.8599,2.8031,0.0,20846000000.0,1591000000.0,2442000000.0,6152000000.0,19373000000.0,,,395700000.0,Household Products
KMB,2014,Kimberly-Clark Corporation,Household Products,North America,United States,79.66666666666667,80.33333333333333,75.66666666666667,78.66666666666667,93.00999999999999,1722800.0,0.311,0.8929,41.4395,6.963,3.2726,0.0,32.1665,1.731,0.8493,-1.7191,3.2726,1.947,-0.3092,-4.8048,19467000000.0,1750000000.0,2377000000.0,6129000000.0,19873000000.0,,,389300000.0,Household Products
KMB,2015,Kimberly-Clark Corporation,Household Products,North America,United States,77.0,79.5,76.25,78.0,92.325,1424050.0,0.3058,0.8546,44.3119,14.316985999999881,13.8797,0.0,35.6881,1.5329,0.9569,7.3364,13.8797,12.3155,2.3177,0.0,19561000000.0,2142000000.0,2903000000.0,6609000000.0,18919000000.0,,,380800000.0,Household Products
KMB,2016,Kimberly-Clark Corporation,Household Products,North America,United States,75.5625,75.38,80.175,76.645,110.3,1648700.0,0.3106,0.9196,43.5307,14.316985999999881,18.265,0.0,36.3518,1.6843,0.9421,11.9721,18.265,16.478,3.7788,0.0,19724000000.0,1526000000.0,2521000000.0,6683000000.0,15526000000.0,,,365300000.0,Household Products
KMB,2017,Kimberly-Clark Corporation,Household Products,United States and Canada,United States,77.715,70.425,81.8,75.82,109.44,1654700.0,0.3038,0.9153,45.264,14.316985999999881,17.9883,0.0,35.7342,1.6824,0.9341,12.1543,17.9883,16.1417,3.8474,0.0,18591000000.0,1013000000.0,1613000000.0,6624000000.0,14842000000.0,,2306000000.0,360900000.0,Household Products
KMB,2018,Kimberly-Clark Corporation,Household Products,United States and Canada,United States,79.35000000000001,69.79333333333334,80.57666666666667,75.83333333333333,102.11,2107300.0,0.3147,0.7555,44.6872,14.316985999999881,14.6006,0.0,30.9035,1.7887,0.9809,9.8429,14.6006,12.4457,3.1681,0.0,18287000000.0,2166000000.0,3383000000.0,6691000000.0,14602000000.0,,3232000000.0,356600000.0,Household Products
KMB,2019,Kimberly-Clark Corp,Household Products,United States and Canada,United States,80.925,70.4,76.49,75.605,127.625,1484350.0,0.2999,0.7467,44.7285,14.316985999999881,16.3867,0.0,33.5129,1.6855,0.986,11.9354,16.3867,13.8119,,115.96061349999727,18348000000.0,2278000000.0,3358000000.0,6587000000.0,15151000000.0,,2929000000.0,351100000.0,Household Products
KMI,2011,"Kinder Morgan, Inc.",Refiners & Pipelines,North America,United States,37.0,57.0,66.5,52.5,18.785,1491700.0,0.0674,0.3672,42.3812,1.9334,17.9548,0.0,56.9274,9.0227,0.614,7.1631,17.9548,6.6086,0.145,0.4771,7185200000.0,495000000.0,1407200000.0,,,,1579000000.0,,Refiners & Pipelines
KMI,2012,"Kinder Morgan, Inc.",Refiners & Pipelines,North America,United States,46.666666666666664,67.0,67.0,60.0,23.775,3406000.0,0.041,0.808,40.6411,1.5620500000000002,28.7366,0.0,70.2439,2.6443000000000003,0.5847,4.04975,28.7366,15.0776,0.551,1.6152,7852000000.0,-41000000.0,1133000000.0,,,,1913000000.0,,Refiners & Pipelines
KMI,2014,"Kinder Morgan, Inc.",Refiners & Pipelines,North America,United States,48.5,69.0,67.0,61.5,26.775,7591900.0,0.0516,0.5729,37.3305,1.2962,25.7303,0.0,61.7339,3.5,0.5464,7.2136,25.7303,17.145,0.6815,1.7344,9973000000.0,315000000.0,2593000000.0,,,,2808000000.0,,Refiners & Pipelines
KMI,2015,"Kinder Morgan, Inc.",Refiners & Pipelines,North America,United States,44.666666666666664,69.0,68.0,60.0,29.775,12113700.0,0.0432,0.4954,34.0869,1.2453,19.4497,0.0,70.1646,2.289,0.5383,5.0175,19.4497,7.85,0.2136,0.5106,,,,,,,,,Refiners & Pipelines
KMI,2016,"Kinder Morgan, Inc.",Refiners & Pipelines,North America,United States,41.26,66.85,69.81333333333333,58.63666666666666,15.42,16064400.0,0.0408,0.5451,36.584,1.1857,26.5565,0.0,71.2305,2.7311,0.5242,5.0162,26.5565,11.4488,0.2677,0.6178,16226000000.0,1026000000.0,4448000000.0,,,,4467000000.0,2125000000.0,Refiners & Pipelines
KMI,2017,"Kinder Morgan, Inc.",Refiners & Pipelines,United States and Canada,United States,40.667500000000004,63.71,67.06,56.4825,16.38,10714100.0,0.042,0.4284,36.155,1.0583,25.1753,0.0,68.2304,2.4429,0.4922,10.0059,25.1753,16.6718,0.4775,1.0576,14403000000.0,253000000.0,2447000000.0,,,,5313000000.0,,Refiners & Pipelines
KMI,2018,"Kinder Morgan, Inc.",Refiners & Pipelines,United States and Canada,United States,47.9275,60.935,61.845,56.61,15.01,13857900.0,0.0445,0.7572,39.5365,1.0809,27.982,0.0,68.2888,2.9634,0.5,12.7744,27.982,20.4972,0.6365,1.4538,13058000000.0,708000000.0,3538000000.0,,,,4758000000.0,,Refiners & Pipelines
KMI,2019,"Kinder Morgan, Inc.",Refiners & Pipelines,United States and Canada,United States,56.96,59.74,64.02,59.835,18.535,12882700.0,0.0419,0.4064,35.6472,1.0457,30.2738,0.0,76.2912,1.8815,0.4836,16.0237,30.2738,21.033,0.6884,1.5311,13705000000.0,183000000.0,3529000000.0,,,,4601000000.0,,Refiners & Pipelines
KMX,2010,CarMax Inc.,Retailing,North America,United States,37.0,48.0,65.0,49.0,23.37,2071850.0,0.355,2.5411,2.805,1.9512,7.266,0.0,14.7463,2.1447,0.6531,4.4468,7.266,7.2664,1.5869,5.1636,6973966000.0,59213000.0,96798000.0,968170000.0,,,264591000.0,,Retailing
KMX,2011,CarMax Inc.,Retailing,North America,United States,37.333333333333336,46.333333333333336,68.0,48.666666666666664,31.03,2281450.0,0.3517,3.0509,2.2553,1.7045,7.2731,0.0,13.6901,2.057,0.6224,4.2953,7.2731,6.9503,1.5105,4.3552,7470193000.0,277844000.0,446452000.0,1098870000.0,,,59522000.0,,Retailing
KMX,2015,CarMax Inc.,Retailing,North America,United States,42.0,51.0,70.0,52.666666666666664,64.155,1511450.0,0.2784,2.667,2.3238,3.0628,7.4356,0.0,13.4204,1.7596,0.7477,4.4333,7.4356,7.2028,1.2344,5.3637,10962818000.0,434284000.0,701351000.0,1464362000.0,,,,,Retailing
KMX,2016,CarMax Inc.,Retailing,North America,United States,42.4,48.06333333333333,70.91666666666667,51.79666666666666,52.150000000000006,2353200.0,0.2578,2.541,2.2365,3.7494,6.8849,0.0,13.6434,1.799,0.7842,4.0618,6.8849,6.5479,1.0472,5.3019,12574299000.0,492586000.0,797322000.0,1648701000.0,,,,,Retailing
KMX,2017,CarMax Inc.,Retailing,United States and Canada,United States,44.166666666666664,43.223333333333336,60.18333333333334,47.79333333333333,65.4,1777300.0,0.2599,2.3439,2.0754,3.9365,6.9958,0.0,13.7692,1.6949,0.7926,4.1358,6.9958,6.6163,1.0751,5.6678,14268716000.0,597358000.0,969331000.0,1887527000.0,,,,,Retailing
KMX,2018,CarMax Inc.,Retailing,United States and Canada,United States,43.79,44.03,59.65,47.85,68.43,1552300.0,0.2622,2.3546,1.9806,3.9171,6.4361,0.0,13.6515,1.7458,0.7917,4.6347,6.4361,6.0739,1.2153,6.3436,15149675000.0,623428000.0,1009944000.0,2018760000.0,,,,,Retailing
KMX,2019,CarMax Inc.,Retailing,United States and Canada,United States,43.79,44.03,59.75,47.88,83.43,1324650.0,0.2582,2.4235,2.4414,4.1033,6.2823,0.0,13.3327,1.7306,0.7993,4.4913,6.2823,5.8744,,6.4681,15875100000.0,626970000.0,1006405000.0,2183294000.0,,,,,Retailing
KO,2010,The Coca-Cola Company,Food Products,North America,United States,59.333333333333336,65.66666666666667,68.0,63.666666666666664,18.525,18800100.0,0.1558,1.333,39.7342,0.4537,27.8187,0.0,65.3691,1.2917,0.1364,27.3115,27.8187,36.0042,4.917,9.2297,31944000000.0,5807000000.0,8446000000.0,20570000000.0,,,7571000000.0,,Food Products
KO,2011,The Coca-Cola Company,Food Products,North America,United States,57.75,62.75,70.75,63.0,24.15,16537200.0,0.1498,1.0969,39.2866,0.8713,22.4853,0.0,60.1976,1.5369,0.2904,18.1581,22.4853,23.8978,2.7473,6.7047,30990000000.0,6824000000.0,8231000000.0,19902000000.0,,,8186000000.0,,Food Products
KO,2012,The Coca-Cola Company,Food Products,North America,United States,61.0,61.5,72.25,64.0,28.615000000000002,13590950.0,0.1424,1.10375,37.1211,0.9788,22.6337,0.0,60.3745,1.4129,0.3275,18.7277,22.6337,24.9919,2.6877,6.9336,35119000000.0,11787000000.0,8413000000.0,22426000000.0,,,9532000000.0,,Food Products
KO,2013,The Coca-Cola Company,Food Products,North America,United States,61.0,64.0,75.0,66.0,31.37,13625350.0,0.1345,1.0032,38.9395,1.1088,20.5486,0.0,60.8675,1.3695,0.3039,20.3408,20.5486,27.6492,2.7451,7.562,46542000000.0,8584000000.0,10173000000.0,28327000000.0,,,9474000000.0,,Food Products
KO,2014,The Coca-Cola Company,Food Products,North America,United States,68.0,71.0,78.0,71.75,34.89,16422350.0,0.1181,1.0189,36.9702,1.366,13.3462,0.0,59.9246,1.4055,0.3841,7.0824,13.3462,9.897,0.8378,2.5228,48017000000.0,9019000000.0,10779000000.0,28964000000.0,,,10645000000.0,,Food Products
KO,2015,The Coca-Cola Company,Food Products,North America,United States,62.5,78.75,68.5,70.25,34.185,13252350.0,0.1229,1.1601,35.469,1.7123,20.8191,0.0,59.9457,1.4727,0.497,12.6805,20.8191,15.38,1.5622,5.5317,46854000000.0,8584000000.0,10228000000.0,28433000000.0,,,10542000000.0,,Food Products
KO,2016,The Coca-Cola Company,Food Products,North America,United States,63.355999999999995,69.21000000000001,61.739999999999995,65.29400000000001,37.425,12278950.0,0.1132,1.2818,36.8838,1.7994,21.358,0.0,61.1493,1.4879,0.5468,9.8373,21.358,13.4299,1.1179,4.0008,45998000000.0,7098000000.0,9708000000.0,28109000000.0,,,10615000000.0,,Food Products
KO,2017,The Coca-Cola Company,Food Products,United States and Canada,United States,62.91833333333333,64.04666666666667,58.73333333333334,62.32333333333333,40.18,10337800.0,0.1003,1.3514,37.3284,2.2472,20.9957,0.0,62.2861,1.3014,0.5945,14.1311,20.9957,18.4402,1.5053,6.2112,44294000000.0,7351000000.0,8728000000.0,26812000000.0,,,10528000000.0,,Food Products
KO,2018,The Coca-Cola Company,Food Products,United States and Canada,United States,63.068000000000005,57.160000000000004,58.65,59.598,41.73,11913400.0,0.1019,1.0631,39.1189,2.3196,29.3599,0.0,61.869,1.2298,0.5711,21.4245,29.3599,27.0427,2.0926,9.0098,41863000000.0,6527000000.0,8657000000.0,25398000000.0,,,8792000000.0,,Food Products
KO,2019,Coca-Cola Co,Food Products,United States and Canada,United States,62.354,62.99400000000001,64.51,63.148,49.215,11517100.0,0.1087,0.8291,41.2086,2.0537,26.2859,0.0,60.6749,1.1355,0.5908,26.0778,26.2859,30.4992,,12.5175,36212000000.0,1248000000.0,7755000000.0,22491000000.0,,,7041000000.0,,Food Products
KR,2010,The Kroger Co.,Food Retailers,North America,United States,53.0,52.5,81.0,59.5,8.22,13852400.0,0.806,0.9481,3.8619,1.4841,2.6333,0.0,22.4414,3.129,0.5799,1.3966,2.6333,2.0896,1.1514,5.1868,76148000000.0,1249000000.0,2452000000.0,,,,2896000000.0,,Food Retailers
KR,2011,The Kroger Co.,Food Retailers,North America,United States,60.0,59.0,73.0,63.0,9.274999999999999,12540300.0,0.8938,0.8245,3.6967,1.4181,2.3335,0.0,20.8387,3.475,0.5662,1.3437,2.3335,1.8697,1.2095,5.4319,76609000000.0,375000000.0,1091000000.0,,,,,,Food Retailers
KR,2012,The Kroger Co.,Food Retailers,North America,United States,59.0,59.0,73.0,62.5,9.655000000000001,10107400.0,0.9227,0.7946,3.8981,2.10065,2.5978,0.0,20.5067,3.572,0.6374,1.36895,2.5978,2.11765,1.2415,7.9307,82049000000.0,1116000000.0,2182000000.0,,,,,,Food Retailers
KR,2013,The Kroger Co.,Food Retailers,North America,United States,59.666666666666664,55.0,78.66666666666667,62.333333333333336,15.3,7040400.0,0.927,0.8037,3.7371,1.6573,2.6228,0.0,20.4895,3.6453,0.5889,1.3973,2.6228,2.1864,1.3076,6.6007,90269000000.0,602000000.0,1278000000.0,,,,,,Food Retailers
KR,2014,The Kroger Co.,Food Retailers,North America,United States,60.666666666666664,62.666666666666664,75.33333333333333,65.33333333333333,22.9,6956000.0,0.8268,0.7608,4.1566,2.1587,2.6054,0.0,20.9029,3.2241,0.6456,1.4488,2.6054,2.1491,1.2077,6.8301,96619000000.0,1497000000.0,2764000000.0,,,,,,Food Retailers
KR,2015,The Kroger Co.,Food Retailers,North America,United States,61.333333333333336,59.0,75.66666666666667,63.666666666666664,33.459999999999994,7122000.0,0.8297,0.7503,4.4973,1.916,3.0788,0.0,22.0599,3.6166,0.6236,1.7069,3.0788,2.652,1.4067,7.3614,98375000000.0,1519000000.0,2725000000.0,,,,,,Food Retailers
KR,2016,The Kroger Co.,Food Retailers,North America,United States,62.33714285714286,54.67,72.75714285714285,61.87571428571429,32.37,8531700.0,0.7664,0.7011,4.4585,1.9209,2.6848,0.0,22.2314,3.3819,0.6009,1.4723,2.6848,2.2179,1.0905,5.7768,108465000000.0,1728000000.0,3137000000.0,,,,,,Food Retailers
KR,2017,The Kroger Co.,Food Retailers,United States and Canada,United States,63.260000000000005,54.879999999999995,72.97,62.335,24.95,9289700.0,0.754,0.8476,4.7094,2.2865,2.4785,0.0,22.0587,3.396,0.6787,1.2791,2.4785,1.9567,0.959,5.7129,109830000000.0,2039000000.0,3576000000.0,,,,4917000000.0,,Food Retailers
KR,2018,The Kroger Co.,Food Retailers,United States and Canada,United States,70.85000000000001,62.28,73.65333333333332,68.12333333333333,26.66,8625100.0,0.758,0.7301,4.7805,1.9804,2.3247,0.0,21.839,3.5212,0.6229,1.8134,2.3247,2.2417,1.3556,6.8275,115337000000.0,1975000000.0,3452000000.0,,,,4272000000.0,,Food Retailers
KR,2019,The Kroger Co,Food Retailers,United States and Canada,United States,71.7,62.92666666666667,69.59,67.66,24.32,7217800.0,0.6335,0.7596,5.0067,1.5632,1.9845,0.0,22.0776,3.3722,0.5837,1.0544,1.9845,1.349,,3.3168,123280000000.0,2026000000.0,2612000000.0,,,,3413000000.0,,Food Retailers
KSU,2010,Kansas City Southern,Transportation,North America,United States,51.0,61.0,68.0,59.5,34.015,1116300.0,0.0832,1.3683,34.3934,0.6113,27.5563,0.0,74.906,1.1037,0.3762,10.8232,27.5563,18.0318,0.938,1.9811,,,,,,,,,Transportation
KSU,2011,Kansas City Southern,Transportation,North America,United States,57.0,60.0,68.0,61.0,49.295,1075200.0,0.0898,1.6301,30.8926,0.57585,28.3613,0.0,73.76105000000001,1.22845,0.36165,18.0275,28.3613,21.4246,1.5622,3.1449,,,,,,,,,Transportation
KSU,2012,Kansas City Southern,Transportation,North America,United States,51.6,53.8,68.0,56.8,65.97,868050.0,0.0882,1.40335,30.5873,0.49385,31.2955,0.0,74.17775,1.1730999999999998,0.32335,15.86885,31.2955,28.5071,1.4289999999999998,2.7426,,,,,,,,,Transportation
KSU,2013,Kansas City Southern,Transportation,North America,United States,50.333333333333336,56.333333333333336,68.0,57.0,100.125,711000.0,0.0861,1.3438,30.6226,0.5208,31.8551,0.0,74.2761,1.1809,0.3356,18.486,31.8551,29.3276,1.5386,3.1167,,,,,,,,,Transportation
KSU,2014,Kansas City Southern,Transportation,North America,United States,51.0,56.0,68.0,57.0,111.255,818600.0,0.0806,0.7991,25.4381,0.5663,33.2918,0.0,75.5487,1.4153,0.3101,21.9455,33.2918,26.4903,1.7765,3.4919,,,,,,,,,Transportation
KSU,2015,Kansas City Southern,Transportation,North America,United States,46.0,54.333333333333336,70.0,55.333333333333336,89.045,1241900.0,0.0727,0.7466,27.9585,0.5604,34.7998,0.0,78.5567,1.003,0.3262,20.8103,34.7998,27.7228,1.5849,3.1569,,,,,,,,,Transportation
KSU,2016,Kansas City Southern,Transportation,North America,United States,45.330000000000005,54.20333333333334,70.21333333333332,55.1,84.57499999999999,1378900.0,0.0679,1.0225,28.7218,0.5816,35.2381,0.0,82.6232,0.6815,0.3416,21.1258,35.2381,27.6859,1.3887,2.7857,,,,,,,,,Transportation
KSU,2017,Kansas City Southern,Transportation,United States and Canada,United States,40.70333333333333,50.26,69.51333333333334,51.72666666666667,98.34,1067600.0,0.0722,0.6999,32.4076,0.5742,36.0085,0.0,82.0993,0.7626,0.3323,20.4753,36.0085,32.2723,1.4855,2.9922,,,,,,,,,Transportation
KSU,2018,Kansas City Southern,Transportation,United States and Canada,United States,42.93,53.36,64.43,52.475,105.36,1075500.0,0.0737,1.322,35.0215,0.5286,36.9452,0.0,81.0375,0.8247,0.3449,23.2133,36.9452,32.0029,1.6053,3.1558,,,,,,,,,Transportation
KSU,2019,Kansas City Southern,Transportation,United States and Canada,United States,49.03,53.41,64.78,54.72,119.92500000000001,907900.0,0.0745,0.7946,33.8287,0.5213,32.3509,0.0,80.9596,0.9223,0.3179,18.0252,32.3509,28.4441,,2.6981,,,,,,,,,Transportation
L,2010,Loews Corporation,Insurance,North America,United States,29.0,52.0,47.0,42.0,34.894999999999996,2020600.0,0.0482,0.0,0.0,0.4033,26.6781,0.0,0.0,0.0,0.2765,10.4991,26.6781,23.035,0.7208,2.3804,13247000000.0,4530000000.0,,,,,3371000000.0,,Insurance
L,2011,Loews Corporation,Insurance,North America,United States,30.0,51.666666666666664,47.666666666666664,43.0,38.095,1511850.0,0.0462,0.0,0.0,0.39115,17.179,0.0,0.0,0.0,0.2775,7.0582,17.179,13.8466,0.5311,1.7204,14117000000.0,564000000.0,,,,,4591000000.0,,Insurance
L,2012,Loews Corporation,Insurance,North America,United States,34.0,54.0,47.0,45.333333333333336,38.4,983150.0,0.04525,0.0,0.0,0.37405,13.9435,0.0,0.0,0.0,0.27105,3.2087,13.9435,11.0094,0.3897,1.2469,14615000000.0,1289000000.0,,,,,-47000000.0,,Insurance
L,2014,Loews Corporation,Insurance,North America,United States,33.0,57.0,47.0,46.0,40.645,1112350.0,0.0449,0.0,0.0,0.4328,15.3366,0.0,0.0,0.0,0.2954,5.9074,15.3366,11.6728,0.3841,1.2211,14072000000.0,568000000.0,2022000000.0,,,,,,Insurance
L,2016,Loews Corporation,Insurance,North America,United States,33.33,55.0425,48.6475,46.165,39.41,946550.0,0.0419,0.0,0.0,0.4666,17.7951,0.0,0.0,0.0,0.3145,8.6878,17.7951,13.8107,0.5006,1.6791,14325000000.0,591000000.0,1810000000.0,,,,,,Insurance
L,2017,Loews Corporation,Insurance,United States and Canada,United States,33.5,51.5775,47.247499999999995,44.5075,46.34,819600.0,0.0443,0.0,0.0,0.4693,14.4686,0.0,0.0,0.0,0.3152,6.877,14.4686,10.3305,0.3514,1.1532,13415000000.0,327000000.0,244000000.0,,,,,,Insurance
L,2018,Loews Corporation,Insurance,United States and Canada,United States,37.92,51.01333333333333,44.29333333333333,44.53,49.24,1238100.0,0.0445,0.0,0.0,0.5248,12.5348,0.0,0.0,0.0,0.3407,6.4067,12.5348,8.5515,0.3671,1.1346,3558000000.0,654000000.0,936000000.0,,,,2253000000.0,,Insurance
L,2019,Loews Corp,Insurance,United States and Canada,United States,37.92,53.1,43.8,45.01,49.795,984200.0,0.0445,0.0,0.0,0.5159,10.7843,0.0,0.0,0.0,0.3386,5.5986,10.7843,7.1207,,0.9622,3964000000.0,1164000000.0,1582000000.0,,,,2590000000.0,,Insurance
LB,2010,"L Brands, Inc.",Retailing,North America,United States,53.0,49.0,54.5,52.0,13.29,4629650.0,0.2931,2.3674,9.2702,1.2324,9.5756,0.0,35.9213,1.1275,0.552,5.8489,9.5756,9.6791,1.7142,5.7157,,,,,,,,,Retailing
LB,2011,"L Brands, Inc.",Retailing,North America,United States,54.5,49.0,70.0,56.0,22.665,3739400.0,0.3559,1.9688,8.8242,5.6384,8.5557,0.0,36.6965,1.34425,0.8494,8.4202,8.5557,11.2286,2.95295,24.356250000000003,,,,,,,,,Retailing
LB,2012,"L Brands, Inc.",Retailing,North America,United States,53.0,51.0,70.0,56.5,30.725,2514000.0,0.34485,1.94,6.58345,-8.848264,13.158100000000001,0.0,41.059749999999994,1.2583000000000002,1.044,5.882,13.158100000000001,9.7171,2.02985,-50.534578999999994,,,,,,,,,Retailing
LB,2013,"L Brands, Inc.",Retailing,North America,United States,56.5,56.0,68.5,59.5,36.765,2160850.0,0.3927,1.4879,7.0469,-5.1974,13.7125,0.0,39.4749,1.1901,1.2382,6.3051,13.7125,10.3616,2.4758,-14.3863,,,,,,,,,Retailing
LB,2014,"L Brands, Inc.",Retailing,North America,United States,61.0,64.0,68.0,64.0,49.05,1823500.0,0.3244,1.5837,10.6339,-8.848264,12.2467,0.0,40.8366,0.9239,1.1001,5.6921,12.2467,8.84,1.8464,-30.485,,,,,,,,,Retailing
LB,2015,"Limited Brands, Inc.",Retailing,North America,United States,67.0,71.0,70.0,69.5,69.61500000000001,1519400.0,0.3822,1.6427,8.5629,-7.7871,14.575,0.0,41.5391,1.2783,1.1473,7.3056,14.575,11.6817,2.9979,-31.221,,,,,,,,,Retailing
LB,2016,"Limited Brands, Inc.",Retailing,North America,United States,64.9975,60.9325,70.15,64.66,59.83,2037600.0,0.352,1.6273,8.5731,-5.0655,12.3565,0.0,39.7133,1.2409,1.2467,5.8148,12.3565,8.9135,2.0469,-13.9963,,,,,,,,,Retailing
LB,2017,"L Brands, Inc.",Retailing,United States and Canada,United States,60.93,56.5,71.55000000000001,61.81,41.92,3640100.0,0.335,1.682,8.0036,-6.3246,8.8617,0.0,37.314,1.3374,1.1903,3.8572,8.8617,5.1566,1.1926,-11.2575,,,,,,,,,Retailing
LB,2018,L Brands Inc,Retailing,United States and Canada,United States,57.18,56.125,73.75,60.894999999999996,30.93,4328200.0,0.3545,1.4628,9.3907,-5.1488,5.9025,0.0,35.4893,1.2459,1.2444,1.8279,5.9025,2.2468,0.6194,-4.9536,,,,,,,,,Retailing
LB,2019,L Brands Inc,Retailing,United States and Canada,United States,57.0,60.08,74.47,62.599999999999994,22.689999999999998,4706000.0,0.2518,1.1972,9.38,-5.9742,5.8197,0.0,33.8732,1.2491,1.2044,1.3094,5.8197,1.4473,,-4.0904,,,,,,,,,Retailing
LEG,2010,"Leggett & Platt, Incorporated",Consumer Durables,North America,United States,37.0,34.0,53.0,40.0,14.485,1427350.0,0.2814,2.331,55.2991,0.5565,8.794,0.0,19.4691,1.5384,0.3548,5.4703,8.794,7.8477,1.6205,3.2926,4076100000.0,104400000.0,192600000.0,691200000.0,,,436200000.0,,Consumer Durables
LEG,2011,"Leggett & Platt, Incorporated",Consumer Durables,North America,United States,34.0,36.666666666666664,58.0,41.0,16.21,1387950.0,0.3054,2.1379,54.656800000000004,0.6391,7.631,0.0,18.1103,1.5683500000000001,0.3892,4.772,7.631,6.7382,1.4989,3.3854,3055100000.0,111800000.0,198400000.0,629700000.0,3061200000.0,,565300000.0,,Consumer Durables
LEG,2012,"Leggett & Platt, Incorporated",Consumer Durables,North America,United States,43.0,46.0,62.0,49.0,17.09,1491900.0,0.2923,1.7327,54.2613,0.75875,9.72565,0.0,20.46265,1.5343,0.3796,6.835699999999999,9.72565,8.4314,1.8627,4.324999999999999,3359100000.0,176600000.0,255500000.0,655400000.0,3001000000.0,,362500000.0,,Consumer Durables
LEG,2013,"Leggett & Platt, Incorporated",Consumer Durables,North America,United States,43.0,45.0,62.0,48.0,24.12,998950.0,0.2655,2.1995,58.9369,0.6549,9.8978,0.0,20.4649,1.4277,0.3955,7.4364,9.8978,9.3242,1.9855,4.5407,3618900000.0,153300000.0,233700000.0,668500000.0,2915100000.0,,328900000.0,,Consumer Durables
LEG,2014,"Leggett & Platt, Incorporated",Consumer Durables,North America,United States,40.0,50.0,60.0,49.0,33.715,1046200.0,0.3035,1.4405,49.4042,0.8385,6.9863,0.0,21.3784,1.5569,0.399,2.1609,6.9862,6.189,1.4711,4.0003,3722400000.0,248200000.0,287500000.0,695600000.0,3254900000.0,,449700000.0,,Consumer Durables
LEG,2015,"Leggett & Platt, Incorporated",Consumer Durables,North America,United States,39.0,50.0,60.0,48.0,37.795,868200.0,0.3187,1.8372,49.5638,0.9019,11.9222,0.0,23.8926,1.5008,0.4617,8.5221,11.9222,11.2746,2.7601,7.4519,3800800000.0,197300000.0,237600000.0,709900000.0,3108100000.0,,416900000.0,,Consumer Durables
LEG,2016,"Leggett & Platt, Incorporated",Consumer Durables,North America,United States,39.175,48.2,59.9,47.965,41.959999999999994,776500.0,0.3091,1.9744,50.1856,0.9572,13.5051,0.0,23.9646,1.385,0.4888,9.8535,13.5051,12.7727,3.0486,8.4813,4200500000.0,98000000.0,295500000.0,790400000.0,3135900000.0,,381900000.0,,Consumer Durables
LEG,2017,"Leggett & Platt, Incorporated",Consumer Durables,United States and Canada,United States,39.225,47.3675,62.75,48.365,42.88,834300.0,0.3015,1.8096,52.5553,1.047,11.3796,0.0,21.442,1.3588,0.4797,8.1806,11.3796,11.2341,2.5123,7.1197,4383600000.0,325100000.0,449800000.0,923200000.0,2963700000.0,,359100000.0,,Consumer Durables
LEG,2018,"Leggett & Platt, Incorporated",Machinery,United States and Canada,United States,45.9,47.89,58.7,49.8,39.99,1143000.0,0.3075,1.9029,51.5758,1.1636,10.712,0.0,20.8062,1.3634,0.5349,7.7098,10.712,9.7506,2.3353,7.5403,4126000000.0,385800000.0,487100000.0,901700000.0,3551500000.0,,552600000.0,,Machinery
LEG,2019,"Leggett & Platt, Incorporated",Machinery,United States and Canada,United States,45.9,45.03,59.099999999999994,48.900000000000006,38.980000000000004,988300.0,0.2425,1.7426,49.1866,1.7906,11.6195,0.0,22.2305,1.4367,0.6363,7.5814,11.6195,9.925,,6.9664,3943800000.0,292600000.0,432000000.0,882400000.0,3550800000.0,,443700000.0,,Machinery
LEN,2010,Lennar Corp.,Homebuilders,North America,United States,37.0,37.666666666666664,72.0,46.333333333333336,14.63,5384500.0,0.0987,5.359,8.1711,1.1617,5.9578,0.0,8.8662,0.1771,0.4883,3.6407,5.9578,4.5088,0.4838,1.331,4575417000.0,-1109085000.0,,,,,1100834000.0,,Homebuilders
LEN,2011,Lennar Corp.,Homebuilders,North America,United States,34.5,40.5,70.5,46.5,17.119999999999997,4411950.0,0.094,4.8843,6.1036,1.1925,3.6611,0.0,6.6559,0.177,0.4881,2.496,3.6611,2.9358,0.2782,0.7624,3119387000.0,39719000.0,39435000.0,,,,420843000.0,,Homebuilders
LEN,2012,Lennar Corp.,Homebuilders,North America,United States,36.5,44.0,69.0,47.5,27.72,5697900.0,0.10635,6.06265,4.0632,1.1108,7.72875,0.0,10.764500000000002,0.1839,0.4876,8.40365,7.72875,5.46655,0.9634,2.46895,3074022000.0,95261000.0,188651000.0,,,,274228000.0,,Homebuilders
LEN,2013,Lennar Corp.,Homebuilders,North America,United States,36.0,43.0,63.0,46.0,35.370000000000005,4544100.0,0.1455,6.913786999999992,3.7957,1.1904,11.8582,0.0,14.2053,0.2114,0.5258,8.444,11.8582,11.8145,1.3607,3.5304,3095385000.0,452703000.0,193230000.0,,,,-259135000.0,,Homebuilders
LEN,2014,Lennar Corp.,Homebuilders,North America,United States,36.5,47.5,63.0,47.5,41.845,3115450.0,0.1999,6.913786999999992,8.6107,1.0051,14.0177,0.0,16.2492,0.2797,0.4702,9.3787,14.0177,14.6266,1.9552,4.8116,4105132000.0,679124000.0,349452000.0,,,,-424648000.0,,Homebuilders
LEN,2015,Lennar Corp.,Homebuilders,North America,United States,36.0,48.0,63.0,48.0,47.84,2754850.0,0.1759,6.913786999999992,2.6947,1.0637,11.7276,0.0,13.9948,0.2395,0.4811,8.8658,11.7276,12.8691,1.5882,3.9656,5935095000.0,479674000.0,828001000.0,,11239885000.0,,-807714000.0,,Homebuilders
LEN,2016,Lennar Corp.,Homebuilders,North America,United States,36.42666666666667,44.27,63.25,46.27,43.11,2261600.0,0.1889,6.913786999999992,2.5085,0.8129,11.7434,0.0,13.7757,0.2536,0.4212,8.2406,11.7434,11.982,1.5543,3.521,7779812000.0,638916000.0,1146945000.0,531362000.0,12923151000.0,,-788488000.0,,Homebuilders
LEN,2017,Lennar Corp.,Homebuilders,United States and Canada,United States,45.04666666666666,42.51333333333333,63.11000000000001,48.550000000000004,50.4,2095900.0,0.1947,6.913786999999992,3.273,0.8807,11.5007,0.0,13.7347,0.2743,0.4368,7.5646,11.5007,11.295,1.438,3.1803,9474008000.0,802894000.0,1425860000.0,561523000.0,14419509000.0,,-419646000.0,,Homebuilders
LEN,2018,Lennar Corp.,Homebuilders,United States and Canada,United States,46.71,43.332,57.525999999999996,48.064,51.74,3910800.0,0.2005,6.913786999999992,3.1981,0.6834,10.0615,0.0,11.9714,0.2857,0.3999,7.9236,10.0615,9.9764,1.1105,3.3127,10949999000.0,911844000.0,1563031000.0,650411000.0,15361781000.0,,507804000.0,,Homebuilders
LEN,2019,Lennar Corp.,Homebuilders,United States and Canada,United States,35.04,39.6,53.05,41.37,50.81,3017850.0,0.1988,6.913786999999992,4.5394,0.5878,11.0697,0.0,12.6509,0.2714,0.3698,8.6877,11.0697,11.3894,,3.3147,12646365000.0,810480000.0,1475500000.0,1057903000.0,18745034000.0,,982374000.0,,Homebuilders
LH,2010,Laboratory Corp. of America Holdings,Healthcare,North America,United States,36.0,39.0,63.0,44.0,76.26,987100.0,0.2498,1.0208,44.8837,0.5988,18.4345,0.0,41.3396,8.1669,0.2984,10.9675,18.4345,16.9683,2.835,6.3034,1188800000.0,136400000.0,,507400000.0,,,,132700000.0,Healthcare
LH,2011,Laboratory Corp. of America Holdings,Healthcare,North America,United States,50.0,45.0,61.0,51.0,88.91999999999999,824000.0,0.2275,1.092,46.0541,0.7799,17.0452,0.0,40.477,7.84295,0.4103,9.5621,17.0452,15.6711,2.2612,5.4103,1276500000.0,153700000.0,,533600000.0,,,,130300000.0,Healthcare
LH,2012,Laboratory Corp. of America Holdings,Healthcare,North America,United States,48.0,45.0,58.0,49.5,88.31,672250.0,0.22025,1.37985,47.02815,0.8968499999999999,18.329050000000002,0.0,39.82745,7.33165,0.43889999999999996,10.59845,18.329050000000002,16.9924,2.3499,5.6532,1404500000.0,134300000.0,,588200000.0,,,,127400000.0,Healthcare
LH,2016,Laboratory Corp. of America Holdings,Healthcare,North America,United States,48.0,43.5,57.025000000000006,48.68,127.005,747500.0,0.1667,1.3884,58.252,1.1173,13.4178,0.0,32.65,8.4594,0.4977,7.4336,13.4178,10.9082,1.2415,3.2552,6011600000.0,511200000.0,904300000.0,2203100000.0,,,739000000.0,107100000.0,Healthcare
LH,2017,Laboratory Corp. of America Holdings,Healthcare,United States and Canada,United States,48.4,50.086666666666666,55.973333333333336,51.43,149.67,631500.0,0.1646,1.3934,60.5804,1.0425,12.4628,0.0,29.9153,8.4586,0.4883,7.3095,12.4628,10.1778,1.2421,3.149,9641800000.0,437600000.0,996800000.0,2903300000.0,,,982400000.0,123900000.0,Healthcare
LH,2018,Laboratory Corporation of America Holdings,Healthcare,United States and Canada,United States,51.6,47.54,53.36,50.3,172.08,677300.0,0.1722,1.5091,59.004,0.8916,12.1287,0.0,27.8989,8.7614,0.4618,8.1569,12.1287,10.9095,1.4184,3.3264,2621400000.0,184800000.0,329800000.0,784200000.0,,,,123900000.0,Healthcare
LKQ,2010,LKQ Corp.,Retailing,North America,United States,49.5,48.0,69.0,53.5,10.09,1109900.0,0.2755,3.7142,24.7626,0.4469,10.8495,0.0,43.0242,0.784,0.2943,6.1312,10.8495,9.8543,1.779,2.9224,1908532000.0,99899000.0,193280000.0,843826000.0,,,132961000.0,,Retailing
LKQ,2012,LKQ Corp.,Retailing,North America,United States,49.0,48.0,64.0,52.0,17.665,1420500.0,0.29205000000000003,2.8022,26.9063,0.53575,10.27855,0.0,41.8003,0.7332000000000001,0.33730000000000004,6.0908,10.27855,9.550799999999999,1.76925,3.34735,2469881000.0,169071000.0,297877000.0,1093480000.0,2299509000.0,,159183000.0,,Retailing
LKQ,2013,LKQ Corp.,Retailing,North America,United States,51.0,43.0,57.0,49.0,25.915,1216050.0,0.2967,2.6548,30.4231,0.5821,10.1633,0.0,40.7329,0.7625,0.3569,5.9136,10.1633,9.0056,1.7231,3.3123,3269862000.0,210264000.0,361483000.0,1391993000.0,3199704000.0,,211772000.0,,Retailing
LKQ,2015,LKQ Corp.,Retailing,North America,United States,53.0,44.5,61.0,51.5,28.69,1428550.0,0.3211,3.1128,30.7961,0.5293,9.1031,0.0,39.3861,0.764,0.3408,5.5328,9.1031,8.4593,1.7767,3.3374,5062528000.0,311623000.0,530180000.0,2075402000.0,4438058000.0,,428056000.0,,Retailing
LKQ,2016,LKQ Corp.,Retailing,North America,United States,54.71,43.17,59.68,51.34,32.575,1833850.0,0.2691,2.8677,38.8596,0.9706,8.3087,0.0,38.7545,0.7069,0.4876,5.5582,8.3087,7.2327,1.3389,3.205,6740064000.0,381519000.0,649868000.0,2651913000.0,5475739000.0,,388711000.0,,Retailing
LKQ,2017,LKQ Corporation,Retailing,United States and Canada,United States,55.57,43.49,56.18,50.89,32.54,1553700.0,0.2782,2.8656,37.2924,0.7792,8.0744,0.0,38.8059,0.6747,0.4284,5.0275,8.0744,7.2146,1.3807,3.0285,7192633000.0,423223000.0,704627000.0,2833529000.0,5647837000.0,,544282000.0,,Retailing
LKQ,2018,LKQ Corporation,Retailing,United States and Canada,United States,43.43,43.49,55.28,46.42,33.02,2134500.0,0.2636,2.6463,36.1996,0.892,7.5178,0.0,38.3425,0.6876,0.4646,4.2949,7.5178,6.432,1.367,2.7459,8584031000.0,463975000.0,763398000.0,3351703000.0,8303199000.0,,635014000.0,,Retailing
LKQ,2019,LKQ Corporation,Retailing,United States and Canada,United States,43.43,43.49,55.48,46.47,27.549999999999997,2436650.0,0.2536,2.1829,34.9732,0.8006,7.269,0.0,38.3966,0.7542,0.4341,4.6643,7.269,6.3408,,3.0899,9736909000.0,533744000.0,844998000.0,3799623000.0,9366872000.0,,518900000.0,,Retailing
LLY,2010,Eli Lilly and Company,Pharmaceuticals,North America,United States,73.0,49.5,65.0,61.0,24.83,6496800.0,0.1996,2.1424,60.4864,0.5753,30.9914,0.0,82.189,0.4709,0.3601,23.0406,30.9914,29.5554,4.3569,10.5026,20371900000.0,-2071900000.0,-1307600000.0,,,,7295600000.0,,Pharmaceuticals
LLY,2011,Eli Lilly and Company,Pharmaceuticals,North America,United States,77.5,50.0,63.5,61.5,27.76,6905800.0,0.1861,1.75365,63.0786,0.4713,25.411,0.0,78.2349,0.5324,0.267,19.1482,25.411,24.4392,3.6526,8.2103,21836000000.0,4328800000.0,5357800000.0,,,,4335500000.0,,Pharmaceuticals
LLY,2012,Eli Lilly and Company,Pharmaceuticals,North America,United States,72.6,53.0,62.0,60.4,33.31,5771550.0,0.1735,1.8925,61.682050000000004,0.3698,21.1996,0.0,78.8314,0.48314999999999997,0.26955,17.269849999999998,21.1996,22.503349999999998,3.0198,6.638249999999999,23076000000.0,5069500000.0,6767200000.0,,,,6856800000.0,,Pharmaceuticals
LLY,2013,Eli Lilly and Company,Pharmaceuticals,North America,United States,77.0,64.0,71.0,69.5,42.905,4570350.0,0.17,1.5032,62.3282,0.3127,25.347,0.0,79.2451,0.4275,0.2015,20.3417,25.347,25.5477,3.5421,7.1206,24286500000.0,4347700000.0,5349500000.0,,,,7234500000.0,,Pharmaceuticals
LLY,2014,Eli Lilly and Company,Pharmaceuticals,North America,United States,82.33333333333333,62.333333333333336,69.33333333333333,68.66666666666667,57.754999999999995,4300700.0,0.1411,1.2245,66.8028,0.5213,6.0278,0.0,75.5316,0.4573,0.2574,8.367,6.0278,10.0287,1.1802,2.7846,22603400000.0,4088600000.0,5408200000.0,,,,5304800000.0,,Pharmaceuticals
LLY,2015,Eli Lilly & Co.,Pharmaceuticals,North America,United States,80.0,63.666666666666664,65.33333333333333,68.33333333333333,70.46000000000001,4165900.0,0.1382,1.5135,73.8135,0.544,17.5829,0.0,75.061,0.3705,0.352,12.0674,17.5829,13.6522,1.6672,4.0856,23113100000.0,4684800000.0,5889300000.0,,,,5735000000.0,,Pharmaceuticals
LLY,2016,Eli Lilly & Co.,Pharmaceuticals,North America,United States,79.89,60.555,61.85,65.7775,68.18,4052700.0,0.1482,1.5447,74.8185,0.6367,17.083,0.0,73.0165,0.3896,0.3721,13.834,17.083,17.4752,2.0499,5.1016,19615600000.0,2390500000.0,3000300000.0,,,,4458400000.0,,Pharmaceuticals
LLY,2017,Eli Lilly & Co.,Pharmaceuticals,United States and Canada,United States,69.90666666666667,57.48833333333334,55.5,59.995000000000005,76.37,3310800.0,0.1315,1.3759,79.7641,0.9,9.5741,0.0,73.0148,0.36,0.4105,9.8197,9.5741,11.9974,1.2918,3.7138,19958700000.0,2408400000.0,2790000000.0,,,,2964600000.0,,Pharmaceuticals
LLY,2018,Eli Lilly and Co,Pharmaceuticals,United States and Canada,United States,67.9225,52.755,59.275000000000006,58.5,82.12,3829800.0,0.1284,1.7286,92.2222,0.944,15.9678,0.0,78.2755,0.297,0.4521,19.9553,15.9678,16.5248,2.4506,7.7281,21222100000.0,2737600000.0,3374000000.0,,,,4851000000.0,,Pharmaceuticals
LLY,2019,Eli Lilly and Co,Pharmaceuticals,United States and Canada,United States,69.03,51.24,59.2,58.07,111.735,3932000.0,0.1458,1.1643,89.2544,5.5249,26.1239,0.0,79.0219,0.3789,0.8276,23.5457,26.1239,26.0064,,46.4494,19973800000.0,4241600000.0,2304800000.0,,,,5615600000.0,,Pharmaceuticals
LMT,2011,Lockheed Martin Corporation,Aerospace & Defense,North America,United States,60.25,61.25,63.0,61.5,57.254999999999995,2277400.0,0.3232,1.174,48.4421,2.3914,8.5962,0.0,8.2185,4.7785,0.6896,5.7761,8.5962,7.8708,1.8395,22.6727,43867000000.0,2973000000.0,4367000000.0,4147000000.0,,,3487000000.0,,Aerospace & Defense
LMT,2012,Lockheed Martin Corporation,Aerospace & Defense,North America,United States,67.2,61.6,72.8,66.8,68.235,1502300.0,0.3062,1.2064,49.20685,2.946,9.5796,0.0,8.76425,4.02225,0.7421,6.1252,9.5796,8.8129,1.8489,35.4356,45671000000.0,2878000000.0,4105000000.0,3844000000.0,,,3801000000.0,,Aerospace & Defense
LMT,2013,Lockheed Martin Corporation,Aerospace & Defense,North America,United States,73.5,58.5,74.0,68.5,87.28999999999999,1557650.0,0.2929,1.1735,53.8517,4.8207,11.0514,0.0,10.4345,3.5178,0.8282,7.5298,11.0514,10.3375,2.1641,65.9358,46499000000.0,2655000000.0,4020000000.0,3744000000.0,,,4253000000.0,,Aerospace & Defense
LMT,2014,Lockheed Martin Corporation,Aerospace & Defense,North America,United States,71.8,66.6,70.0,69.4,158.08999999999997,1471350.0,0.1856,1.1089,76.9241,1.8065,11.082,0.0,10.1222,2.204,0.6437,13.1472,11.082,9.8458,1.4657,15.9706,47182000000.0,2745000000.0,4434000000.0,4196000000.0,,,1561000000.0,,Aerospace & Defense
LMT,2015,Lockheed Martin Corporation,Aerospace & Defense,North America,United States,72.6,65.4,74.4,70.6,173.785,1200300.0,0.2539,1.1599,60.2982,2.9904,11.8489,0.0,10.9046,2.7689,0.7272,8.5984,11.8489,10.8251,1.9083,26.8752,45358000000.0,2981000000.0,4505000000.0,4187000000.0,,,4546000000.0,,Aerospace & Defense
LMT,2016,Lockheed Martin Corporation,Aerospace & Defense,North America,United States,72.76,61.876666666666665,76.88333333333334,70.19,213.525,1324250.0,0.237,1.1861,69.7732,5.8864,12.8099,0.0,11.9817,2.0954,0.8548,8.8192,12.8099,10.4518,1.8136,44.8148,39946000000.0,3614000000.0,5012000000.0,4683000000.0,,,3866000000.0,,Aerospace & Defense
LMT,2017,Lockheed Martin Corporation,Aerospace & Defense,United States and Canada,United States,72.166,58.996,76.966,68.99600000000001,258.51,934500.0,0.2579,1.3152,62.77,6.56,13.6592,0.0,12.9649,2.2363,0.9137,7.6017,13.6592,10.6822,1.9605,70.7932,40536000000.0,3605000000.0,4712000000.0,4492000000.0,,,5101000000.0,,Aerospace & Defense
LMT,2018,Lockheed Martin Corp,Aerospace & Defense,United States and Canada,United States,69.71,55.04999999999999,65.22333333333334,63.23666666666666,303.18,1326400.0,0.3147,1.1184,15.2633,14.316985999999881,13.3975,0.0,13.4167,4.0646,0.9308,8.6947,13.3975,10.5986,2.5773,115.96061349999727,47290000000.0,5173000000.0,5888000000.0,5401000000.0,,,5189000000.0,,Aerospace & Defense
LMT,2019,Lockheed Martin Corp,Aerospace & Defense,United States and Canada,United States,70.55,56.086666666666666,65.59666666666668,64.0,346.6,1074400.0,0.3079,1.2235,14.1428,3.9905,13.8752,0.0,13.5983,3.7732,0.7824,9.8427,13.8752,11.6656,,47.2406,49960000000.0,1963000000.0,6744000000.0,6371000000.0,,,6476000000.0,,Aerospace & Defense
LNC,2010,Lincoln National Corporation,Insurance,North America,United States,35.0,57.0,50.0,47.0,20.545,4134600.0,0.0138,0.0,0.0,0.449,14.4279,0.0,0.0,0.0,0.3047,4.4195,14.4279,11.5959,0.1302,1.829,9224000000.0,153000000.0,-137000000.0,,,,1259000000.0,,Insurance
LNC,2011,Lincoln National Corporation,Insurance,North America,United States,32.75,55.0,50.75,45.75,22.0,3929700.0,0.0129,0.0,0.0,0.4344,9.1873,0.0,0.0,0.0,0.2912,6.0071,9.1873,6.0856,0.0814,1.0792,8499000000.0,283000000.0,-521000000.0,,,,937000000.0,,Insurance
LNC,2012,Lincoln National Corporation,Insurance,North America,United States,37.0,55.0,47.0,47.0,19.62,3557800.0,0.0137,0.0,0.0,0.40049999999999997,16.4523,0.0,0.0,0.0,0.27695000000000003,11.0766,16.4523,14.1503,0.1521,2.2634,10415000000.0,902000000.0,1135000000.0,,,,1720000000.0,,Insurance
LNC,2013,Lincoln National Corporation,Insurance,North America,United States,36.0,57.0,47.0,47.5,31.085,2360500.0,0.0132,0.0,0.0,0.4327,16.9159,0.0,0.0,0.0,0.2834,11.1997,16.9159,14.6893,0.1466,2.517,10641000000.0,428000000.0,503000000.0,,,,1276000000.0,,Insurance
LNC,2014,Lincoln National Corp.,Insurance,North America,United States,45.0,57.0,51.0,51.0,47.32,1933000.0,0.0145,0.0,0.0,0.3507,13.5143,0.0,0.0,0.0,0.2508,9.4708,13.5143,11.7232,0.1373,2.2109,11535000000.0,1313000000.0,1568000000.0,,,,1269000000.0,,Insurance
LNC,2015,Lincoln National Corp.,Insurance,North America,United States,50.666666666666664,57.666666666666664,53.666666666666664,54.333333333333336,48.144999999999996,1849250.0,0.0132,0.0,0.0,0.3891,13.2135,0.0,0.0,0.0,0.2801,8.9246,13.2135,11.0691,0.1123,2.0783,11969000000.0,1244000000.0,1631000000.0,,,,799000000.0,,Insurance
LNC,2016,Lincoln National Corp.,Insurance,North America,United States,53.75,55.295,57.415,55.67,38.724999999999994,2065050.0,0.0126,0.0,0.0,0.3587,14.5751,0.0,0.0,0.0,0.2554,9.8276,14.5751,12.5189,0.1236,2.0415,13554000000.0,1515000000.0,1997000000.0,,,,2526000000.0,,Insurance
LNC,2017,Lincoln National Corp.,Insurance,United States and Canada,United States,58.9975,51.894999999999996,59.085,56.76,62.01,1375700.0,0.013,0.0,0.0,0.3279,16.3201,0.0,0.0,0.0,0.231,11.9054,16.3201,14.5258,0.1513,2.5694,13572000000.0,1154000000.0,1430000000.0,,,,2243000000.0,,Insurance
LNC,2018,Lincoln National Corporation,Insurance,United States and Canada,United States,61.58,55.629999999999995,63.83,60.535,62.03,1541100.0,0.014,0.0,0.0,0.3851,12.9105,0.0,0.0,0.0,0.278,9.5771,12.9105,11.2189,0.1314,2.7805,13330000000.0,1192000000.0,1458000000.0,,,,1272000000.0,,Insurance
LNC,2019,Lincoln National Corporation,Insurance,United States and Canada,United States,61.17,57.96,64.34,61.35,57.025000000000006,1431900.0,0.0134,0.0,0.0,0.3208,11.3921,0.0,0.0,0.0,0.2335,8.4223,11.3921,9.768,,1.9669,14257000000.0,2079000000.0,1130000000.0,,,,788000000.0,,Insurance
LNT,2010,Alliant Energy Corporation,Utilities,North America,United States,47.0,63.0,78.0,60.0,11.625,1243600.0,0.082,1.2908,44.244,0.8801,15.2815,0.0,60.302,1.4326,0.4627,6.9702,15.2815,11.7595,0.5827,1.8949,,,,,,,,,Utilities
LNT,2011,Alliant Energy Corporation,Utilities,North America,United States,51.0,62.5,78.5,61.0,14.11,1162500.0,0.0852,1.1889,32.86515,0.8798,14.2224,0.0,60.3228,1.53145,0.462,7.935499999999999,14.2224,11.16265,0.7664,2.4640000000000004,951700000.0,,246600000.0,,,,,110449099.0,Utilities
LNT,2012,Alliant Energy Corporation,Utilities,North America,United States,51.75,64.25,74.25,60.75,16.5,969000.0,0.07455,0.9921,35.1005,0.90575,15.7613,0.0,63.08595,1.4,0.46505,9.5466,15.7613,12.4873,0.6986,2.34755,877200000.0,,209400000.0,,,,,110656498.0,Utilities
LNT,2013,Alliant Energy Corporation,Utilities,North America,United States,50.0,67.0,77.0,62.0,19.86,878000.0,0.0749,0.833,34.4833,1.0011,14.3733,0.0,65.3343,1.3018,0.4723,9.0947,14.3733,10.9889,0.6282,2.163,887600000.0,,213700000.0,,,,,110893901.0,Utilities
LNT,2014,Alliant Energy Corporation,Utilities,North America,United States,51.0,68.0,73.0,61.5,25.775,965300.0,0.0667,0.8587,47.8261,1.0736,11.3543,0.0,63.5991,1.3079,0.4961,7.4618,11.3543,7.5612,0.5197,1.8224,866600000.0,,201400000.0,,,,,111018821.0,Utilities
LNT,2015,Alliant Energy Corporation,Utilities,North America,United States,52.0,67.0,73.0,62.0,25.75,1186500.0,0.0592,1.0528,42.7823,1.0131,15.198,0.0,71.1238,1.1183,0.4931,9.4255,15.198,11.517,0.5799,1.9715,952800000.0,,194800000.0,,,,,110987400.0,Utilities
LNT,2016,Alliant Energy Corporation,Utilities,North America,United States,49.54666666666666,64.62666666666667,75.75,60.620000000000005,32.455,1219650.0,0.0596,0.6995,47.8423,1.0764,17.0421,0.0,70.3022,1.1751,0.4846,11.1185,17.0421,13.9147,0.685,2.2928,898900000.0,,235900000.0,,,,,221887338.0,Utilities
LNT,2017,Alliant Energy Corporation,Utilities,United States and Canada,United States,46.13,59.1375,74.0,56.9975,37.16,1112700.0,0.0603,0.5112,49.9686,1.1129,20.0836,0.0,72.22,1.0771,0.4942,12.322,20.0836,15.4188,0.7043,2.3899,924600000.0,,162600000.0,,,,,221871360.0,Utilities
LNT,2018,Alliant Energy Corporation,Utilities,United States and Canada,United States,46.725,60.42,73.65,57.565,39.52,1567400.0,0.0566,0.6409,45.0969,1.2349,18.5271,0.0,71.082,1.1794,0.5238,12.3024,18.5271,14.2752,0.8672,2.3651,906900000.0,,236300000.0,,,,,226918432.0,Utilities
LNT,2019,Alliant Energy Corporation,Utilities,United States and Canada,United States,52.525000000000006,69.92,74.05,63.125,47.760000000000005,1214850.0,0.0527,0.5271,41.0996,1.2655,18.9572,0.0,76.5629,1.0174,0.5171,12.6661,18.9572,15.1085,,2.1825,990200000.0,,290200000.0,,,,,227673654.0,Utilities
LOW,2010,Lowe's Companies Inc.,Retailing,North America,United States,55.0,33.0,54.0,45.0,18.715,12897150.0,0.3374,1.3363,0.0,0.2951,7.0068,0.0,35.0479,0.881,0.2253,3.9151,6.3449,6.3449,1.307,2.5711,48230000000.0,2195000000.0,3506000000.0,16501000000.0,,,4122000000.0,,Retailing
LOW,2011,Lowe's Companies Inc.,Retailing,North America,United States,54.666666666666664,45.666666666666664,72.66666666666667,55.0,20.064999999999998,14051500.0,0.35,1.1718,0.0,0.3935,6.7952,0.0,34.4908,0.8693,0.2725,3.7587,6.073,6.073,1.2847,2.6405,47220000000.0,1783000000.0,2825000000.0,16463000000.0,,,4054000000.0,,Retailing
LOW,2012,Lowe's Companies Inc.,Retailing,North America,United States,59.0,55.0,72.0,61.0,24.725,12747800.0,0.35455000000000003,1.26685,0.0,0.63415,7.2455,0.0,34.26335,0.8986000000000001,0.37515,3.9839,6.4624,6.4624,1.4164,3.4664,48815000000.0,2010000000.0,3228000000.0,17152000000.0,,,3852000000.0,,Retailing
LOW,2014,Lowe's Companies Inc.,Retailing,North America,United States,59.0,59.0,69.0,61.5,46.0,5458300.0,0.402,1.1227,0.0,1.0584,7.9526,0.0,34.4858,0.9182,0.5018,4.2541,6.9732,6.9732,1.719,5.452,50521000000.0,1959000000.0,3137000000.0,17327000000.0,,,,,Retailing
LOW,2015,Lowe's Companies Inc.,Retailing,North America,United States,53.0,66.0,71.0,62.666666666666664,64.87,4457500.0,0.4268,0.9665,0.0,1.3066,9.2479,0.0,34.7493,0.898,0.5433,5.1045,8.266,8.266,2.1876,8.7849,53417000000.0,2286000000.0,3673000000.0,18476000000.0,,,,,Retailing
LOW,2016,Lowe's Companies Inc.,Retailing,North America,United States,52.77166666666667,57.16166666666667,70.71666666666665,59.01833333333334,68.63,5210700.0,0.445,1.0127,0.0,2.2516,10.4109,0.0,34.4359,0.9401,0.6755,5.7766,10.4109,9.3869,2.3778,12.2574,56223000000.0,2698000000.0,4792000000.0,19558000000.0,,,,,Retailing
LOW,2017,Lowe's Companies Inc.,Retailing,United States and Canada,United States,54.972,54.208000000000006,70.33,58.50600000000001,74.67,5134000.0,0.4559,1.0299,0.0,2.9045,9.2467,0.0,34.2139,0.9026,0.7403,5.1878,9.2467,8.2707,2.3707,15.1864,59074000000.0,2546000000.0,4971000000.0,20570000000.0,,,4784000000.0,,Retailing
LOW,2018,Lowe's Companies Inc,Retailing,United States and Canada,United States,60.13,54.93,69.82,60.47,92.27,4968600.0,0.4744,1.0164,0.0,2.7579,8.4389,0.0,32.9615,0.9736,0.7224,5.674,8.4389,7.5173,2.5839,17.1976,65017000000.0,3091000000.0,5846000000.0,21674000000.0,,,5617000000.0,,Retailing
LOW,2019,Lowe's Companies Inc,Retailing,United States and Canada,United States,62.06,60.55,71.02,63.69,103.995,4068700.0,0.4373,1.0607,0.0,6.6466,8.9602,0.0,32.1075,0.8565,0.8623,6.0156,8.9602,7.9423,,42.677,68619000000.0,3447000000.0,6586000000.0,22434000000.0,,,5065000000.0,,Retailing
LRCX,2010,Lam Research Corporation,Semiconductors,North America,United States,45.0,53.0,60.5,52.0,35.599999999999994,2273150.0,0.2968,3.1444,64.7071,0.0108,27.6904,0.0,46.793,1.2666,0.0079,24.039,27.6904,27.6737,6.186484999999999,10.2683,,,,,,,,,Semiconductors
LRCX,2011,Lam Research Corporation,Semiconductors,North America,United States,50.0,55.0,61.5,54.5,39.49,2378450.0,0.1744,5.2719,70.678,0.3053,14.6081,0.0,41.7208,1.0006,0.2332,10.5576,14.6081,12.8338,1.8415,3.0059,1115946000.0,-302148000.0,-281243000.0,388734000.0,,,-78129000.0,,Semiconductors
LRCX,2012,Lam Research Corporation,Semiconductors,North America,United States,55.0,57.0,61.0,57.0,32.96,3020300.0,0.11715,4.7702,63.98495,0.2797,3.12345,0.0,38.5086,1.0089,0.2033,1.59005,3.12345,1.909,0.15635,0.24425000000000002,2133776000.0,346669000.0,425410000.0,969935000.0,,,350713000.0,,Semiconductors
LRCX,2013,Lam Research Corporation,Semiconductors,North America,United States,55.0,58.5,61.5,58.0,42.735,1716400.0,0.1392,2.7907,63.2645,0.3309,10.3844,0.0,42.5451,0.9497,0.1783,8.6905,10.3844,8.9794,1.1821,1.9093,3237693000.0,723748000.0,804285000.0,1497232000.0,,,881028000.0,,Semiconductors
LRCX,2014,Lam Research Corporation,Semiconductors,North America,United States,58.0,64.0,61.0,60.666666666666664,71.195,1743050.0,0.1519,2.8764,68.9486,0.3064,15.3169,0.0,43.5513,0.7615,0.1684,14.3592,15.3169,14.5217,2.1816,3.5385,2665192000.0,168723000.0,237733000.0,1084069000.0,,,,,Semiconductors
LRCX,2015,Lam Research Corporation,Semiconductors,North America,United States,66.0,70.0,62.0,66.0,70.345,1939600.0,0.1582,2.8555,66.4401,0.428,16.754,0.0,43.9491,0.9082,0.1969,15.6419,16.754,14.6541,2.2869,3.8915,3598916000.0,113879000.0,118071000.0,1403059000.0,,,,,Semiconductors
LRCX,2016,Lam Research Corporation,Semiconductors,North America,United States,68.4425,68.285,61.9,66.75,78.055,2349450.0,0.1292,3.8102,71.1389,0.6781,19.9993,0.0,44.9874,0.9835,0.3459,16.7461,19.9992,18.237,2.1113,4.2435,4607309000.0,632289000.0,677669000.0,2007481000.0,,,,,Semiconductors
LRCX,2017,Lam Research Corporation,Semiconductors,United States and Canada,United States,74.995,68.46000000000001,63.325,69.78999999999999,144.9,1942100.0,0.1999,3.099,64.2268,0.3855,27.9735,0.0,46.3793,1.0004,0.2035,22.4497,27.9735,27.7515,4.3424,7.534,5259312000.0,655577000.0,788039000.0,2284336000.0,,,,,Semiconductors
LRCX,2018,Lam Research Corporation,Semiconductors,United States and Canada,United States,77.32,62.86,66.05000000000001,69.44999999999999,168.16,2990200.0,0.2343,2.9045,66.6736,0.3673,27.367,0.0,45.4028,0.8088,0.2369,22.8842,27.367,26.152,5.6999,9.9107,5885893000.0,914049000.0,1074256000.0,2618922000.0,,,,,Semiconductors
LRCX,2019,Lam Research Corporation,Semiconductors,United States and Canada,United States,80.17,62.86,65.45,70.43,190.29000000000002,1730050.0,0.1967,3.5947,67.971,0.9506,26.135,0.0,45.6607,0.8313,0.4473,21.5071,26.135,25.8103,,11.4713,8013620000.0,1697763000.0,1902132000.0,3603359000.0,12492433000.0,5773035000.0,2029282000.0,,Semiconductors
LUV,2010,Southwest Airlines Co.,Transportation,North America,United States,48.0,39.5,65.0,48.5,11.64,7266000.0,0.2108,1.2683,7.8693,0.582,11.1216,0.0,26.6414,10.013,0.3602,4.2068,11.1216,6.808,0.8472,2.1004,11023000000.0,178000000.0,449000000.0,,,,-1521000000.0,,Transportation
LUV,2011,Southwest Airlines Co.,Transportation,North America,United States,54.666666666666664,49.333333333333336,72.0,56.666666666666664,10.205,8367950.0,0.2274,0.9585,7.7035,0.5876,5.0048,0.0,22.0503,7.82935,0.3112,1.9305999999999999,5.0048,3.4059,0.4359,1.1431,10350000000.0,205000000.0,363000000.0,,,,985000000.0,,Transportation
LUV,2012,Southwest Airlines Co.,Transportation,North America,United States,63.0,54.666666666666664,76.33333333333333,62.666666666666664,8.364999999999998,7080150.0,0.229,0.9298,8.9812,0.47245000000000004,1.6703999999999999,0.0,21.3971,7.30455,0.3033,2.17455,1.6703999999999999,3.4901,0.4727,1.2553999999999998,12104000000.0,459000000.0,988000000.0,,,,1561000000.0,,Transportation
LUV,2013,Southwest Airlines Co.,Transportation,North America,United States,66.33333333333333,54.0,76.66666666666667,63.666666666666664,12.879999999999999,6539100.0,0.2347,0.8417,9.1683,0.4327,8.6966,0.0,25.7646,6.9079,0.2717,4.8245,8.6966,7.8182,1.1557,3.3033,15658000000.0,228000000.0,693000000.0,,,,1356000000.0,,Transportation
LUV,2014,Southwest Airlines Co.,Transportation,North America,United States,68.33333333333333,55.0,77.0,65.33333333333333,36.88,9568750.0,0.2346,0.663,7.0981,0.4791,13.4183,0.0,32.3466,9.155,0.3061,4.1054,13.4183,6.5039,0.9633,2.8044,17088000000.0,421000000.0,623000000.0,,,,2064000000.0,,Transportation
LUV,2015,Southwest Airlines Co.,Transportation,North America,United States,71.0,57.0,77.0,67.0,39.61,7142450.0,0.2425,0.6455,8.1354,0.4811,21.2287,0.0,38.2962,9.8746,0.3055,10.9816,21.2287,17.5442,2.7601,8.3812,17699000000.0,754000000.0,1278000000.0,,,,2477000000.0,,Transportation
LUV,2016,Southwest Airlines Co.,Transportation,North America,United States,68.8125,58.35,76.36,66.5125,39.93,6374900.0,0.223,0.6191,9.9474,0.5324,13.524,0.0,35.8705,9.7256,0.2964,9.3522,13.524,14.413,1.984,5.4733,18605000000.0,1136000000.0,2225000000.0,,,,2902000000.0,,Transportation
LUV,2017,Southwest Airlines Co.,Transportation,United States and Canada,United States,58.6475,52.5375,70.4525,59.1525,54.31,4754700.0,0.2187,0.6145,9.8265,0.5103,15.9344,0.0,35.6025,8.4452,0.3217,12.9646,15.9344,15.6892,3.1061,8.7104,19820000000.0,2181000000.0,4116000000.0,,,,3238000000.0,,Transportation
LUV,2018,Southwest Airlines Co.,Transportation,United States and Canada,United States,52.144999999999996,54.3,66.59,56.615,54.38,4620100.0,0.217,0.7009,11.9906,0.5135,14.3759,0.0,33.4502,8.1634,0.3191,11.4656,14.3759,14.3058,2.2878,6.6376,20289000000.0,2183000000.0,3522000000.0,,,,4293000000.0,,Transportation
LUV,2019,Southwest Airlines Co.,Transportation,United States and Canada,United States,43.76,56.02,67.64333333333333,54.633333333333326,52.195,3580650.0,0.2213,0.6548,13.8376,0.3229,14.5239,0.0,33.4989,7.5388,0.2056,11.6865,14.5239,14.5239,,6.6358,21146000000.0,3357000000.0,3407000000.0,,,,3929000000.0,,Transportation
LYB,2011,LyondellBasell Industries N.V.,Chemicals,Europe,Netherlands,46.0,54.333333333333336,73.66666666666667,55.666666666666664,17.585,4033150.0,0.4428,2.7618,33.1497,0.4142,9.8452,0.0,12.0397,1.8891,0.2911,6.0424,9.8452,9.3116,2.9886,6.2454,,,,,,,,,Chemicals
LYB,2012,LyondellBasell Industries N.V.,Chemicals,Europe,Netherlands,48.0,58.0,77.0,59.0,24.384999999999998,3481050.0,0.46795,2.7762,31.97285,0.3657,11.7804,0.0,14.2198,1.8475,0.2656,6.8457,11.7804,9.5484,3.2618,6.6534,13306000000.0,895000000.0,1493000000.0,,,,,,Chemicals
LYB,2013,LyondellBasell Industries N.V.,Chemicals,Europe,Netherlands,49.5,58.0,69.5,57.0,41.3,3392300.0,0.4159,2.6495,32.6101,0.4663,11.3485,0.0,13.7996,1.8187,0.3158,8.3671,11.3485,10.8368,3.6849,7.6477,48183000000.0,2147000000.0,4337000000.0,1687000000.0,,,2860000000.0,,Chemicals
LYB,2014,LyondellBasell Industries N.V.,Chemicals,Europe,Netherlands,51.0,58.0,67.0,57.0,57.644999999999996,3198350.0,0.4546,2.2954,30.6191,0.6897,13.3119,0.0,15.3668,1.9255,0.4061,9.7219,13.3119,13.1881,4.4005,10.8732,45352000000.0,2848000000.0,4676000000.0,1607000000.0,,,4787000000.0,,Chemicals
LYB,2015,LyondellBasell Industries NV,Chemicals,Europe,Netherlands,51.5,68.5,68.0,61.5,58.72,3709550.0,0.3482,2.2509,32.0365,1.1314,19.7984,0.0,22.4262,1.5623,0.5129,14.2189,19.7984,20.1104,4.9676,16.1725,44062000000.0,3857000000.0,5102000000.0,1948000000.0,,,4835000000.0,,Chemicals
LYB,2016,LyondellBasell Industries NV,Chemicals,Europe,Netherlands,52.35333333333333,65.20666666666666,69.66333333333334,61.17666666666667,54.14,3234550.0,0.3145,2.2165,34.4623,1.4788,16.9586,0.0,19.8507,1.4702,0.58,12.926,16.9586,17.3931,4.0779,15.6378,45608000000.0,4174000000.0,5736000000.0,2098000000.0,,,6048000000.0,,Chemicals
LYB,2017,LyondellBasell Industries NV,Chemicals,United States and Canada,United States,54.403333333333336,61.276666666666664,69.17666666666666,60.5,62.78,2380200.0,0.3484,2.4389,34.6113,1.2167,15.6412,0.0,18.5181,1.6612,0.538,13.4595,15.6412,16.8859,4.7019,16.5114,32735000000.0,4476000000.0,6122000000.0,1626000000.0,,,5842000000.0,,Chemicals
LYB,2018,LyondellBasell Industries N.V.,Chemicals,Europe,United Kingdom,59.15,63.79999999999999,64.14333333333333,62.02333333333333,78.14,2296900.0,0.3539,1.9166,35.5194,0.8054,12.969,0.0,16.3072,1.8492,0.414,10.9601,12.969,13.2644,3.8856,10.0732,28454000000.0,3836000000.0,5060000000.0,1802000000.0,,,5606000000.0,,Chemicals
LYB,2019,LyondellBasell Industries N.V.,Chemicals,Europe,United Kingdom,61.56666666666666,63.79999999999999,60.94,62.19333333333333,79.33,2332700.0,0.2896,1.4709,35.7957,1.496,12.887,0.0,16.6446,1.6098,0.5491,11.0411,12.887,12.6691,,9.3642,33705000000.0,4879000000.0,5460000000.0,1916000000.0,,,5206000000.0,,Chemicals
MA,2010,MasterCard Incorporated,Software & Services,North America,United States,45.0,41.0,68.0,49.0,21.17,12267000.0,0.1749,2.0535,36.5546,0.0002,52.5275,0.0,100.0,0.0,0.0002,33.5531,52.5275,52.2344,6.1625,10.6988,4992000000.0,452000000.0,673000000.0,,,,413000000.0,,Software & Services
MA,2011,MasterCard Incorporated,Software & Services,North America,United States,40.666666666666664,46.666666666666664,68.0,50.0,28.384999999999998,9982500.0,0.1847,2.10145,38.4943,0.0,53.097118999999736,0.0,100.0,0.0,0.0,36.9572,53.097118999999736,54.60275,6.186484999999999,11.0929,5099000000.0,1463000000.0,2260000000.0,,,,1378000000.0,,Software & Services
MA,2013,MasterCard Incorporated,Software & Services,North America,United States,48.0,53.0,70.5,56.0,55.955,5554500.0,0.1615,1.9482,40.7491,0.0,53.097118999999736,0.0,100.0,0.0,0.0,39.6303,53.097118999999736,55.153459999999995,6.186484999999999,11.4632,6714000000.0,1906000000.0,2713000000.0,,,,2684000000.0,,Software & Services
MA,2014,MasterCard Incorporated,Software & Services,North America,United States,55.0,53.0,67.0,57.0,81.095,4852500.0,0.1573,1.7674,41.3978,0.2189,42.2231,0.0,100.0,0.0,0.1796,33.2227,42.2231,41.7669,5.2254,11.738,7391000000.0,2759000000.0,3937000000.0,,,,2948000000.0,,Software & Services
MAA,2016,Mid-America Apartment Communities Inc.,Real Estate,United States and Canada,United States,47.13,40.5,50.79,45.365,82.24000000000001,624300.0,0.0396,0.0,0.0,1.091,26.6488,0.0,0.0,0.0,0.5218,16.5827,26.6488,17.7008,0.6934,1.5269,,,,,,,,75408571.0,Real Estate
MAA,2017,"Mid-America Apartment Communities, Inc.",Real Estate,United States and Canada,United States,47.88,41.37,51.02,46.87,90.52,612400.0,0.0333,0.0,0.0,0.6859,24.6186,0.0,0.0,0.0,0.4068,29.5897,24.6186,31.0139,1.0315,1.816,,,,,,,,113518212.0,Real Estate
MAA,2018,"Mid-America Apartment Communities, Inc.",Real Estate,United States and Canada,United States,48.25,41.339999999999996,52.276666666666664,47.38666666666666,90.05,629800.0,0.0348,0.0,0.0,0.702,24.7434,0.0,0.0,0.0,0.4125,15.0959,24.7434,15.9445,0.4791,0.9566,,,,,,,,,Real Estate
MAA,2019,"Mid-America Apartment Communities, Inc.",Real Estate,United States and Canada,United States,48.25,41.28,53.37,47.7,113.605,490200.0,0.037,0.0,0.0,0.7177,25.8848,0.0,0.0,0.0,0.4178,18.7,25.8848,19.8666,,1.3061,1528987000.0,328379000.0,341785000.0,,,,660800000.0,,Real Estate
MAR,2010,"Marriott International, Inc.",Consumer Services,North America,United States,43.0,52.0,65.0,52.0,28.08,4005400.0,0.3205,1.2552,31.0502,2.0118,6.3066,0.0,12.9874,1.638,0.6574,4.2945,6.3066,4.8338,1.3762,9.7222,,,,,,,,,Consumer Services
MAR,2011,"Marriott International, Inc.",Consumer Services,North America,United States,51.333333333333336,51.666666666666664,70.33333333333333,56.0,28.655,4005500.0,0.3395,0.8639,30.52375,2.5722,6.6883,0.0,12.87755,2.758,0.8592,3.7268499999999998,6.6883,5.4698,1.34435,-18.0538,,,,,,,,358200000.0,Consumer Services
MAR,2012,"Marriott International, Inc.",Consumer Services,North America,United States,53.0,64.0,71.0,61.0,33.61,2987300.0,0.4637,0.5083500000000001,29.0852,-2.2776,8.014850000000001,0.0,13.57965,21.25183049999997,1.3257449999999977,5.1513,8.014850000000001,7.5288,2.4093999999999998,-12.493300000000001,,,,,,,,358200000.0,Consumer Services
MAR,2013,"Marriott International, Inc.",Consumer Services,North America,United States,61.0,68.0,74.0,67.0,37.85,1965000.0,0.4877,0.6796,27.7475,-2.2283,7.7532,0.0,14.0106,0.0,1.3257449999999977,5.0633,7.7532,7.057,2.4691,-11.3556,12317000000.0,198000000.0,526000000.0,,,,1089000000.0,366900000.0,Consumer Services
MAR,2014,"Marriott International, Inc.",Consumer Services,North America,United States,59.5,65.0,72.5,64.5,71.09,2353750.0,0.5209,0.53,27.8168,-1.7141,8.1765,0.0,14.1332,0.0,1.3257449999999977,5.5353,8.1765,7.9236,2.8831,-8.9545,11814000000.0,571000000.0,940000000.0,,,,989000000.0,,Consumer Services
MAR,2015,"Marriott International, Inc.",Consumer Services,North America,United States,58.0,62.0,71.0,62.0,71.7,1962400.0,0.5836,0.491,28.7759,-1.1992,9.4746,0.0,14.5053,0.0,1.3257449999999977,5.8692,9.4746,8.6361,3.413,-5.8512,12784000000.0,626000000.0,988000000.0,,,,1140000000.0,,Consumer Services
MAR,2016,"Marriott International, Inc.",Consumer Services,North America,United States,54.906666666666666,56.879999999999995,73.29,60.19333333333333,64.97,3263150.0,0.1577,0.6549,38.9269,1.5104,9.9692,0.0,15.1192,0.0,0.6048,6.3301,9.9692,8.816,1.1268,1.1984,13796000000.0,753000000.0,1159000000.0,,,,1224000000.0,,Consumer Services
MAR,2017,"Marriott International, Inc.",Consumer Services,United States and Canada,United States,60.470000000000006,55.763999999999996,69.77000000000001,61.148,98.77,2224900.0,0.2182,0.525,33.8164,1.9213,14.2775,0.0,21.2091,0.0,0.647,9.384,14.2775,14.5333,2.0012,9.9776,14486000000.0,859000000.0,1350000000.0,,,,1515000000.0,,Consumer Services
MAR,2018,"Marriott International, Inc.",Consumer Services,United States and Canada,United States,60.05833333333334,57.885,66.62333333333333,60.94,128.16,2028400.0,0.2232,0.4632,36.2961,4.0133,11.7996,0.0,20.5398,0.0,0.7894,9.9584,11.7996,11.7601,2.1105,21.6437,15407000000.0,808000000.0,1424000000.0,,,,1619000000.0,,Consumer Services
MAR,2019,"Marriott International, Inc.",Consumer Services,United States and Canada,United States,60.99,53.903333333333336,64.89,59.48666666666666,128.51,1575700.0,0.2131,0.5054,40.1322,12.8628,7.7097,0.0,16.8055,0.0,0.9264,5.1946,7.7097,6.0696,,39.6871,20452000000.0,1459000000.0,2504000000.0,,,,2227000000.0,,Consumer Services
MAS,2010,Masco Corporation,Building Products,North America,United States,47.0,56.0,54.0,52.0,9.239999999999998,5160350.0,0.2115,2.3295,50.8447,1.5736,5.2121,0.0,25.2427,1.8142,0.6076,-0.3066,5.2121,0.7813,0.0757,0.2593,9484000000.0,55000000.0,90000000.0,2359000000.0,9483000000.0,,797000000.0,,Building Products
MAS,2011,Masco Corporation,Building Products,North America,United States,58.25,59.5,75.25,63.0,9.11,5867650.0,0.2373,1.4934,53.5135,2.7102,4.8048,0.0,25.0253,1.6271,0.723,0.3504,4.8048,3.2032,0.3089,1.6916,7657000000.0,3000000.0,70000000.0,2010000000.0,9175000000.0,,705000000.0,,Building Products
MAS,2012,Masco Corporation,Building Products,North America,United States,63.0,59.333333333333336,75.0,64.33333333333333,10.66,6579300.0,0.25849999999999995,1.64765,55.095200000000006,6.159649999999999,4.211,0.0,26.4618,1.6947999999999999,0.8447,-1.58785,4.211,1.0245,-0.027650000000000008,-0.8769,7486000000.0,36000000.0,-463000000.0,1833000000.0,8140000000.0,,465000000.0,,Building Products
MAS,2013,Masco Corporation,Building Products,North America,United States,53.0,52.0,64.5,55.5,16.21,4621100.0,0.3043,1.8511,50.693,4.9942,8.7483,0.0,28.2326,1.9469,0.833,3.5365,8.7483,6.1424,1.3169,16.9399,7170000000.0,33000000.0,-215000000.0,1787000000.0,7297000000.0,,239000000.0,,Building Products
MAS,2014,Masco Corporation,Building Products,North America,United States,51.0,52.0,57.0,52.666666666666664,19.1,4932400.0,0.2863,1.6373,35.7558,3.0355,9.3992,0.0,27.5194,2.1011,0.7213,4.845,9.3992,6.7829,1.5538,9.9291,7495000000.0,109000000.0,302000000.0,1956000000.0,6883000000.0,,281000000.0,,Building Products
MAS,2015,Masco Corporation,Building Products,North America,United States,62.0,56.5,63.75,60.75,22.525,3937100.0,0.3211,2.2579,49.2333,14.316985999999881,14.0294,0.0,32.0283,1.6689,0.9764,5.4432,14.0294,10.7667,2.0276,115.96061349999727,6761000000.0,543000000.0,612000000.0,1959000000.0,6885000000.0,,645000000.0,,Building Products
MAS,2016,Masco Corporation,Building Products,North America,United States,58.096000000000004,52.739999999999995,59.028,56.458000000000006,30.13,3529900.0,0.3493,2.0096,50.06,14.316985999999881,14.3314,0.0,32.8418,1.6662,0.9771,7.1391,14.3314,12.0938,2.7173,115.96061349999727,7006000000.0,856000000.0,721000000.0,2060000000.0,7208000000.0,,602000000.0,,Building Products
MAS,2017,Masco Corporation,Building Products,United States and Canada,United States,56.055,55.410000000000004,62.83,57.5225,35.84,2314400.0,0.3547,1.9539,53.6254,14.316985999999881,18.0058,0.0,36.1084,1.4873,0.977,7.8896,18.0058,12.6815,2.9911,115.96061349999727,7142000000.0,355000000.0,914000000.0,2253000000.0,5664000000.0,,810000000.0,,Building Products
MAS,2018,Masco Corp,Building Products,United States and Canada,United States,60.31,60.71,66.48,61.99,37.19,3289800.0,0.3394,1.6734,61.355,14.316985999999881,15.5856,0.0,32.7206,1.2746,0.9593,9.4538,15.5856,13.5829,3.2264,115.96061349999727,7361000000.0,493000000.0,1087000000.0,2462000000.0,5164000000.0,,789000000.0,,Building Products
MAS,2019,Masco Corp,Building Products,United States and Canada,United States,57.07,54.169999999999995,69.59333333333335,59.18333333333334,38.77,2935650.0,0.3253,1.4625,61.7308,14.316985999999881,16.8415,0.0,35.6061,1.1959,0.9918,12.9418,16.8415,14.0443,,115.96061349999727,6014000000.0,533000000.0,1029000000.0,2220000000.0,5534000000.0,,751000000.0,,Building Products
MCD,2010,McDonald's Corp.,Consumer Services,North America,United States,53.0,52.0,75.0,58.0,51.125,6116550.0,0.2023,1.2787,14.5941,0.8092,31.0369,0.0,40.3061,21.25183049999997,0.44,20.6173,31.0369,29.1868,4.2747,9.3346,23522400000.0,4313200000.0,6442900000.0,,28461500000.0,,5917200000.0,,Consumer Services
MCD,2011,McDonald's Corp.,Consumer Services,North America,United States,52.333333333333336,49.666666666666664,72.66666666666667,56.333333333333336,63.5,5934100.0,0.2103,0.9591500000000001,16.2799,0.8687,31.7013,0.0,39.7731,21.25183049999997,0.4517,20.4217,31.7013,29.9244,4.2951,9.5662,22744700000.0,4551000000.0,6841000000.0,,30224900000.0,,5751000000.0,,Consumer Services
MCD,2012,McDonald's Corp.,Consumer Services,North America,United States,56.0,55.0,72.0,59.666666666666664,70.985,5427900.0,0.2075,1.20455,16.7952,0.9553,31.3868,0.0,39.2704,21.25183049999997,0.4754,19.7793,31.3868,29.404200000000003,4.0411,9.5974,24074600000.0,4946300000.0,7473100000.0,,31975200000.0,,6341600000.0,,Consumer Services
MCD,2013,McDonald's Corp.,Consumer Services,North America,United States,56.5,54.0,72.0,59.5,78.425,4429300.0,0.2056,1.5931,16.5407,0.8826,31.0243,0.0,39.0356,21.25183049999997,0.4688,19.714,31.0243,29.079,4.0533,9.2052,27006000000.0,5503100000.0,8529700000.0,,32989900000.0,,7150100000.0,,Consumer Services
MCD,2014,McDonald's Corp.,Consumer Services,North America,United States,56.666666666666664,62.666666666666664,70.66666666666667,62.333333333333336,79.42500000000001,5338400.0,0.192,1.5232,16.63,1.162,26.6532,0.0,37.6449,21.25183049999997,0.5375,16.6991,26.6532,24.2856,3.2065,8.5386,27567000000.0,5464800000.0,8604600000.0,,35386500000.0,,6966100000.0,,Consumer Services
MCD,2015,McDonald's Corp.,Consumer Services,North America,United States,60.0,55.5,55.0,57.5,83.985,5954500.0,0.1859,2.1632,16.3249,2.165,29.6532,0.0,39.1725,21.25183049999997,0.684,19.0213,29.6532,26.9787,3.4406,15.7549,28105700000.0,5585900000.0,8764300000.0,,36626300000.0,,7120700000.0,,Consumer Services
MCD,2016,McDonald's Corp.,Consumer Services,North America,United States,59.4,53.830000000000005,53.44,55.96,106.91999999999999,4890350.0,0.1943,1.398,18.9104,-8.848264,32.6594,0.0,42.4323,21.25183049999997,1.0666,19.7947,32.6594,28.7764,3.8467,-50.534578999999994,27441300000.0,4757800000.0,7949200000.0,,34227400000.0,,6730300000.0,,Consumer Services
MCD,2017,McDonald's Corp.,Consumer Services,United States and Canada,United States,60.186,56.222,54.620000000000005,57.407999999999994,141.3,3174200.0,0.1767,1.8429,24.5386,-8.848264,40.1521,0.0,48.9608,21.25183049999997,1.1244,23.0607,40.1521,35.3002,4.2553,-50.534578999999994,25413000000.0,4529300000.0,7145500000.0,,37938700000.0,,6539100000.0,,Consumer Services
MCD,2018,McDonald's Corp,Consumer Services,United States and Canada,United States,59.815,55.69,53.79,56.864999999999995,152.82,3649500.0,0.1577,1.4664,37.9953,-4.9654,42.2552,0.0,52.2313,21.25183049999997,1.2522,27.9479,42.2552,37.694,4.5747,-24.1042,24621900000.0,4686500000.0,7744500000.0,,31023900000.0,,6059600000.0,,Consumer Services
MCD,2019,McDonald's Corp,Consumer Services,United States and Canada,United States,61.1925,55.04,54.95,57.4775,190.725,2961150.0,0.1171,0.9826,34.188,-4.1627,43.7872,0.0,53.0251,21.25183049999997,1.3169,29.2223,43.7872,39.1146,,-19.1491,22820400000.0,5192300000.0,9552700000.0,,33803700000.0,,5551200000.0,,Consumer Services
MCHP,2010,Microchip Technology Inc.,Semiconductors,North America,United States,47.0,57.0,51.0,51.0,21.725,2622050.0,0.1326,6.1821,47.7354,0.2102,31.9319,0.0,58.8317,0.9441,0.1737,26.9652,31.9319,31.0994,3.6034,6.1778,903297000.0,245587000.0,233328000.0,516504000.0,,,,,Semiconductors
MCHP,2011,Microchip Technology Inc.,Semiconductors,North America,United States,49.5,57.25,50.75,52.5,28.0,2112250.0,0.1123,6.5727,40.8163,0.1845,28.661,0.0,57.7516,0.6813,0.1558,23.5417,28.661,26.5031,2.6135,4.1644,947729000.0,217005000.0,244959000.0,534242000.0,,,,,Semiconductors
MCHP,2012,Microchip Technology Inc.,Semiconductors,North America,United States,55.333333333333336,61.0,61.0,58.666666666666664,27.095,1856050.0,0.10905000000000001,6.913786999999992,44.922399999999996,0.3335,15.7711,0.0,54.411500000000004,0.65915,0.2398,12.39875,15.7711,14.06665,1.38375,2.21415,1487205000.0,418950000.0,474183000.0,881251000.0,,,,,Semiconductors
MCHP,2013,Microchip Technology Inc.,Semiconductors,North America,United States,52.0,63.0,59.0,58.0,31.725,1753800.0,0.1205,5.3731,42.1061,0.4985,23.8513,0.0,58.6104,0.7408,0.3308,20.2582,23.8513,22.5722,2.5171,4.9445,1383176000.0,336705000.0,396516000.0,799294000.0,,,411978000.0,,Semiconductors
MCHP,2014,Microchip Technology Inc.,Semiconductors,North America,United States,53.0,63.0,58.0,57.5,38.61,1925100.0,0.1142,5.0511,41.2959,0.5957,18.5374,0.0,57.1124,0.8211,0.3703,16.2768,18.5374,16.3021,1.8319,3.7155,,,,,,,,,Semiconductors
MCHP,2015,Microchip Technology Inc.,Semiconductors,North America,United States,53.0,63.0,62.0,59.0,42.515,2051300.0,0.0992,6.0585,46.6952,1.1317,14.0895,0.0,55.5883,0.7407,0.5309,11.9875,14.0895,9.9664,1.1238,3.0478,1581623000.0,127389000.0,178553000.0,838459000.0,,,,,Semiconductors
MCHP,2016,Microchip Technology Inc.,Semiconductors,North America,United States,50.0975,60.1725,66.15,57.6325,48.405,1985100.0,0.1168,2.5755,49.0311,1.2326,7.2025,0.0,47.1239,0.8796,0.5521,3.8926,7.2025,2.8959,0.5029,1.4119,1931217000.0,395281000.0,458864000.0,1128743000.0,,,,,Semiconductors
MCHP,2017,Microchip Technology Inc.,Semiconductors,United States and Canada,United States,56.42666666666667,63.95666666666667,63.71666666666666,60.88333333333333,76.81,2031200.0,0.1232,3.1214,48.9722,0.8777,22.796,0.0,60.6758,0.871,0.4665,17.5496,22.796,18.3974,2.1628,4.9992,2147036000.0,369009000.0,425620000.0,1229564000.0,,,,,Semiconductors
MCHP,2018,Microchip Technology Incorporated,Semiconductors,United States and Canada,United States,57.23,61.4,61.28333333333333,59.699999999999996,84.01,2785300.0,0.0757,1.3174,42.0189,2.1055,10.9113,0.0,52.9485,0.8471,0.6617,3.579,10.9113,3.1093,0.5159,0.9533,2173300000.0,324100000.0,352300000.0,1205500000.0,,,,,Semiconductors
MCHP,2019,Microchip Technology Incorporated,Semiconductors,United States and Canada,United States,58.65,61.4,60.85,60.16,88.04499999999999,2186600.0,0.0732,0.9005,57.0893,1.8284,12.9744,0.0,61.6362,0.695,0.6108,8.1402,12.9744,3.0622,,2.0312,3407800000.0,164600000.0,275800000.0,1757200000.0,,,,,Semiconductors
MCK,2010,McKesson Corporation,Healthcare,North America,United States,43.666666666666664,52.333333333333336,71.66666666666667,54.0,58.875,2207400.0,0.929141999999999,1.231,26.7215,0.3344,1.5145,0.0,5.071,2.8057,0.2488,1.0856,1.5145,1.3656,0.9518,3.7417,106632000000.0,823000000.0,1196000000.0,5378000000.0,25267000000.0,,1351000000.0,,Healthcare
MCK,2011,McKesson Corporation,Healthcare,North America,United States,55.5,53.5,70.5,59.0,72.95500000000001,1861300.0,0.929141999999999,1.1722,28.3001,0.561,1.5819,0.0,5.2644,2.9875,0.3346,0.9762,1.5819,1.3887999999999998,0.9249,4.14715,108702000000.0,1263000000.0,2008000000.0,5676000000.0,28189000000.0,,2316000000.0,,Healthcare
MCK,2012,McKesson Corporation,Healthcare,North America,United States,56.333333333333336,53.333333333333336,70.33333333333333,58.666666666666664,82.725,1505250.0,0.929141999999999,1.1051,28.7653,0.497,1.95645,0.0,5.3297,2.8657500000000002,0.299,1.2927499999999998,1.95645,1.8026499999999999,1.2020499999999998,5.2167,112084000000.0,1202000000.0,1821000000.0,5970000000.0,,,2338000000.0,,Healthcare
MCK,2013,McKesson Corporation,Healthcare,North America,United States,58.0,53.0,70.0,59.0,109.995,1155500.0,0.9176,1.1481,28.161,0.6101,2.0317,0.0,5.9865,2.9335,0.3614,1.2248,2.0317,1.8673,1.1767,5.2948,122321000000.0,1403000000.0,2124000000.0,6402000000.0,,,2950000000.0,,Healthcare
MCK,2014,McKesson Corporation,Healthcare,North America,United States,58.0,53.0,70.0,60.0,193.17000000000002,924800.0,0.8435,1.1331,32.1033,1.1352,1.721,0.0,6.2344,2.8343,0.4952,1.0154,1.721,1.5468,0.9454,5.6903,,,,,,,,,Healthcare
MCK,2015,McKesson Corporation,Healthcare,North America,United States,58.0,53.5,70.5,59.5,207.555,1150100.0,0.8695,1.1124,31.5812,1.058,1.9565,0.0,5.99,2.9459,0.4767,1.2654,1.9565,1.7983,1.1394,7.1652,122196000000.0,1338000000.0,2347000000.0,6881000000.0,,,2483000000.0,,Healthcare
MCK,2016,McKesson Corporation,Healthcare,North America,United States,53.75,48.0125,68.03,55.455,158.97500000000002,1502350.0,0.8589,1.0674,32.9828,0.8545,1.6577,0.0,5.6094,3.021,0.385,1.0898,1.6577,1.556,1.1214,7.0909,137392000000.0,1263000000.0,2439000000.0,8352000000.0,,,3136000000.0,,Healthcare
MCK,2017,McKesson Corporation,Healthcare,United States and Canada,United States,55.199999999999996,46.471666666666664,73.97333333333334,56.901666666666664,143.47,1593900.0,0.8259,1.0537,33.7286,0.7324,1.2399,0.0,5.0637,2.9762,0.392,0.6053,1.2399,0.8971,0.5872,3.153,179045000000.0,1476000000.0,2968000000.0,11411000000.0,,,3112000000.0,,Healthcare
MCK,2018,McKesson Corp,Healthcare,United States and Canada,United States,62.96666666666667,43.64000000000001,72.08333333333333,57.00333333333333,134.0,1561200.0,0.8641,0.9965,32.5798,1.0109,1.2151,0.0,5.2831,3.045,0.4079,0.8344,1.2151,1.106,-0.1322,5.613,190884000000.0,2258000000.0,3545000000.0,11416000000.0,,,3672000000.0,,Healthcare
MCK,2019,McKesson Corp,Healthcare,United States and Canada,United States,63.70000000000001,41.406666666666666,72.39,56.27666666666667,132.04500000000002,1335400.0,0.929141999999999,1.0056,29.6543,1.2243,1.0865,0.0,5.0011,3.2984,0.5133,0.3143,1.0865,0.4969,,3.8684,198533000000.0,5070000000.0,7122000000.0,11271000000.0,,,4744000000.0,,Healthcare
MCO,2010,Moody's Corporation,Diversified Financials,North America,United States,41.5,50.0,52.5,47.5,22.975,2544900.0,0.2221,1.4382,73.2922,-4.1542,36.8011,0.0,70.0565,0.0,1.3209,25.3244,36.8011,35.34,5.8428,-46.1021,1755400000.0,457600000.0,748200000.0,,,,539700000.0,,Diversified Financials
MCO,2011,Moody's Corporation,Diversified Financials,North America,United States,51.333333333333336,51.333333333333336,56.333333333333336,53.0,29.215,2411550.0,0.2107,1.6289,73.2551,-7.4967500000000005,36.9095,0.0,68.0479,0.0,1.16295,24.6,36.9095,34.7826,5.2394,-50.534578999999994,1797200000.0,402000000.0,687500000.0,,,,643800000.0,,Diversified Financials
MCO,2012,Moody's Corporation,Diversified Financials,North America,United States,51.0,54.666666666666664,52.333333333333336,53.0,35.775000000000006,1496900.0,0.2032,1.84745,74.35445,8.36755,40.38075,0.0,70.9691,0.0,0.87235,26.7673,40.38075,39.1919,5.476649999999999,110.06815,2032000000.0,507800000.0,772800000.0,,,,653300000.0,,Diversified Financials
MCO,2013,Moody's Corporation,Diversified Financials,North America,United States,51.0,56.5,62.5,57.0,58.525000000000006,1193050.0,0.1773,2.7229,75.5209,6.0414,41.3182,0.0,71.6376,0.0,0.858,26.5272,41.3182,38.732,4.7689,60.2472,2280700000.0,571400000.0,888400000.0,,,,803300000.0,,Diversified Financials
MCO,2014,Moody's Corporation,Diversified Financials,North America,United States,51.0,58.0,70.0,60.0,90.66,1093150.0,0.1879,2.2392,81.2718,14.316985999999881,39.2821,0.0,70.8832,0.0,0.9834,26.9288,39.2821,38.2678,5.1703,115.96061349999727,2730300000.0,690000000.0,1077400000.0,,,,823100000.0,,Diversified Financials
MCO,2015,Moody's Corp.,Diversified Financials,North America,United States,54.666666666666664,57.0,64.33333333333333,59.0,95.74000000000001,924050.0,0.1749,2.724,78.5503,-8.848264,41.8853,0.0,71.7212,0.0,1.0833,27.7399,41.8853,41.1546,4.8985,-50.534578999999994,2972500000.0,804500000.0,1234600000.0,,,,926800000.0,,Diversified Financials
MCO,2016,Moody's Corp.,Diversified Financials,North America,United States,56.33,54.935,59.1,56.894999999999996,93.32,1014250.0,0.1827,2.1511,81.7451,-8.848264,43.3431,0.0,72.3912,0.0,1.1297,27.5057,43.3431,40.2355,5.1123,-50.534578999999994,3334300000.0,988700000.0,1439100000.0,,,,1018600000.0,,Diversified Financials
MCO,2017,Moody's Corp.,Diversified Financials,United States and Canada,United States,64.92333333333333,55.45666666666667,57.596666666666664,59.10666666666666,118.06,750100.0,0.1356,1.2507,85.2921,-8.848264,42.1959,0.0,70.7997,0.0,1.0317,29.8523,42.1959,43.8235,3.8495,-50.534578999999994,3484500000.0,941300000.0,1473400000.0,,,,1198100000.0,,Diversified Financials
MCO,2018,Moody's Corporation,Diversified Financials,United States and Canada,United States,64.06,60.17,55.64,59.62,162.2,778900.0,0.1281,1.5401,94.2469,8.6524,43.1902,0.0,71.6599,0.0,0.8885,28.701,43.1902,38.1939,4.1802,51.4767,3604200000.0,345600000.0,650900000.0,,,,1259200000.0,,Diversified Financials
MCO,2019,Moody's Corporation,Diversified Financials,United States and Canada,United States,66.79,60.17,55.64,60.44,195.3,755200.0,0.1266,1.7146,92.3204,7.5118,40.8759,0.0,71.7742,0.0,0.8717,29.116,40.8759,36.7397,,54.1152,4204000000.0,1001000000.0,1821000000.0,,,,755000000.0,,Diversified Financials
MDLZ,2010,"Mondelez International, Inc.",Food Products,North America,United States,69.8,53.0,65.8,62.0,15.74,10108350.0,0.1338,1.1076,42.7293,0.8586,12.8045,0.0,36.4242,1.4629,0.4581,6.3559,12.8045,9.1545,0.8118,2.1725,40492000000.0,2884000000.0,3576000000.0,13328000000.0,,,4141000000.0,,Food Products
MDLZ,2011,"Mondelez International, Inc.",Food Products,North America,United States,68.75,53.75,68.75,63.0,18.78,8905350.0,0.138,0.8627,46.5107,0.7746,12.8384,0.0,35.0987,1.3457,0.3867,7.0019,12.8384,9.625,0.9673,2.4955,38754000000.0,3021000000.0,5183000000.0,13935000000.0,66714000000.0,,5084000000.0,,Food Products
MDLZ,2012,"Mondelez International, Inc.",Food Products,North America,United States,70.0,58.5,72.0,66.5,21.915,9398650.0,0.0878,1.2317,73.0273,0.8045,10.25945,0.0,37.473,0.8623,0.4269,8.60565,10.25945,5.8771,0.4277,1.1329,31489000000.0,4114000000.0,2496000000.0,11872000000.0,95289000000.0,,3748000000.0,,Food Products
MDLZ,2013,"Mondelez International, Inc.",Food Products,North America,United States,70.0,60.0,69.0,66.0,26.795,9350650.0,0.1197,1.0127,62.712,0.5725,10.645,0.0,37.1105,1.3625,0.3171,11.9452,10.645,7.3298,0.8382,1.9081,35810000000.0,3554000000.0,3498000000.0,13100000000.0,,,4520000000.0,,Food Products
MDLZ,2014,"Mondelez International, Inc.",Food Products,North America,United States,69.5,64.0,69.0,67.0,33.1,8071300.0,0.1322,0.8389,48.4247,0.598,6.6704,0.0,35.6285,1.6333,0.3316,5.6625,6.6704,6.9989,0.7593,1.8203,35015000000.0,3067000000.0,3637000000.0,13076000000.0,75477000000.0,,3923000000.0,,Food Products
MDLZ,2015,"Mondelez International, Inc.",Food Products,North America,United States,71.0,70.0,65.0,69.5,37.144999999999996,8478200.0,0.1172,0.8202,49.9165,0.548,11.1474,0.0,38.9838,1.5317,0.3413,5.2996,10.9777,6.879,0.6557,1.7264,35299000000.0,3915000000.0,3971000000.0,13110000000.0,72464000000.0,,6410000000.0,,Food Products
MDLZ,2016,"Mondelez International, Inc.",Food Products,North America,United States,74.37,68.97999999999999,64.854,69.832,39.4,7586400.0,0.1011,0.6344,55.0751,0.6244,10.1238,0.0,38.8993,1.4078,0.3291,7.3627,10.1238,7.7277,0.7444,1.7018,34244000000.0,7266000000.0,3242000000.0,12597000000.0,66771000000.0,,3562000000.0,,Food Products
MDLZ,2017,"Mondelez International, Inc.",Food Products,United States and Canada,United States,73.304,64.396,61.262,66.72999999999999,40.55,6918400.0,0.1032,0.5086,49.7361,0.7139,14.6282,0.0,38.6569,1.4315,0.3322,10.3216,11.915,10.3933,1.1548,2.7882,29636000000.0,7267000000.0,8897000000.0,11512000000.0,62843000000.0,,3728000000.0,,Food Products
MDLZ,2018,"Mondelez International, Inc.",Food Products,United States and Canada,United States,71.33,56.65,59.126666666666665,62.406666666666666,40.24,7630600.0,0.0984,0.553,47.6211,0.7795,11.7207,0.0,38.3906,1.3631,0.3678,12.1512,11.7207,10.6552,1.6309,3.2124,25923000000.0,1635000000.0,2554000000.0,10104000000.0,61506000000.0,,2838000000.0,,Food Products
MDLZ,2019,"Mondelez International, Inc.",Food Products,United States and Canada,United States,61.99,56.63,59.94,59.33,51.47,5958350.0,0.0995,0.498,42.9215,0.7264,13.8316,0.0,39.9103,1.4001,0.3191,13.2465,13.7844,12.3535,,3.0718,25896000000.0,2828000000.0,3462000000.0,10034000000.0,62957000000.0,,2593000000.0,,Food Products
MDT,2010,"Medtronic, Inc.",Healthcare,North America,United States,67.33333333333333,72.33333333333333,69.0,69.66666666666667,29.9,6119100.0,0.1332,1.7817,79.6154,0.7126,28.0106,0.0,76.3318,0.5663,0.3253,21.9984,28.0106,27.5643,2.896,5.6845,,,,,,,,,Healthcare
MDT,2011,"Medtronic, Inc.",Healthcare,North America,United States,78.0,72.33333333333333,74.33333333333333,74.0,30.33,5899550.0,0.1269,1.9324,85.4156,0.6152,29.3715,0.0,76.01840000000001,0.526,0.334,20.8059,29.3715,25.7983,2.6342,5.0122,,,,,,,,,Healthcare
MDT,2012,"Medtronic, Inc.",Healthcare,North America,United States,82.0,71.0,75.0,74.5,32.745000000000005,4568800.0,0.1217,1.8102999999999998,81.7865,0.62295,28.9421,0.0,75.6789,0.5341,0.30025,22.298099999999998,28.9421,25.43475,2.62315,5.0072,,,,,,,,,Healthcare
MDT,2013,"Medtronic, Inc.",Healthcare,North America,United States,80.0,68.66666666666667,67.33333333333333,71.0,44.715,4200300.0,0.1168,4.2217,92.6451,0.6037,28.7554,0.0,74.574,0.5973,0.3423,21.7265,28.7554,26.6094,2.725,5.1461,,,,,,,,,Healthcare
MDT,2014,"Medtronic, Inc.",Healthcare,North America,United States,80.5,68.0,65.5,70.0,54.54,5708600.0,0.1126,3.1066,91.6491,0.7037,27.3248,0.0,73.8433,0.6097,0.3331,18.9647,27.3248,23.4082,2.1351,4.2597,,,,,,,,,Healthcare
MDT,2015,"Medtronic, Inc.",Healthcare,North America,United States,82.0,59.333333333333336,63.666666666666664,66.33333333333333,67.69999999999999,5532800.0,0.0685,3.5347,79.44,0.6798,15.5485,0.0,66.2359,0.7215,0.3896,7.3675,15.5485,12.9227,0.4955,0.9949,16590000000.0,3467000000.0,4402000000.0,3113000000.0,,,,,Healthcare
MDT,2016,"Medtronic, Inc.",Healthcare,Europe,Ireland,79.325,60.06,62.44,65.5875,73.405,4831100.0,0.0746,2.9759,67.2802,0.6302,18.8564,0.0,68.4482,0.6316,0.3664,14.5765,18.8564,14.9861,1.1069,2.1186,17005000000.0,3065000000.0,3813000000.0,3224000000.0,,,4959000000.0,,Healthcare
MDT,2017,Medtronic plc,Healthcare,Europe,Ireland,75.7,49.18,64.47,60.39666666666667,75.49,4445200.0,0.0746,1.7438,70.4411,0.6644,21.2734,0.0,69.189,0.6648,0.3382,14.6918,21.2734,18.1278,1.1657,2.3127,20261000000.0,2675000000.0,3766000000.0,4876000000.0,,,4902000000.0,,Healthcare
MDT,2018,Medtronic plc,Healthcare,Europe,Ireland,76.3,49.18,65.83,60.96,82.42,4783500.0,0.0849,2.4649,69.091,0.5032,20.639,0.0,70.5521,0.5988,0.3199,14.9044,20.639,18.1126,1.2706,2.2529,28833000000.0,3538000000.0,5361000000.0,5019000000.0,,,5218000000.0,,Healthcare
MET,2010,"MetLife, Inc.",Insurance,North America,United States,51.0,59.0,49.0,53.5,25.89,7758750.0,0.02,0.0,0.0,0.9531,3.1204,0.0,0.0,0.0,0.3951,2.318,3.1204,3.1204,0.0514,0.6778,50982000000.0,3209000000.0,,,,,10702000000.0,,Insurance
MET,2011,"MetLife, Inc.",Insurance,North America,United States,57.5,59.0,51.5,56.25,27.130000000000003,9041600.0,0.0222,0.0,0.0,0.738,8.8067,0.0,0.0,0.0,0.331,6.2347,8.8067,8.8067,0.1377,1.9774,40657000000.0,1557000000.0,-4361000000.0,,,,3803000000.0,,Insurance
MET,2012,"MetLife, Inc.",Insurance,North America,United States,56.0,64.0,52.25,57.5,23.195,9514650.0,0.0201,0.0,0.0,0.5257000000000001,-2.66085,0.0,0.0,0.0,0.26944999999999997,-0.26965,-2.66085,-2.66085,-0.001899999999999999,-0.032600000000000004,52247000000.0,3456000000.0,3729000000.0,,,,7985000000.0,,Insurance
MET,2013,"MetLife, Inc.",Insurance,North America,United States,55.0,57.666666666666664,47.333333333333336,53.0,32.019999999999996,7159700.0,0.0199,0.0,0.0,0.4222,5.9742,0.0,0.0,0.0,0.269,4.7513,5.9742,5.9742,0.1034,1.4735,70241000000.0,6423000000.0,9184000000.0,,,,10273000000.0,,Insurance
MET,2014,"MetLife, Inc.",Insurance,North America,United States,54.0,58.2,49.2,53.6,38.865,6294900.0,0.0212,0.0,0.0,0.3277,10.8583,0.0,0.0,0.0,0.2201,7.7933,10.8583,10.8583,0.1692,2.1045,68150000000.0,1324000000.0,1442000000.0,,,,17160000000.0,,Insurance
MET,2015,"MetLife, Inc.",Insurance,North America,United States,52.0,57.0,54.0,55.0,37.045,6846450.0,0.018,0.0,0.0,0.3466,6.8848,0.0,0.0,0.0,0.2305,6.6386,6.8848,6.8848,0.1246,1.6009,68199000000.0,3368000000.0,4052000000.0,,,,16131000000.0,,Insurance
MET,2016,"MetLife, Inc.",Insurance,North America,United States,47.998000000000005,59.17,57.04,55.044000000000004,32.885000000000005,7045000.0,0.0162,0.0,0.0,0.3059,2.6603,0.0,0.0,0.0,0.2074,0.4198,2.6603,2.6603,0.0275,0.3648,73316000000.0,6309000000.0,8804000000.0,,,,16376000000.0,,Insurance
MET,2017,"MetLife, Inc.",Insurance,United States and Canada,United States,62.6475,61.1225,55.7175,59.5275,41.83,5533100.0,0.022,0.0,0.0,0.347,6.0669,0.0,0.0,0.0,0.2294,5.6414,6.0669,6.0669,0.1226,1.5506,61343000000.0,5373000000.0,5651000000.0,,,,14052000000.0,,Insurance
MET,2018,MetLife Inc,Insurance,United States and Canada,United States,65.42,63.78,55.235,61.019999999999996,41.65,5745800.0,0.0233,0.0,0.0,0.3458,6.6241,0.0,0.0,0.0,0.2184,5.4024,6.6241,6.6241,0.131,1.7661,60787000000.0,911000000.0,4281000000.0,,,,14774000000.0,,Insurance
MET,2019,MetLife Inc,Insurance,United States and Canada,United States,68.78999999999999,64.67,57.02,62.9975,43.974999999999994,4960500.0,0.0239,0.0,0.0,0.2688,13.128,0.0,0.0,0.0,0.1789,9.6245,13.128,13.128,,2.7262,62308000000.0,4010000000.0,3536000000.0,,,,12283000000.0,,Insurance
MGM,2010,MGM Resorts International,Consumer Services,North America,United States,41.6,49.8,68.0,51.4,11.05,24938050.0,0.0783,1.168,30.1913,4.5791,-13.1389,0.0,37.6983,9.9583,0.8208,-20.2915,-13.1389,-25.906755999999998,-1.6617,-12.5175,7208767000.0,-855286000.0,-129603000.0,,,,753032000.0,,Consumer Services
MGM,2011,MGM Resorts International,Consumer Services,North America,United States,44.5,47.75,67.5,51.5,12.129999999999999,20121150.0,0.0802,1.3505,18.6725,1.353,5.04,0.0,35.4123,13.3515,0.5685,-5.2459,5.04,-8.3388,-0.22605,-0.63365,6010588000.0,-96741000.0,-11423000.0,,,,,,Consumer Services
MGM,2012,MGM Resorts International,Consumer Services,North America,United States,54.0,54.5,67.0,57.25,10.41,10432550.0,0.08435000000000001,1.3877,17.969299999999997,1.45615,6.8201,0.0,35.2308,13.55485,0.5917,-8.0337,6.8201,-6.9739,-0.5558,-1.6694,6056001000.0,3450691000.0,3683760000.0,,,,,,Consumer Services
MGM,2013,MGM Resorts International,Consumer Services,North America,United States,52.0,57.0,67.0,57.0,14.59,8686850.0,0.0963,1.0567,15.9714,1.6688,10.6696,0.0,36.1306,15.6253,0.6253,-2.5071,10.6696,0.6824,0.0621,0.2061,7849312000.0,3114637000.0,4057146000.0,,,,,,Consumer Services
MGM,2015,MGM Resorts International,Consumer Services,North America,United States,52.5,57.75,63.25,57.25,19.75,8221300.0,0.0869,1.1706,19.2127,1.457,13.0382,0.0,38.9638,13.6165,0.5812,2.9123,13.0382,3.4304,0.3551,1.0253,9809663000.0,110008000.0,1137281000.0,,,,,,Consumer Services
MGM,2016,MGM Resorts International,Consumer Services,North America,United States,56.262,55.69,64.022,58.0,22.310000000000002,6161700.0,0.0882,1.0393,18.0475,1.2979,28.3389,0.0,42.1473,14.6357,0.5648,20.9012,28.3389,20.5265,1.9379,5.4005,10081984000.0,169850000.0,1323538000.0,,,,,,Consumer Services
MGM,2017,MGM Resorts International,Consumer Services,United States and Canada,United States,53.385,53.27,65.08666666666667,56.27,29.66,6979300.0,0.0929,0.9274,16.3905,1.29,17.409,0.0,42.6644,15.0751,0.5543,7.913,17.409,10.2628,0.8439,2.3543,9190068000.0,535619000.0,769055000.0,,25215178000.0,,,,Consumer Services
MGM,2018,MGM Resorts International,Consumer Services,United States and Canada,United States,54.31,51.25,61.120000000000005,54.93666666666667,29.71,8178400.0,0.1011,0.7415,16.8216,1.3646,12.7007,0.0,40.9955,16.483,0.5771,4.1204,12.7007,5.7415,0.5719,1.2954,9478269000.0,1100408000.0,2078199000.0,,28174400000.0,,1533972000.0,,Consumer Services
MGM,2019,MGM Resorts International,Consumer Services,United States and Canada,United States,54.31,51.25,57.565,54.05,27.59,5259700.0,0.1046,0.8747,35.5511,1.3384,11.5252,0.0,40.9036,18.4632,0.5724,1.3466,11.5252,2.7272,,0.6953,10797479000.0,1952052000.0,1712527000.0,,,,2206411000.0,,Consumer Services
MHK,2010,Mohawk Industries Inc.,Consumer Durables,North America,United States,53.0,35.5,59.0,47.5,52.99,677650.0,0.2115,2.0279,45.2195,0.5054,6.5047,0.0,26.7666,0.9682,0.2848,3.9016,6.5047,4.5647,0.8441,1.5764,6826348000.0,-1458228000.0,-1124134000.0,1737764000.0,,,576086000.0,,Consumer Durables
MHK,2011,Mohawk Industries Inc.,Consumer Durables,North America,United States,52.333333333333336,43.0,66.33333333333333,52.333333333333336,57.065,515450.0,0.2298,2.0116,48.3794,0.46785,6.3406,0.0,24.7917,0.9583,0.2555,3.2337,6.3406,3.6685,0.7598,1.3951,5344024000.0,68081000.0,43730000.0,1232230000.0,6391446000.0,,672205000.0,,Consumer Durables
MHK,2012,Mohawk Industries Inc.,Consumer Durables,North America,United States,56.0,48.0,70.0,56.333333333333336,69.845,523650.0,0.2338,3.18835,48.90335,0.44620000000000004,7.0549,0.0,25.6171,0.9359,0.3005,4.7712,7.0549,5.8136,1.1155,1.9556,5319072000.0,185471000.0,314169000.0,1402600000.0,6098926000.0,,319712000.0,,Consumer Durables
MHK,2013,Mohawk Industries Inc.,Consumer Durables,North America,United States,61.0,62.0,68.0,63.0,116.47999999999999,717200.0,0.229,2.3362,52.168,0.5414,7.8472,0.0,26.3513,0.8976,0.3425,4.9192,7.8472,6.5581,1.304,2.4778,1473493000.0,173922000.0,315542000.0,1416879000.0,6206228000.0,,300993000.0,,Consumer Durables
MHK,2015,Mohawk Industries Inc.,Consumer Durables,North America,United States,59.666666666666664,61.666666666666664,66.33333333333333,61.666666666666664,189.39999999999998,606850.0,0.2011,1.0604,56.6444,0.671,12.5294,0.0,30.7536,0.8959,0.2099,9.5876,12.5294,11.5613,1.9327,4.0472,7348754000.0,348786000.0,546931000.0,1920809000.0,8494176000.0,,525163000.0,,Consumer Durables
MHK,2016,Mohawk Industries Inc.,Consumer Durables,North America,United States,59.35,56.550000000000004,68.65,60.55666666666667,196.025,512350.0,0.2202,1.1988,56.7468,0.4784,15.1793,0.0,31.6702,0.9365,0.1704,11.0455,15.1793,14.9826,2.4835,4.7555,7803446000.0,531965000.0,772796000.0,2154192000.0,8285544000.0,,662188000.0,,Consumer Durables
MHK,2017,Mohawk Industries Inc.,Consumer Durables,United States and Canada,United States,57.11166666666667,53.815,66.12333333333333,58.044999999999995,243.63,421700.0,0.2071,1.482,60.1561,0.3998,14.5055,0.0,31.8106,0.8714,0.1808,10.6269,14.5055,14.041,2.2585,3.987,8071563000.0,615302000.0,837566000.0,2410686000.0,9934400000.0,,929152000.0,,Consumer Durables
MHK,2018,"Mohawk Industries, Inc.",Consumer Durables,United States and Canada,United States,53.39,48.98,58.19,52.83,210.64,843800.0,0.1958,1.5381,60.6959,0.411,11.2831,0.0,28.2989,0.8244,0.1692,8.9172,11.2831,10.9008,1.6659,3.0115,8959087000.0,930362000.0,1279943000.0,2812825000.0,10230596000.0,,1345289000.0,,Consumer Durables
MHK,2019,"Mohawk Industries, Inc.",Consumer Durables,United States and Canada,United States,53.39,48.24,58.39,52.58,133.185,690500.0,0.1872,1.5179,63.3599,0.355,9.5356,0.0,27.4569,0.7817,0.1574,7.8329,9.5356,7.0734,,2.591,9491290000.0,971638000.0,1354173000.0,2996414000.0,12094853000.0,,1193595000.0,,Consumer Durables
MKC,2010,"McCormick & Company, Incorporated",Food Products,North America,United States,43.0,38.0,62.0,46.0,15.95,1353100.0,0.2501,1.2169,35.535,0.7072,15.857,0.0,42.1344,1.0335,0.3607,12.887,15.857,14.3594,3.1366,7.4106,3176600000.0,255800000.0,376500000.0,1288200000.0,,,314600000.0,,Food Products
MKC,2011,"McCormick & Company, Incorporated",Food Products,North America,United States,59.4,39.4,74.4,55.0,19.935000000000002,1198000.0,0.2478,1.2754,36.23235,0.6027,13.9505,0.0,39.6854,0.926,0.3749,9.9957,13.9505,12.6467,2.2937,4.9523,3192100000.0,299800000.0,466900000.0,1327200000.0,3387800000.0,,415800000.0,,Food Products
MKC,2012,"McCormick & Company, Incorporated",Food Products,North America,United States,71.75,46.75,75.5,62.75,25.405,1031000.0,0.24455,1.2965,37.2119,0.7522,13.57825,0.0,39.76745,0.9535,0.37555,9.44735,13.57825,12.25445,2.1834000000000002,5.202249999999999,3336800000.0,370200000.0,509800000.0,1417700000.0,3419700000.0,,387500000.0,,Food Products
MKC,2013,"McCormick & Company, Incorporated",Food Products,North America,United States,64.5,48.5,76.5,61.5,30.185000000000002,1030400.0,0.2382,1.2889,38.1154,0.765,14.6006,0.0,40.1023,0.9867,0.3435,10.2716,14.6006,13.2527,2.2835,5.5299,3697600000.0,374200000.0,540300000.0,1522500000.0,4087800000.0,,340000000.0,,Food Products
MKC,2014,"McCormick & Company, Incorporated",Food Products,North America,United States,66.0,52.333333333333336,75.33333333333333,63.0,32.32,1104500.0,0.2659,1.2622,37.8528,0.7101,16.9905,0.0,43.1237,0.9351,0.3592,12.6108,16.9905,15.9594,3.0016,7.3229,4014200000.0,407800000.0,578300000.0,1617800000.0,4165400000.0,,455000000.0,,Food Products
MKC,2015,"McCormick & Company, Incorporated",Food Products,North America,United States,68.0,51.0,70.0,62.0,35.855000000000004,1204300.0,0.236,1.015,34.3267,0.8266,13.0861,0.0,39.8056,0.8773,0.3177,9.2084,13.0861,11.8219,1.9574,4.9881,4123400000.0,389000000.0,550500000.0,1665800000.0,4449700000.0,,465200000.0,,Food Products
MKC,2016,"McCormick & Company, Incorporated",Food Products,North America,United States,69.455,53.115,69.17750000000001,62.855000000000004,44.355000000000004,1300500.0,0.2332,1.0595,34.1223,0.884,15.3804,0.0,41.604,0.8525,0.3732,11.7049,15.3804,14.1063,2.5565,6.7395,4243200000.0,437900000.0,603000000.0,1730200000.0,4382300000.0,,503600000.0,,Food Products
MKC,2017,"McCormick & Company, Incorporated",Food Products,United States and Canada,United States,70.5875,62.932500000000005,74.7825,68.575,46.75,1495400.0,0.1336,0.8304,36.0169,1.9554,14.2339,0.0,39.8995,0.8588,0.6335,9.1293,14.2339,11.2217,1.5926,5.0625,4296300000.0,401600000.0,548400000.0,1737300000.0,4472600000.0,,590000000.0,,Food Products
MKC,2018,"McCormick & Company, Incorporated",Food Products,United States and Canada,United States,72.4125,59.0125,69.4525,66.3125,55.71,1828600.0,0.1283,0.7947,32.7757,1.6019,17.4404,0.0,39.6374,0.9979,0.5784,13.1619,17.4404,14.4136,1.6063,5.3053,4411500000.0,472300000.0,641000000.0,1831700000.0,4635900000.0,,658100000.0,,Food Products
MKC,2019,McCormick & Co Inc,Food Products,United States and Canada,United States,71.45,57.47,68.15,65.03,76.89,1427400.0,0.1282,0.7828,30.4829,1.3348,19.0716,0.0,40.6184,0.9717,0.5247,14.3723,19.0716,16.4836,,5.2376,4730300000.0,477400000.0,699800000.0,1794000000.0,10385800000.0,,815300000.0,,Food Products
MLM,2010,Martin Marietta Materials Inc.,Construction Materials,North America,United States,38.0,45.0,65.0,47.5,74.695,497700.0,0.163,1.7152,45.9713,0.7076,16.4613,0.0,23.324,1.2098,0.3503,10.2061,16.4613,13.2106,1.7085,3.6531,2116421000.0,176256000.0,323386000.0,470515000.0,,,345634000.0,,Construction Materials
MLM,2011,Martin Marietta Materials Inc.,Construction Materials,North America,United States,36.0,46.333333333333336,66.33333333333333,47.333333333333336,70.91,398100.0,0.1468,3.8339,46.5371,0.7317,13.9927,0.0,21.0954,1.088,0.4114,7.7421,13.9927,10.9518,1.1688,2.5373,1573316000.0,85459000.0,182912000.0,331567000.0,3239283000.0,,318368000.0,3777565.0,Construction Materials
MLM,2012,Martin Marietta Materials Inc.,Construction Materials,North America,United States,44.75,51.0,66.75,52.5,75.24000000000001,418200.0,0.1691,3.8031,45.273849999999996,0.77875,10.8562,0.0,18.7041,1.3363,0.43574999999999997,6.7348,10.8562,8.4347,1.1614,2.645,1652806000.0,97012000.0,198307000.0,321651000.0,3074743000.0,,269808000.0,,Construction Materials
MLM,2013,Martin Marietta Materials Inc.,Construction Materials,North America,United States,42.0,47.5,64.5,49.5,91.63499999999999,344250.0,0.1737,3.7348,44.7795,0.7498,12.4055,0.0,19.0613,1.3023,0.4249,7.359,12.4055,10.0761,1.2832,2.878,1713616000.0,82379000.0,161009000.0,302002000.0,3147822000.0,,259094000.0,,Construction Materials
MLM,2014,Martin Marietta Materials Inc.,Construction Materials,North America,United States,41.0,47.0,61.0,47.666666666666664,111.78999999999999,901950.0,0.1186,2.6325,44.2448,0.3643,13.846,0.0,19.3058,1.4251,0.2652,7.4681,13.846,11.5793,0.8849,1.4677,2031901000.0,84474000.0,156170000.0,327134000.0,3160926000.0,,222689000.0,,Construction Materials
MLM,2015,Martin Marietta Materials Inc.,Construction Materials,North America,United States,44.5,50.0,61.0,50.5,140.98,725500.0,0.1269,2.95,48.0187,0.3889,16.5857,0.0,22.4972,1.5031,0.2754,9.8494,16.5857,14.5029,1.1961,2.0497,2155551000.0,121337000.0,217988000.0,363957000.0,3185005000.0,,308951000.0,,Construction Materials
MLM,2016,Martin Marietta Materials Inc.,Construction Materials,North America,United States,44.57,48.4,60.94333333333333,50.0,175.36,683900.0,0.1351,1.9698,46.1801,0.4244,19.5281,0.0,25.3179,1.4456,0.2698,12.4887,19.5281,17.9626,1.6882,3.0403,2957951000.0,155601000.0,314873000.0,522360000.0,7214517000.0,,381658000.0,,Construction Materials
MLM,2017,Martin Marietta Materials Inc.,Construction Materials,United States and Canada,United States,48.3,48.709999999999994,60.55,51.505,209.38,581500.0,0.1415,2.7278,48.1993,0.4251,20.0139,0.0,26.694,1.381,0.281,13.9323,20.0139,18.2626,2.0027,3.4965,3539570000.0,288792000.0,494167000.0,726920000.0,6957611000.0,,580600000.0,,Construction Materials
MLM,2018,"Martin Marietta Materials, Inc.",Construction Materials,United States and Canada,United States,48.43,49.34,59.6,51.542500000000004,199.28,631400.0,0.1253,1.8828,47.5838,0.6494,19.7322,0.0,25.662,1.3619,0.3641,14.7766,19.7322,17.1724,1.881,3.6492,3818749000.0,425386000.0,677266000.0,911738000.0,7300905000.0,,688940000.0,,Construction Materials
MLM,2019,"Martin Marietta Materials, Inc.",Construction Materials,United States and Canada,United States,48.43,49.085,60.85,51.765,222.07999999999998,542550.0,0.1259,1.8646,48.408,0.551,22.3447,0.0,27.8937,1.4274,0.34,14.8105,22.3447,18.7104,,3.7177,3965600000.0,713300000.0,700400000.0,971900000.0,8992500000.0,,657600000.0,,Construction Materials
MMC,2010,"Marsh & McLennan Companies, Inc.",Insurance,North America,United States,35.0,38.0,47.0,40.0,18.755000000000003,2913050.0,0.1694,1.6992,108.934,0.4734,9.4691,0.0,100.0,0.0,0.3207,7.0018,9.4691,7.2504,0.8589,1.9953,,,,,,,,,Insurance
MMC,2011,"Marsh & McLennan Companies, Inc.",Insurance,North America,United States,42.0,39.0,50.5,43.5,23.975,3060750.0,0.1882,1.5106,93.8168,0.4532,13.4457,0.0,100.0,0.0,0.2923,9.0096,13.4457,11.8294,1.5789,4.1077,,,,,,,,,Insurance
MMC,2013,"Marsh & McLennan Companies, Inc.",Insurance,North America,United States,46.5,47.5,57.5,50.5,34.965,2241500.0,0.1835,1.654,97.4903,0.3963,15.6982,0.0,100.0,0.0,0.2692,9.7271,15.6982,14.061,1.808,3.8495,,,,,,,,,Insurance
MMC,2014,"Marsh & McLennan Companies, Inc.",Insurance,North America,United States,49.5,54.5,64.5,57.0,49.265,1853950.0,0.1824,1.5048,93.6322,0.4737,16.5126,0.0,100.0,0.0,0.3207,9.0573,16.5126,11.337,1.5118,3.7712,,,,,,,,,Insurance
MMC,2015,"Marsh & McLennan Companies, Inc.",Insurance,North America,United States,49.0,58.0,60.0,56.0,50.335,1909100.0,0.1832,1.6234,101.615,0.6686,17.7951,0.0,100.0,0.0,0.4,11.2343,17.7951,16.5069,2.0861,5.7558,,,,,,,,,Insurance
MMC,2016,"Marsh & McLennan Companies, Inc.",Insurance,North America,United States,51.548,57.802,62.412,57.638,60.24,1890450.0,0.1849,1.3618,99.1973,0.7095,18.2456,0.0,100.0,0.0,0.4014,12.9608,18.2456,17.4792,2.4244,7.0313,,,,,,,,,Insurance
MMC,2017,"Marsh & McLennan Companies, Inc.",Insurance,United States and Canada,United States,54.35999999999999,56.02333333333333,61.31666666666666,57.53666666666667,72.68,1681300.0,0.1798,1.3673,102.592,0.7696,18.1818,0.0,100.0,0.0,0.4343,11.763,18.1818,17.422,2.0163,5.5672,,,,,,,,,Insurance
MMC,2018,"Marsh & McLennan Companies, Inc.",Insurance,United States and Canada,United States,59.723333333333336,63.366666666666674,59.00666666666666,60.61666666666667,79.39,1733200.0,0.172,1.2621,110.897,0.8018,16.7295,0.0,100.0,0.0,0.4224,7.8767,16.7295,10.9874,2.5332,3.7012,,,,,,,,,Insurance
MMC,2019,"Marsh & McLennan Companies, Inc.",Insurance,United States and Canada,United States,62.25,63.9,62.29,62.79,95.43,1516750.0,0.1354,1.1373,114.916,1.5739,13.8837,0.0,100.0,0.0,0.5789,7.6361,13.8837,12.4531,,4.1262,,,,,,,,,Insurance
MMM,2010,3M Company,Industrial Conglomerates,North America,United States,68.0,70.0,75.0,70.33333333333333,62.97,3675700.0,0.2286,2.371,50.0743,0.3637,22.927,0.0,47.8761,1.1331,0.2438,16.0896,22.927,22.3451,3.7419,7.1054,25269000000.0,3460000000.0,5218000000.0,,25793000000.0,,4533000000.0,,Industrial Conglomerates
MMM,2011,3M Company,Industrial Conglomerates,North America,United States,74.0,68.33333333333333,76.33333333333333,72.66666666666667,67.36,3773050.0,0.2345,2.2172,50.8976,0.3292,20.9932,0.0,46.5277,1.1174,0.2204,14.447,20.9932,20.4887,3.4345,6.3347,23123000000.0,3244000000.0,4814000000.0,,27250000000.0,,,,Industrial Conglomerates
MMM,2012,3M Company,Industrial Conglomerates,North America,United States,76.0,73.0,77.0,75.0,70.39500000000001,2761700.0,0.22205,2.28755,52.1317,0.3505,22.3823,0.0,47.781000000000006,1.0493000000000001,0.2138,15.4862,22.3823,21.9288,3.4899,6.6851,26662000000.0,4085000000.0,5918000000.0,,30156000000.0,,,,Industrial Conglomerates
MMM,2013,3M Company,Industrial Conglomerates,North America,United States,76.75,72.0,75.0,74.5,90.96000000000001,2446650.0,0.2271,1.7855,52.2309,0.3246,21.9556,0.0,47.5998,1.029,0.1942,15.4412,21.9556,21.5557,3.5541,6.6215,29611000000.0,4283000000.0,6178000000.0,,31616000000.0,,,,Industrial Conglomerates
MMM,2014,3M Company,Industrial Conglomerates,North America,United States,72.66666666666667,74.0,73.0,72.66666666666667,132.245,2487050.0,0.2473,2.0629,49.4131,0.5183,21.5313,0.0,47.83,1.0866,0.3378,15.274,21.5313,21.2204,3.7778,8.9712,29904000000.0,4444000000.0,6483000000.0,,33876000000.0,,,,Industrial Conglomerates
MMM,2015,3M Company,Industrial Conglomerates,North America,United States,72.5,73.5,78.5,74.5,134.845,2242950.0,0.2319,1.6507,53.6066,0.9206,23.9396,0.0,49.7277,1.0453,0.4233,16.805,23.9396,23.5753,3.9028,9.9238,30871000000.0,4659000000.0,6666000000.0,,33304000000.0,,,944033056.0,Industrial Conglomerates
MMM,2016,3M Company,Industrial Conglomerates,North America,United States,68.515,68.85166666666667,78.03666666666668,71.015,149.325,1907650.0,0.2264,1.8855,54.8199,1.026,24.354,0.0,50.0973,1.0654,0.4791,16.8494,24.354,23.9494,3.8905,11.0475,31821000000.0,4956000000.0,7135000000.0,,31374000000.0,,,944033056.0,Industrial Conglomerates
MMM,2017,3M Company,Industrial Conglomerates,United States and Canada,United States,56.269999999999996,70.5475,75.175,66.0,184.68,1682700.0,0.23,2.0697,56.685,0.9705,24.5717,0.0,48.761,1.0211,0.4878,17.4865,24.5717,24.4371,4.0667,11.744,30274000000.0,4833000000.0,6946000000.0,,32883000000.0,,6420000000.0,944033056.0,Industrial Conglomerates
MMM,2018,3M Company,Industrial Conglomerates,United States and Canada,United States,57.5325,68.6475,71.55,64.935,189.27,2292900.0,0.2187,1.8925,57.7437,1.4398,24.7301,0.0,48.9819,0.9373,0.5677,18.9279,24.7301,24.1045,4.1476,14.9937,30109000000.0,5050000000.0,7027000000.0,,32906000000.0,,6662000000.0,944033056.0,Industrial Conglomerates
MMM,2019,3M Co,Industrial Conglomerates,United States and Canada,United States,61.55666666666667,62.85999999999999,70.75,64.30666666666667,164.18,2476950.0,0.1878,1.9341,56.5386,1.8059,20.8298,0.0,47.2158,1.0452,0.6189,13.7927,20.8298,17.6967,,11.1517,31657000000.0,4858000000.0,7692000000.0,,37987000000.0,,6240000000.0,944033056.0,Industrial Conglomerates
MNST,2010,Monster Beverage Corporation,Food Products,North America,United States,48.0,35.0,54.0,44.0,7.145,4175400.0,0.3716,4.9727,32.3576,0.0002,28.1952,0.0,51.8856,1.2323,0.0,17.4317,28.1952,28.1464,6.186484999999999,8.7268,1033780000.0,108032000.0,163591000.0,538794000.0,,,199496000.0,,Food Products
MNST,2011,Monster Beverage Corporation,Food Products,North America,United States,39.25,36.75,55.25,42.25,12.635,4975800.0,0.3746,6.2601,31.6068,0.0011,27.8255,0.0,52.7285,1.3643,0.0,17.3563,27.8255,27.6439,6.186484999999999,8.8352,1143299000.0,,337309000.0,612316000.0,,,,,Food Products
MNST,2012,Monster Beverage Corporation,Food Products,North America,United States,43.25,43.5,51.5,45.0,19.384999999999998,4853850.0,0.39044999999999996,4.0095,47.283,0.0,26.8693,0.0,51.7637,1.3837,0.0,16.317349999999998,26.8693,26.958399999999997,6.186484999999999,9.462499999999999,1303942000.0,,347814000.0,680240000.0,,,,,Food Products
MNST,2013,Monster Beverage Corporation,Food Products,North America,United States,44.0,39.0,50.0,43.0,18.83,4519350.0,0.3905,3.1597,49.6688,0.0,25.6476,0.0,52.0763,1.1907,0.0,15.6138,25.6476,25.528,6.0976,9.5989,1703230000.0,,456423000.0,894309000.0,,,,,Food Products
MNST,2014,Monster Beverage Corporation,Food Products,North America,United States,43.333333333333336,38.666666666666664,50.0,43.0,35.504999999999995,3088350.0,0.3123,4.6474,41.7261,0.0,31.8581,0.0,54.789,1.5683,0.0,20.6966,31.8581,31.6911,6.186484999999999,8.2719,2060702000.0,,550623000.0,1065656000.0,,,,,Food Products
MNST,2015,Monster Beverage Corporation,Food Products,North America,United States,43.0,39.0,48.0,43.0,45.545,3063750.0,0.1198,6.913786999999992,64.6515,0.0,38.5185,0.0,61.5205,1.6541,0.0,23.0729,38.5185,38.0741,3.1153,3.7506,2246428000.0,,572916000.0,1172931000.0,,,,,Food Products
MNST,2016,Monster Beverage Corporation,Food Products,North America,United States,40.88,37.056666666666665,48.5,41.25666666666667,48.305,2994400.0,0.186,3.0436,67.6579,0.0,34.8673,0.0,63.8331,1.6979,0.0,22.9443,34.8673,34.8405,4.5237,5.6392,2464867000.0,,747505000.0,1339810000.0,,,,,Food Products
MNST,2017,Monster Beverage Corporation,Food Products,United States and Canada,United States,39.93666666666667,35.85333333333333,44.61666666666667,39.47666666666667,50.97,1890600.0,0.1931,3.3503,52.9758,0.0,34.8961,0.0,62.6415,1.5926,0.0,24.5442,34.8961,35.3355,4.6453,5.8051,2722564000.0,546733000.0,893653000.0,1632301000.0,,,522723000.0,,Food Products
MNST,2018,Monster Beverage Corporation,Food Products,United States and Canada,United States,42.33,35.778,45.018,40.382,57.36,2866000.0,0.2086,3.0012,52.4978,0.0,33.4173,0.0,59.7995,1.4356,0.0,26.3475,33.4173,33.7113,5.4961,6.8768,3049393000.0,712685000.0,1085338000.0,1942000000.0,,,701355000.0,,Food Products
MNST,2019,Monster Beverage Corporation,Food Products,United States and Canada,United States,42.33,39.11,46.52,42.09,58.665,2755300.0,0.2171,3.3054,51.4464,0.0,34.3274,0.0,59.8964,1.4495,0.0,26.3699,34.3274,34.5967,,7.2081,3369045000.0,820678000.0,1198787000.0,2137690000.0,,,987731000.0,,Food Products
MO,2010,Altria Group Inc.,Food Products,North America,United States,57.6,50.4,67.2,57.2,12.4,12963750.0,0.1725,0.8672,1.2907,2.3668,25.1898,0.0,38.0294,2.3636,0.703,16.6082,25.1898,23.7388,2.9593,21.9526,6719000000.0,1010000000.0,,2456000000.0,,,,2107676762.0,Food Products
MO,2011,Altria Group Inc.,Food Products,North America,United States,60.333333333333336,56.666666666666664,65.66666666666667,60.333333333333336,16.48,11802550.0,0.1642,0.9421,2.8585,3.0961,24.698500000000003,0.0,38.7339,2.2542,0.7475,15.06525,24.698500000000003,22.6113,2.3543,22.726,6402000000.0,1131000000.0,,2476000000.0,,,,2061371584.0,Food Products
MO,2012,Altria Group Inc.,Food Products,North America,United States,65.0,68.5,67.5,67.0,21.18,9599150.0,0.1781,0.8723000000000001,3.18885,3.5879,29.0061,0.0,38.720150000000004,2.314,0.7807,18.190399999999997,29.0061,27.8557,3.1439,28.6784,6108000000.0,1174000000.0,,2445000000.0,,,,2076028644.0,Food Products
MO,2013,Altria Group Inc.,Food Products,North America,United States,64.0,69.0,75.0,68.5,24.445,7856050.0,0.1823,0.9055,1.6273,3.7368,31.7367,0.0,40.5075,2.1723,0.7726,20.0317,31.7367,31.1499,3.676,35.0666,6487000000.0,1225000000.0,,2494000000.0,,,,2088739666.0,Food Products
MO,2014,Altria Group Inc.,Food Products,North America,United States,64.0,62.0,75.0,66.0,36.19,6457150.0,0.1815,0.8964,1.7833,4.8814,30.5529,0.0,41.9783,1.7799,0.8198,19.6548,30.5529,30.505,3.5852,41.0631,6553000000.0,1396000000.0,,2821000000.0,,,,2044419285.0,Food Products
MO,2016,Altria Group Inc.,Food Products,North America,United States,61.037142857142854,54.34285714285714,77.06142857142858,62.36714285714286,50.075,5801200.0,0.2082,0.9286,1.903,4.0843,34.4967,0.0,45.3458,1.8091,0.8033,25.3489,34.4967,38.8591,5.2803,52.6249,6699000000.0,1528000000.0,,3046000000.0,,,,1993479282.0,Food Products
MO,2017,Altria Group Inc.,Food Products,United States and Canada,United States,61.91,55.11666666666667,73.18333333333334,62.00666666666667,57.27,6007400.0,0.1524,0.7739,1.9795,1.118,37.9409,0.0,47.1244,1.7754,0.5279,29.8064,37.9409,39.2926,4.5511,16.0213,6905000000.0,1653000000.0,,3150000000.0,,,,1971474523.0,Food Products
MO,2018,Altria Group Inc.,Food Products,United States and Canada,United States,62.07,53.15,70.63499999999999,60.64,50.82,7621600.0,0.146,0.5974,2.0903,0.8972,37.3994,0.0,47.792,1.4903,0.4458,28.3896,37.3994,38.1454,4.3472,11.8813,6729000000.0,1989000000.0,,3171000000.0,,,,1960059481.0,Food Products
MO,2019,Altria Group Inc.,Food Products,United States and Canada,United States,64.985,56.595,67.6925,62.305,44.165,8735600.0,0.1219,0.5638,2.2163,2.6232,41.0485,0.0,51.0064,1.4765,0.7166,-21.290181999999994,41.0485,-20.3596,,-24.4618,6837000000.0,1943000000.0,,3255000000.0,,,,1943272224.0,Food Products
MOS,2010,The Mosaic Company,Chemicals,North America,United States,39.0,52.333333333333336,60.666666666666664,48.666666666666664,47.97,4519300.0,0.1674,3.1211,22.5976,0.1275,18.7497,0.0,23.0636,1.6106,0.0713,13.6042,18.7497,18.4938,2.2866,3.2996,,,,,,,,,Chemicals
MOS,2011,The Mosaic Company,Chemicals,North America,United States,43.666666666666664,56.0,63.666666666666664,53.0,57.945,5882350.0,0.1906,3.3703,22.9021,0.0674,23.663,0.0,27.5095,1.5942,0.0568,17.0596,23.663,23.6662,3.2532,4.3011,10298000000.0,2350200000.0,2400900000.0,2766700000.0,,,1242600000.0,,Chemicals
MOS,2012,The Mosaic Company,Chemicals,North America,United States,51.8,57.0,72.0,58.0,46.64,3666750.0,0.0734,1.95125,13.1492,0.0409,20.479599999999998,0.0,25.241,0.5921,0.0372,14.470524999999999,20.479599999999998,18.893749999999997,1.26155,1.71185,6759100000.0,827100000.0,1270800000.0,1693300000.0,,,1356000000.0,,Chemicals
MOS,2013,The Mosaic Company,Chemicals,North America,United States,60.666666666666664,64.0,79.0,66.33333333333333,50.26,3148850.0,0.06465,2.06365,17.5453,0.0408,10.0374,0.0,20.2703,0.53275,0.0357,8.20635,10.0374,10.5224,0.7125,0.9283,9937800000.0,2514600000.0,2664200000.0,3121800000.0,,,2426700000.0,,Chemicals
MOS,2014,The Mosaic Company,Chemicals,North America,United States,61.5,70.25,85.0,70.25,40.905,2702150.0,0.12605,3.459,25.7461,0.3528,13.82625,0.0,21.3874,1.1475,0.25834999999999997,12.06925,13.82625,14.3353,1.5386,2.6119,11107800000.0,1930200000.0,2611100000.0,3085000000.0,,,,,Chemicals
MOS,2015,The Mosaic Company,Chemicals,North America,United States,56.0,70.0,87.0,69.0,40.084999999999994,3909900.0,0.1244,2.2779,28.0834,0.3945,11.6837,0.0,16.434,1.1562,0.2797,7.5991,11.6837,8.1738,0.9388,1.6693,9974100000.0,1888700000.0,2209600000.0,2760200000.0,,,,,Chemicals
MOS,2016,The Mosaic Company,Chemicals,North America,United States,56.202,69.012,85.59,68.03,24.945,5316650.0,0.1106,1.9932,23.6226,0.3926,3.5703,0.0,10.9261,1.1592,0.274,0.6445,3.5703,0.623,0.0873,0.1528,9055800000.0,1028600000.0,1311800000.0,1926600000.0,,,,,Chemicals
MOS,2017,The Mosaic Company,Chemicals,United States and Canada,United States,52.276666666666664,65.64333333333333,78.05,63.39666666666667,22.84,3965400.0,0.1115,1.7827,27.6466,0.3989,6.0758,0.0,12.1322,1.0467,0.2795,5.5454,6.0758,3.9154,0.5566,0.9914,8895300000.0,1000400000.0,1278800000.0,1717900000.0,17389500000.0,,2038300000.0,,Chemicals
MOS,2018,The Mosaic Company,Chemicals,United States and Canada,United States,50.8725,61.8675,71.125,59.78,27.74,4125100.0,0.1253,1.6696,25.662,0.4327,10.2361,0.0,16.9222,0.9049,0.298,4.4555,10.2361,5.7647,0.3339,1.0561,,297800000.0,319000000.0,810000000.0,16840700000.0,,1260200000.0,,Chemicals
MOS,2019,The Mosaic Company,Chemicals,United States and Canada,United States,47.725,57.41,68.75,56.375,22.62,4022900.0,0.1076,1.5141,29.424,0.4523,-11.1121,0.0,10.1656,0.9611,0.3054,-10.7079,-11.1121,-12.4397,,-2.1559,,-107200000.0,465700000.0,842800000.0,18633400000.0,,935500000.0,,Chemicals
MPC,2011,Marathon Petroleum Corporation,Refiners & Pipelines,North America,United States,50.0,54.0,61.0,54.5,13.425,7001100.0,0.8173,1.2513,21.8584,0.3479,6.3825,0.0,18.0442,4.6739,0.2572,3.8632,6.3825,6.421,3.3467,8.9339,45530000000.0,449000000.0,836000000.0,,,,2455000000.0,,Refiners & Pipelines
MPC,2012,Marathon Petroleum Corporation,Refiners & Pipelines,North America,United States,51.0,59.0,61.0,56.666666666666664,17.085,6124900.0,0.7963,1.46055,21.3711,0.30755,6.4566,0.0,17.0084,4.4232,0.23405,4.0211,6.4566,6.3726,3.2981,7.883,62487000000.0,1133000000.0,1011000000.0,,,,2217000000.0,,Refiners & Pipelines
MPC,2013,Marathon Petroleum Corporation,Refiners & Pipelines,North America,United States,55.666666666666664,60.666666666666664,70.66666666666667,61.333333333333336,29.775,6423200.0,0.8771,1.3009,20.0952,0.2997,3.7388,0.0,13.074,4.5839,0.2294,2.3095,3.7388,3.5635,2.0172,4.911,78638000000.0,2389000000.0,3745000000.0,,,,3309000000.0,,Refiners & Pipelines
MPC,2014,Marathon Petroleum Corporation,Refiners & Pipelines,North America,United States,62.0,65.0,71.5,65.5,35.224999999999994,6155800.0,0.8023,1.2425,18.6489,0.556,5.0998,0.0,13.9622,3.9114,0.3564,3.1813,5.0998,4.921,2.6459,7.0676,82243000000.0,3389000000.0,5347000000.0,,,,4492000000.0,,Refiners & Pipelines
MPC,2015,Marathon Petroleum Corporation,Refiners & Pipelines,North America,United States,54.0,65.0,69.0,62.0,41.83,5019050.0,0.6205,1.4131,16.879,0.545,6.5005,0.0,23.0602,2.5495,0.325,4.022,6.5005,6.1888,2.7371,6.8267,100160000000.0,2112000000.0,3425000000.0,,,,3405000000.0,,Refiners & Pipelines
MPC,2016,Marathon Petroleum Corporation,Refiners & Pipelines,North America,United States,54.839999999999996,62.386,69.59,61.54600000000001,33.95,5734400.0,0.3838,1.5055,17.1263,0.5294,3.2702,0.0,22.1086,2.463,0.3456,1.3232,3.2702,2.4308,0.6507,1.4305,20537000000.0,2524000000.0,4051000000.0,,,,3110000000.0,,Refiners & Pipelines
MPC,2017,Marathon Petroleum Corporation,Refiners & Pipelines,United States and Canada,United States,58.53,61.45,66.85,61.78,46.2,4032800.0,0.4104,1.521,18.2717,0.6443,5.5474,0.0,11.4356,3.0251,0.3913,4.7007,5.5474,4.5547,2.145,5.0702,16811000000.0,2852000000.0,4692000000.0,,,,4073000000.0,,Refiners & Pipelines
MPC,2018,Marathon Petroleum Corp,Refiners & Pipelines,United States and Canada,United States,54.25,61.45,66.25,60.129999999999995,65.11,4723500.0,0.4314,1.6004,19.8373,0.9176,6.2382,0.0,11.9281,3.5834,0.4781,3.206,6.2382,5.0592,1.7744,4.9446,19210000000.0,1174000000.0,2386000000.0,,,,4017000000.0,,Refiners & Pipelines
MPC,2019,Marathon Petroleum Corp,Refiners & Pipelines,United States and Canada,United States,54.25,61.45000000000001,66.53,60.196666666666665,55.599999999999994,6013600.0,0.346,1.2477,20.4083,0.6761,6.0903,0.0,11.6398,3.0861,0.3987,3.2986,6.0903,4.9652,1.1341,2.6092,22988000000.0,3432000000.0,4018000000.0,,,,6612000000.0,,Refiners & Pipelines
MRK,2010,Merck KGaA,Pharmaceuticals,Europe,Germany,63.52173913043478,62.95652173913044,68.8695652173913,64.73913043478261,25.37,13347050.0,0.1069,1.7025,54.6519,0.3126,12.7181,0.0,62.3281,0.7285,0.1947,3.0742,12.7181,4.4764,0.345,0.6408,23850000000.0,7808000000.0,,,,,6572000000.0,,Pharmaceuticals
MRK,2011,Merck & Co. Inc.,Pharmaceuticals,North America,United States,65.91666666666667,69.04166666666667,69.875,68.125,24.740000000000002,14482750.0,0.1136,2.0534,60.9083,0.3151,19.7638,0.0,64.7436,0.6882,0.2141,14.0492,19.7638,14.34555,1.6183,2.9933,27428000000.0,12899000000.0,15290000000.0,,,,3392000000.0,,Pharmaceuticals
MRK,2012,Merck & Co. Inc.,Pharmaceuticals,North America,United States,74.6086956521739,64.78260869565217,77.04347826086956,70.65217391304348,31.799999999999997,11897050.0,0.1109,2.1073,60.946799999999996,0.3329,21.62615,0.0,65.07169999999999,0.63675,0.21825,14.67725,21.62615,20.3389,1.6666,3.0558,45987000000.0,861000000.0,1653000000.0,,,,10822000000.0,,Pharmaceuticals
MRK,2013,Merck & Co. Inc.,Pharmaceuticals,North America,United States,76.08333333333333,63.375,76.5,70.58333333333333,37.675,13303350.0,0.1037,2.0104,61.822,0.5324,16.758,0.0,61.0899,0.6332,0.3101,8.2289,16.758,11.3079,0.8748,1.8661,48047000000.0,6272000000.0,7334000000.0,,,,12383000000.0,,Pharmaceuticals
MRK,2014,Merck & Co. Inc.,Pharmaceuticals,North America,United States,79.0,76.875,78.54166666666667,77.79166666666667,49.260000000000005,11192900.0,0.1068,1.7723,56.8918,0.4387,14.5583,0.0,64.2339,0.6729,0.2771,41.736046,14.5583,55.153459999999995,6.186484999999999,15.0192,47267000000.0,6168000000.0,8739000000.0,,,,10022000000.0,,Pharmaceuticals
MRK,2015,Merck & Co. Inc.,Pharmaceuticals,North America,United States,82.08333333333333,79.79166666666667,77.95833333333333,79.70833333333333,48.825,10290200.0,0.0995,1.6175,57.3077,0.5838,19.1092,0.0,62.3103,0.7341,0.3456,9.5546,19.1092,8.2473,0.9658,2.1936,44033000000.0,4404000000.0,5545000000.0,,,,11654000000.0,,Pharmaceuticals
MRK,2016,Merck & Co. Inc.,Pharmaceuticals,North America,United States,80.17333333333333,76.95416666666667,76.11875,77.50791666666667,50.94,9073250.0,0.1061,1.872,62.9043,0.572,16.8326,0.0,65.6846,0.6818,0.3524,12.241,16.8326,15.2783,1.2532,2.7828,42237000000.0,11920000000.0,17283000000.0,,,,7989000000.0,,Pharmaceuticals
MRK,2017,Merck & Co. Inc.,Pharmaceuticals,United States and Canada,United States,75.37125,71.66916666666667,71.5975,72.57333333333334,57.28,8687500.0,0.1126,1.4342,66.8659,0.7012,19.515,0.0,67.971,0.6283,0.3619,-0.5424,19.515,18.0102,-0.0556,-0.1325,39498000000.0,4442000000.0,5401000000.0,,,,12538000000.0,,Pharmaceuticals
MRK,2018,Merck & Co. Inc.,Pharmaceuticals,United States and Canada,United States,74.9075,70.59666666666666,69.18375,71.25041666666667,58.12,10535500.0,0.1268,1.3274,61.4842,0.7224,24.6804,0.0,67.3483,0.6599,0.3791,16.6121,24.6804,23.6861,2.0179,5.9958,39807000000.0,3920000000.0,4659000000.0,,,,10376000000.0,,Pharmaceuticals
MRK,2019,Merck & Co Inc,Pharmaceuticals,United States and Canada,United States,75.47611111111111,74.27166666666666,70.55666666666667,73.45944444444444,79.655,8839800.0,0.1406,1.2369,60.949,0.9689,23.2662,0.0,69.0823,0.6138,0.4572,19.8618,23.2662,23.519,,9.092,40122000000.0,2394000000.0,6521000000.0,,,,6451000000.0,,Pharmaceuticals
MRO,2010,Marathon Oil Corporation,Oil & Gas Producers,North America,United States,55.0,70.2,71.4,64.6,15.73,9649250.0,0.0593,1.2105,161.422,0.34,32.8465,0.0,57.1089,0.3528,0.2514,24.3868,32.8465,29.0346,0.8478,1.7837,,,,,,,,,Oil & Gas Producers
MRO,2011,Marathon Oil Corporation,Oil & Gas Producers,North America,United States,59.0,73.0,67.5,66.5,23.965,9752300.0,0.1195,1.7343,44.9026,0.30079999999999996,35.0668,0.0,54.5903,4.845,0.21910000000000002,15.0205,35.0668,33.7893,1.3261,2.417,,,,,,,,,Oil & Gas Producers
MRO,2012,Marathon Oil Corporation,Oil & Gas Producers,North America,United States,69.0,67.5,67.0,67.5,25.805,6536600.0,0.11624999999999999,0.6937,55.20255,0.3286,39.523,0.0,66.7739,3.7489,0.2024,11.0718,39.523,37.9957,1.2604,2.29585,,,,,,,,,Oil & Gas Producers
MRO,2013,Marathon Oil Corporation,Oil & Gas Producers,North America,United States,62.5,69.5,64.0,66.0,30.615000000000002,5074450.0,0.0839,0.7394,76.86,0.3415,27.5333,0.0,59.9,2.8424,0.2526,18.9667,27.5333,25.1667,0.6876,1.267,,,,,,,,,Oil & Gas Producers
MRO,2014,Marathon Oil Corporation,Oil & Gas Producers,North America,United States,59.0,66.0,64.0,63.0,29.700000000000003,7809900.0,0.0666,1.0489,64.8916,0.3027,-5.9633,0.0,60.6339,2.6443,0.2012,38.6155,-5.9633,-8.382,-0.2585,-0.4424,,,,,,,,,Oil & Gas Producers
MRO,2015,Marathon Oil Corporation,Oil & Gas Producers,North America,United States,57.0,65.0,64.0,61.5,23.155,8711000.0,0.0399,1.3546,72.1812,0.4133,-19.840792999999998,0.0,64.5954,1.5123,0.2747,-21.290181999999994,-19.840792999999998,-25.906755999999998,-1.0791,-1.9092,,,,,,,,,Oil & Gas Producers
MRO,2016,Marathon Oil Corporation,Oil & Gas Producers,North America,United States,59.8275,67.575,66.3675,64.5625,13.235,19177600.0,0.0266,2.1605,81.8467,0.3846,-13.6662,0.0,72.1254,1.086,0.2754,-21.290181999999994,-13.6662,-25.23,-0.6376,-1.0887,,,,,,,,,Oil & Gas Producers
MRO,2017,Marathon Oil Corporation,Oil & Gas Producers,United States and Canada,United States,62.279999999999994,71.19,63.472,66.144,13.95,12551100.0,0.0516,2.0942,71.8328,0.551,-2.6681,0.0,79.223,1.8636,0.3512,-14.8346,-2.6681,-11.953,-0.6312,-1.2334,,,,,,,,,Oil & Gas Producers
MRO,2018,Marathon Oil Corporation,Oil & Gas Producers,United States and Canada,United States,61.07,60.15,61.32,60.765,18.28,11746400.0,0.0662,1.5103,73.1444,0.4534,27.5033,0.0,85.8328,1.9545,0.312,16.515,27.5033,23.212,1.1663,2.1089,,,,,,,,,Oil & Gas Producers
MRO,2019,Marathon Oil Corporation,Oil & Gas Producers,United States and Canada,United States,60.21,60.15,62.12,60.66,13.415,10852000.0,0.0613,1.0878,81.8978,0.4526,18.4649,0.0,86.2936,2.3472,0.2883,11.6582,18.4649,13.9754,,1.3305,,,,,,,,,Oil & Gas Producers
MS,2009,Morgan Stanley,Diversified Financials,North America,United States,43.0,49.0,43.5,45.5,24.33,20979900.0,0.009,0.7906,294.8909699999953,9.673,12.6675,0.0,94.8624,0.0,0.7856,5.881,12.6675,12.6675,0.0979,1.7484,26478000000.0,3209000000.0,2776000000.0,,,,-22249000000.0,,Diversified Financials
MS,2010,Morgan Stanley,Diversified Financials,North America,United States,48.0,53.42857142857143,51.57142857142857,51.0,22.305,15318300.0,0.0092,0.7912,294.8909699999953,8.6738,15.9002,0.0,95.1033,0.0,0.7498,9.3864,15.9002,15.9002,0.1348,1.9513,22140000000.0,1707000000.0,1493000000.0,,,,73417000000.0,,Diversified Financials
MS,2011,Morgan Stanley,Diversified Financials,North America,United States,54.833333333333336,60.166666666666664,50.833333333333336,55.0,18.784999999999997,17693950.0,0.0111,0.8405,294.8909699999953,6.9759,21.3968,0.0,95.4842,0.0,0.7296,2.51665,21.3968,21.3968,0.1724,2.149,23280000000.0,1960000000.0,2493000000.0,,,,-45951000000.0,,Diversified Financials
MS,2012,Morgan Stanley,Diversified Financials,North America,United States,65.0,69.0,53.0,62.0,14.4,22229450.0,0.009,0.8367,294.8909699999953,7.21475,8.14245,0.0,94.166,0.0,0.7178,3.2028999999999996,8.14245,8.14245,0.0571,0.6154499999999999,9803000000.0,2199000000.0,3688000000.0,,,,,,Diversified Financials
MS,2013,Morgan Stanley,Diversified Financials,North America,United States,65.0,74.0,53.0,63.5,19.56,18520900.0,0.0106,0.8132,294.8909699999953,7.4733,21.0922,0.0,94.6447,0.0,0.709,9.4304,21.0922,21.0922,0.1522,1.8915,6939000000.0,591000000.0,938000000.0,,,,,1512000000.0,Diversified Financials
MS,2014,Morgan Stanley,Diversified Financials,North America,United States,65.0,73.4,56.8,65.0,29.925,8917150.0,0.0103,0.78495,294.8909699999953,5.5745000000000005,-6.413499999999999,0.0,94.53295,0.0,0.67625,-2.0996999999999986,-6.413499999999999,-6.413499999999999,0.009400000000000006,0.09814999999999996,8520000000.0,980000000.0,1795000000.0,,,,,,Diversified Financials
MS,2016,Morgan Stanley,Diversified Financials,North America,United States,69.83500000000001,69.57000000000001,52.2225,63.2025,24.93,13374100.0,0.0109,0.7342,294.8909699999953,4.8654,26.7258,0.0,94.5673,0.0,0.6763,16.7387,26.7258,26.7258,0.2005,2.3287,34275000000.0,3467000000.0,3591000000.0,,,,,1951000000.0,Diversified Financials
MS,2017,Morgan Stanley,Diversified Financials,United States and Canada,United States,78.27,60.5175,50.02,61.8625,41.85,8673600.0,0.0112,0.739,294.8909699999953,5.0526,26.9871,0.0,94.3474,0.0,0.7052,16.7,26.9871,26.9871,0.2091,2.4932,35155000000.0,6127000000.0,8495000000.0,,,,-4463000000.0,1920000000.0,Diversified Financials
MS,2018,Morgan Stanley,Diversified Financials,United States and Canada,United States,83.75,63.79,59.01,67.96,46.85,9463800.0,0.0114,0.8085,294.8909699999953,5.0221,28.8797,0.0,94.2601,0.0,0.7045,20.4518,28.8797,28.8797,0.2819,3.0117,34631000000.0,5979000000.0,8848000000.0,,,,5383000000.0,1852000000.0,Diversified Financials
MS,2019,Morgan Stanley,Diversified Financials,United States and Canada,United States,83.75,69.4,58.980000000000004,69.75,41.545,9722500.0,0.0115,0.7735,294.8909699999953,4.9797,27.0136,0.0,93.8501,0.0,0.6996,19.8262,27.0136,27.0136,,3.0219,37945000000.0,6111000000.0,10403000000.0,,,,-4505000000.0,1788000000.0,Diversified Financials
MSFT,2010,Microsoft Corporation,Software & Services,North America,United States,47.666666666666664,50.666666666666664,71.66666666666667,55.0,21.105,58021450.0,0.1863,2.3043,58.0695,0.1995,40.9212,0.0,80.2357,4.2838,0.1663,33.2481,40.9212,42.5851,5.91,11.5249,16629000000.0,4707000000.0,,12824000000.0,,,,9380000000.0,Software & Services
MSFT,2011,Microsoft Corporation,Software & Services,North America,United States,59.25,51.75,71.0,58.75,20.925,55175650.0,0.1617,2.8579,56.87865,0.2008,38.2763,0.0,78.2581,2.7026,0.1672,33.0302,38.2763,39.4494,5.3728,10.03925,19022000000.0,6662000000.0,,15394000000.0,,,,9151000000.0,Software & Services
MSFT,2012,Microsoft Corporation,Software & Services,North America,United States,76.5,59.0,58.5,64.0,24.78,45089100.0,0.1482,2.6766,58.363249999999994,0.17695,33.1584,0.0,75.4554,3.1129,0.139,27.8986,33.1584,34.5702,3.6644,6.4879,19953000000.0,6634000000.0,,15120000000.0,,,,8908000000.0,Software & Services
MSFT,2013,Microsoft Corporation,Software & Services,North America,United States,78.0,57.0,61.0,64.5,28.145,43014350.0,0.1397,2.8724,58.6786,0.1976,32.5013,0.0,71.16,2.9608,0.1376,26.7466,32.5013,32.1302,3.6839,6.4232,20885000000.0,6624000000.0,,15247000000.0,,,,8668000000.0,Software & Services
MSFT,2014,Microsoft Corporation,Software & Services,North America,United States,78.0,59.0,63.0,66.0,41.945,29660850.0,0.1514,2.4541,55.0336,0.3081,29.3767,0.0,61.7076,4.9372,0.1658,22.1496,29.3767,29.6562,3.3532,6.3812,21456000000.0,6377000000.0,,15764000000.0,,,,8376000000.0,Software & Services
MSFT,2015,Microsoft Corporation,Software & Services,North America,United States,81.4,66.6,64.4,70.4,41.4,32136600.0,0.1271,2.4734,54.8676,0.498,25.3236,0.0,64.6352,2.5734,0.2643,21.0876,25.3236,24.605,2.7863,6.3297,24519000000.0,6558000000.0,,16197000000.0,,,,8381000000.0,Software & Services
MSFT,2016,Microsoft Corporation,Software & Services,North America,United States,82.68,67.00333333333333,66.08,71.47833333333334,50.629999999999995,26893250.0,0.115,2.3529,49.9834,1.0614,30.623,0.0,64.2284,3.5446,0.4609,25.8437,30.623,31.1337,2.7902,9.1078,26470000000.0,5863000000.0,7776000000.0,16334000000.0,,,,8328000000.0,Software & Services
MSFT,2017,Microsoft Corporation,Software & Services,United States and Canada,United States,82.6,67.526,67.15,71.954,67.5,20962800.0,0.1023,2.9186,57.3525,0.9827,30.0125,0.0,66.2646,3.8771,0.4645,26.7993,30.0125,31.7069,2.6399,7.3354,23796000000.0,5018000000.0,6026000000.0,13924000000.0,,,,8239000000.0,Software & Services
MSFT,2018,Microsoft Corp,Software & Services,United States and Canada,United States,81.66499999999999,70.775,70.75,74.035,97.99,27611000.0,0.1162,2.9176,54.5471,0.8867,34.2284,0.0,65.9435,3.6597,0.4479,29.4931,34.2284,35.143,3.4252,10.2644,25826000000.0,6267000000.0,7905000000.0,15925000000.0,,,,8027000000.0,Software & Services
MSFT,2019,Microsoft Corp,Software & Services,United States and Canada,United States,84.0,70.81,70.15,74.6,132.91,23747500.0,0.1185,2.8014,57.3687,0.6552,37.6389,0.0,68.5191,5.047,0.3853,32.3037,37.6389,38.1645,,10.5795,28918000000.0,7424000000.0,8679000000.0,17854000000.0,,,,7808000000.0,Software & Services
MSI,2010,"Motorola Solutions, Inc.",Technology Hardware,North America,United States,69.28571428571429,62.285714285714285,61.714285714285715,64.85714285714286,25.29,6648500.0,0.078,1.9948,152.641,0.322,11.0587,0.0,50.5241,0.7475,0.2136,8.3678,11.0587,10.0629,0.0282,0.0685,25109000000.0,162000000.0,225000000.0,6938000000.0,27869000000.0,,-325000000.0,,Technology Hardware
MSI,2011,"Motorola Solutions, Inc.",Technology Hardware,North America,United States,81.0,61.5,61.0,69.5,36.87,3248900.0,0.1412,2.3303,69.5639,0.33185,12.0,0.0,50.5995,1.8796,0.19235000000000002,8.0,12.0,11.4149,1.0494,2.5171,6947000000.0,162000000.0,567000000.0,3477000000.0,25603000000.0,,627000000.0,,Technology Hardware
MSI,2012,"Motorola Solutions, Inc.",Technology Hardware,North America,United States,84.5,65.66666666666667,61.0,72.0,41.715,1897950.0,0.17765,2.3267,70.29175000000001,0.4799,13.99555,0.0,50.0463,2.15825,0.32384999999999997,9.0205,13.99555,13.7616,1.5827499999999999,4.928100000000001,7617000000.0,633000000.0,751000000.0,3812000000.0,25577000000.0,,803000000.0,,Technology Hardware
MSI,2013,"Motorola Solutions, Inc.",Technology Hardware,North America,United States,83.0,64.0,63.0,71.0,51.685,1527550.0,0.1231,2.3169,102.625,0.8712,16.2162,0.0,50.4285,1.5,0.4652,20.2373,16.2162,16.5458,2.1728,8.0525,8203000000.0,1158000000.0,858000000.0,4146000000.0,13929000000.0,,848000000.0,,Technology Hardware
MSI,2014,"Motorola Solutions, Inc.",Technology Hardware,North America,United States,82.25,69.5,66.0,73.25,57.075,1628400.0,0.175,3.0573,69.523,1.2292,-19.840792999999998,0.0,50.0548,2.6406,0.5511,11.0197,-19.840792999999998,-25.906755999999998,-1.7871890000000001,-33.478,6269000000.0,881000000.0,920000000.0,3194000000.0,,,674000000.0,,Technology Hardware
MSI,2015,"Motorola Solutions, Inc.",Technology Hardware,North America,United States,80.0,71.0,66.0,73.5,58.455,1311100.0,0.1759,2.3593,75.0658,-8.848264,18.5673,0.0,48.1716,2.2066,1.0226,10.3801,18.5673,15.7164,1.6485,-42.2819,6227000000.0,1099000000.0,947000000.0,3109000000.0,,,555000000.0,,Technology Hardware
MSI,2016,"Motorola Solutions, Inc.",Technology Hardware,North America,United States,80.875,70.4525,67.41499999999999,73.86,67.89500000000001,1176700.0,0.1777,1.7345,68.1608,-7.4233,20.3399,0.0,49.3362,2.7208,1.1559,12.5326,20.3399,19.1253,2.2392,-25.6303,5881000000.0,1299000000.0,254000000.0,2831000000.0,,,-637000000.0,,Technology Hardware
MSI,2017,"Motorola Solutions, Inc.",Technology Hardware,United States and Canada,United States,81.2325,63.9325,66.74,71.56,81.29,909100.0,0.1909,1.3324,72.8056,-4.5768,21.0942,0.0,48.2675,2.3379,1.2833,8.7508,21.0942,17.386,1.5913,-13.5246,5695000000.0,610000000.0,994000000.0,2719000000.0,8346000000.0,,1021000000.0,,Technology Hardware
MSI,2018,"Motorola Solutions, Inc.",Technology Hardware,United States and Canada,United States,81.94,68.965,63.49,72.78999999999999,111.83,974000.0,0.2077,1.2255,56.9871,-3.8939,15.7895,0.0,48.2912,2.6185,1.3257449999999977,13.2653,15.7895,14.5005,2.0381,-17.7778,6038000000.0,560000000.0,1048000000.0,2869000000.0,8463000000.0,,1165000000.0,,Technology Hardware
MSI,2019,"Motorola Solutions, Inc.",Technology Hardware,United States and Canada,United States,81.72,73.155,63.49,74.165,158.91,953600.0,0.1922,1.2149,58.3548,-5.6006,20.7121,0.0,50.5015,2.191,1.2188,11.129,20.7121,14.785,,-24.7233,6380000000.0,247000000.0,1284000000.0,3024000000.0,8208000000.0,,1346000000.0,,Technology Hardware
MTB,2010,M&T Bank Corporation,Banks,North America,United States,33.0,62.0,53.0,49.0,62.475,1057950.0,0.0112,0.0,0.0,1.2395,0.0,0.0,0.0,0.0,0.5221,23.0552,0.0,37.3822,0.2814,2.5623,3277591000.0,555887000.0,,,,,1628416000.0,,Banks
MTB,2011,M&T Bank Corporation,Banks,North America,United States,34.333333333333336,62.0,46.333333333333336,48.0,66.435,877050.0,0.012,0.0,0.0,0.8055,0.0,0.0,0.0,0.0,0.419,17.7616,0.0,28.5926,0.2352,2.1511,2725197000.0,379891000.0,519291000.0,,,,1189389000.0,,Banks
MTB,2012,M&T Bank Corporation,Banks,North America,United States,37.0,64.0,45.0,49.5,69.41,628250.0,0.0125,0.0,0.0,0.6255999999999999,0.0,0.0,0.0,0.0,0.35225,23.847900000000003,0.0,38.76235,0.3228,2.91915,2729795000.0,736161000.0,1092789000.0,,,,1675647000.0,,Banks
MTB,2014,M&T Bank Corporation,Banks,North America,United States,39.0,62.0,47.0,50.0,106.765,683500.0,0.0114,0.0,0.0,0.7458,0.0,0.0,0.0,0.0,0.422,23.1013,0.0,39.461,0.2871,2.4995,4265786000.0,1029498000.0,1552526000.0,,,,,,Banks
MTB,2015,M&T Bank Corp.,Banks,North America,United States,39.5,57.0,48.0,48.5,106.935,802000.0,0.0111,0.0,0.0,0.8008,0.0,0.0,0.0,0.0,0.4405,22.9074,0.0,39.4318,0.2867,2.3986,4538434000.0,1138480000.0,1765568000.0,,,,,,Banks
MTB,2016,M&T Bank Corp.,Banks,North America,United States,37.29,54.285,49.665000000000006,47.565,104.07,854850.0,0.0103,0.0,0.0,0.638,0.0,0.0,0.0,0.0,0.3846,24.4492,0.0,41.4178,0.2714,2.2049,4455719000.0,1066246000.0,1642245000.0,,,,,,Banks
MTB,2017,M&T Bank Corp.,Banks,United States and Canada,United States,35.0,52.19333333333333,49.59666666666667,46.04666666666666,146.79,690500.0,0.0115,0.0,0.0,0.538,0.0,0.0,0.0,0.0,0.3338,24.2182,0.0,44.134,0.2956,2.3592,4667624000.0,1079667000.0,1674692000.0,,,,,,Banks
MTB,2018,M&T Bank Corporation,Banks,United States and Canada,United States,35.67,59.63,47.79,47.945,162.54,805000.0,0.0125,0.0,0.0,0.746,0.0,0.0,0.0,0.0,0.3533,34.324,0.0,46.578,0.4164,3.7037,5295883000.0,1315114000.0,2058398000.0,,,,1183411000.0,,Banks
MTB,2019,M&T Bank Corp,Banks,United States and Canada,United States,39.0,62.85,46.845,49.62,156.005,630200.0,0.0123,0.0,0.0,0.7817,0.0,0.0,0.0,0.0,0.3077,30.503,0.0,41.9821,,3.3041,5632187000.0,1408306000.0,2323862000.0,,,,2781935000.0,,Banks
MTD,2011,Mettler-Toledo International Inc.,Pharmaceuticals,North America,United States,72.0,69.0,57.0,66.0,158.64499999999998,173700.0,0.2619,1.7061,59.6496,0.7099,15.8343,0.0,52.60975,1.0804,0.4019,11.3449,15.8343,14.48955,2.9709,8.3226,1728853000.0,172593000.0,224762000.0,889337000.0,1718787000.0,,232605000.0,,Pharmaceuticals
MTD,2012,Mettler-Toledo International Inc.,Pharmaceuticals,North America,United States,68.0,70.0,60.0,67.0,172.31,182500.0,0.27905,1.592,62.968450000000004,0.55385,17.38065,0.0,52.847449999999995,1.25355,0.3387,11.6482,17.38065,15.42785,3.2516499999999997,8.5024,1968178000.0,232148000.0,307513000.0,1037196000.0,2283063000.0,,268279000.0,,Pharmaceuticals
MTD,2013,Mettler-Toledo International Inc.,Pharmaceuticals,North America,United States,68.0,70.0,60.0,66.0,221.04500000000002,138750.0,0.276,1.62,61.3859,0.4729,18.4905,0.0,53.8415,1.3274,0.3123,12.5617,18.4905,16.5283,3.4667,8.7686,2309328000.0,269493000.0,349177000.0,1218274000.0,2114910000.0,,280880000.0,,Pharmaceuticals
MTD,2014,Mettler-Toledo International Inc.,Pharmaceuticals,North America,United States,68.0,50.2,54.2,55.6,285.67499999999995,133000.0,0.3471,1.2512,56.2185,0.6281,24.1831,0.0,56.5481,1.4817,0.3182,17.3741,24.1831,22.8534,6.0311,16.8389,2341528000.0,290847000.0,382601000.0,1241055000.0,2022288000.0,,327704000.0,,Pharmaceuticals
MTD,2015,"Mettler-Toledo International, Inc.",Pharmaceuticals,North America,United States,73.0,37.0,51.0,50.0,323.34000000000003,151550.0,0.2942,1.4633,58.1782,1.0158,20.9392,0.0,56.1991,1.1733,0.4977,14.7083,20.9392,19.3532,4.3272,15.1549,2378972000.0,306094000.0,402709000.0,1281931000.0,2152819000.0,,345928000.0,,Pharmaceuticals
MTD,2016,"Mettler-Toledo International, Inc.",Pharmaceuticals,North America,United States,68.38,37.79666666666667,50.45666666666667,49.24,377.815,176600.0,0.295,1.5239,57.699,1.6939,21.9165,0.0,57.1402,1.1713,0.6227,15.5752,21.9165,20.4925,4.5625,20.2455,2485983000.0,338241000.0,445004000.0,1358750000.0,1973532000.0,,418912000.0,,Pharmaceuticals
MTD,2017,"Mettler-Toledo International, Inc.",Pharmaceuticals,United States and Canada,United States,69.36333333333333,41.916666666666664,60.68666666666667,54.406666666666666,584.96,142100.0,0.2908,1.5123,61.6973,2.0843,21.6118,0.0,57.4633,1.1301,0.6719,15.0186,21.6118,19.981,4.5188,21.9909,2395447000.0,352820000.0,463424000.0,1351993000.0,1959335000.0,,439797000.0,,Pharmaceuticals
MTD,2018,Mettler-Toledo International Inc.,Pharmaceuticals,United States and Canada,United States,78.81,49.82666666666666,69.22333333333334,62.89000000000001,586.67,171800.0,0.2873,1.424,60.6074,1.965,23.1489,0.0,57.1506,1.1456,0.6504,17.2353,23.1489,21.8227,4.3573,23.8242,2508257000.0,384370000.0,504193000.0,1437732000.0,2166777000.0,,460758000.0,,Pharmaceuticals
MTD,2019,Mettler-Toledo International Inc.,Pharmaceuticals,United States and Canada,United States,80.61,61.0125,67.12,67.7425,713.21,150750.0,0.286,1.3877,60.385,2.6759,24.3924,0.0,57.71,1.1346,0.7195,17.3866,24.3924,22.4654,,29.522,2725053000.0,375972000.0,574222000.0,1575751000.0,2549805000.0,,516325000.0,,Pharmaceuticals
MU,2010,"Micron Technology, Inc.",Semiconductors,North America,United States,54.0,76.0,60.0,63.0,8.545,31003550.0,0.1591,2.1923,55.2708,0.2404,17.3686,0.0,31.3277,0.9133,0.1438,13.7184,17.3686,16.0449,2.4433,3.6573,,,,,,,,,Semiconductors
MU,2011,"Micron Technology, Inc.",Semiconductors,North America,United States,57.25,72.5,66.0,64.5,7.73,34279050.0,0.1468,2.3516,62.9032,0.2031,-2.1028,0.0,15.0,0.86285,0.1589,-6.3084,-2.1028,-3.6449,-0.9084,-1.3601,4803000000.0,939000000.0,540000000.0,848000000.0,,,1206000000.0,,Semiconductors
MU,2012,"Micron Technology, Inc.",Semiconductors,North America,United States,64.5,72.0,66.0,66.5,6.385,27051350.0,0.13955,2.5766,55.7445,0.3822,-7.84285,0.0,10.96495,0.9625,0.2611,-14.3849,-7.84285,-10.586300000000001,-1.7871890000000001,-3.1862500000000002,8482000000.0,1850000000.0,1589000000.0,2714000000.0,,,3096000000.0,,Semiconductors
MU,2013,"Micron Technology, Inc.",Semiconductors,North America,United States,58.0,66.5,68.0,63.5,13.24,33887800.0,0.1649,2.1602,63.0802,0.5719,7.281,0.0,24.9033,1.0173,0.2957,8.857,7.281,9.2776,1.9248,3.7552,8788000000.0,167000000.0,761000000.0,1758000000.0,,,,,Semiconductors
MU,2014,"Micron Technology, Inc.",Semiconductors,North America,United States,56.0,65.0,66.5,61.5,33.35,19545050.0,0.2029,2.1887,52.4098,0.4666,23.7262,0.0,35.8189,1.1989,0.2717,21.9331,23.7262,20.8397,4.445,8.0205,8234000000.0,43000000.0,149000000.0,968000000.0,,,,,Semiconductors
MU,2015,Micron Technology Inc.,Semiconductors,North America,United States,56.0,66.0,68.0,62.0,19.634999999999998,23465050.0,0.1491,2.1919,59.7224,0.5589,11.8611,0.0,26.9444,1.1134,0.3242,12.7433,11.8611,9.8611,1.9509,3.5577,9073000000.0,1190000000.0,869000000.0,1847000000.0,,,,,Semiconductors
MU,2016,Micron Technology Inc.,Semiconductors,North America,United States,56.586666666666666,67.53666666666668,67.69,63.19333333333333,13.2,23988950.0,0.1168,1.9638,57.8552,0.7389,-0.9317,0.0,17.9981,0.9131,0.4063,-5.2844,-0.9317,-5.2223,-0.6173,-1.315,16358000000.0,3045000000.0,3087000000.0,5437000000.0,,,,,Semiconductors
MU,2017,Micron Technology Inc.,Semiconductors,United States and Canada,United States,58.11,66.0,63.29,62.16,30.29,26918800.0,0.1737,2.3354,55.1173,0.5729,40.7625,0.0,50.7006,0.9671,0.3369,38.5793,40.7625,37.8136,6.186484999999999,11.4479,16192000000.0,2899000000.0,2998000000.0,5215000000.0,,,5208000000.0,,Semiconductors
MU,2018,"Micron Technology, Inc.",Semiconductors,United States and Canada,United States,57.4825,67.465,64.03999999999999,62.61,47.52,38510800.0,0.1863,2.7875,58.4147,0.1399,50.699,0.0,60.5746,0.9124,0.1023,41.736046,50.699,47.681,6.186484999999999,12.9514,12399000000.0,1647000000.0,1963000000.0,2609000000.0,,,3168000000.0,,Semiconductors
MU,2019,Micron Technology Inc,Semiconductors,United States and Canada,United States,56.836666666666666,67.12666666666667,65.95666666666666,62.71666666666667,42.635000000000005,24565650.0,0.1034,2.5826,59.8192,0.1548,13.347,0.0,28.6448,0.679,0.1099,11.5195,13.347,13.4497,,1.5937,20322000000.0,5089000000.0,5868000000.0,8436000000.0,,,8153000000.0,,Semiconductors
NCLH,2015,Norwegian Cruise Line Holdings Ltd.,Consumer Services,North America,United States,44.0,53.0,58.0,51.0,55.965,1166000.0,0.0929,0.1616,3.0514,1.541,20.0273,0.0,39.5376,11.3068,0.5806,14.6019,20.0273,14.8531,1.3561,4.2373,2570294000.0,201078000.0,395887000.0,,,,,,Consumer Services
NCLH,2016,Norwegian Cruise Line Holdings Ltd.,Consumer Services,North America,United States,44.21,51.406666666666666,58.45000000000001,50.29,42.945,1838800.0,0.0916,0.1777,4.5777,1.4101,19.128,0.0,40.5225,10.4914,0.5627,12.2381,19.128,12.4571,1.1209,3.5268,3125881000.0,338352000.0,502941000.0,,,,,,Consumer Services
NCLH,2017,Norwegian Cruise Line Holdings Ltd.,Consumer Services,United States and Canada,United States,43.0,47.307500000000005,61.2475,49.07,54.0,1419600.0,0.0964,0.2082,3.1663,1.1934,20.465,0.0,44.0339,9.7581,0.5202,14.7662,20.465,15.2716,1.4231,3.976,4345048000.0,427137000.0,702486000.0,,,,,,Consumer Services
NCLH,2018,Norwegian Cruise Line Holdings Ltd.,Consumer Services,United States and Canada,United States,41.93,51.16,65.42,51.035,52.71,1808800.0,0.0993,0.2031,2.6141,1.0887,19.1931,0.0,43.319,9.2637,0.4935,14.8916,19.1931,15.247,1.4787,3.986,,633085000.0,925464000.0,,,,1264087000.0,,Consumer Services
NCLH,2019,Norwegian Cruise Line Holdings Ltd.,Consumer Services,United States and Canada,United States,38.84,51.16,67.52,50.32,52.985,1723400.0,0.1042,0.2479,4.0631,1.0323,18.5475,0.0,42.412,10.5116,0.4817,14.4321,18.5475,14.8009,1.5044,3.9053,,759872000.0,1048819000.0,,,,1601247000.0,,Consumer Services
NDAQ,2010,"The Nasdaq OMX Group, Inc.",Diversified Financials,North America,United States,49.0,53.0,59.5,53.5,17.03,2289750.0,0.0731,1.2167,36.6182,0.4372,21.7966,0.0,49.1414,0.0,0.2895,13.3421,21.7966,18.8904,0.9586,2.0243,3650000000.0,314000000.0,640000000.0,1460000000.0,,,216000000.0,,Diversified Financials
NDAQ,2011,"The Nasdaq OMX Group, Inc.",Diversified Financials,North America,United States,60.0,55.5,64.0,60.0,21.275,2051300.0,0.0598,1.0899,33.0826,0.43555,19.8296,0.0,49.5818,0.0,0.2964,11.32205,19.8296,16.8298,0.6401,1.9042500000000002,3411000000.0,266000000.0,603000000.0,1453000000.0,10722000000.0,,582000000.0,,Diversified Financials
NDAQ,2012,"The Nasdaq OMX Group, Inc.",Diversified Financials,North America,United States,59.0,56.0,64.0,59.5,20.505000000000003,1485500.0,0.08635,1.5512000000000001,38.553399999999996,0.38780000000000003,22.1303,0.0,53.810249999999996,0.0,0.27485,11.411,22.1303,17.50115,0.9978,1.7329,3191000000.0,395000000.0,631000000.0,1516000000.0,16207000000.0,,440000000.0,,Diversified Financials
NDAQ,2013,"The Nasdaq OMX Group, Inc.",Diversified Financials,North America,United States,49.0,58.5,50.25,53.0,28.03,1202400.0,0.0674,1.1296,41.5901,0.4488,25.0932,0.0,61.3208,0.0,0.3062,14.0373,25.0932,21.2422,0.905,1.8659,3438000000.0,387000000.0,696000000.0,1690000000.0,14091000000.0,,,,Diversified Financials
NDAQ,2014,"The Nasdaq OMX Group, Inc.",Diversified Financials,North America,United States,60.0,61.0,55.333333333333336,59.0,39.275000000000006,906550.0,0.0761,1.1409,38.0958,0.3964,18.716,0.0,56.3656,0.0,0.2839,9.4668,18.716,10.555,0.7125,1.4843,3120000000.0,352000000.0,690000000.0,1674000000.0,9132000000.0,,,,Diversified Financials
NDAQ,2015,Nasdaq OMX Group Inc.,Diversified Financials,North America,United States,58.5,61.0,51.0,56.5,46.06,950100.0,0.0731,1.108,32.8028,0.4215,26.8897,0.0,61.8224,0.0,0.2965,16.4808,26.8897,23.7918,1.1725,2.4883,3211000000.0,385000000.0,688000000.0,1895000000.0,12563000000.0,,,,Diversified Financials
NDAQ,2016,"Nasdaq, Inc.",Diversified Financials,North America,United States,51.489999999999995,57.8575,50.74,53.3875,59.885,863750.0,0.0627,1.072,39.6814,0.6526,21.5827,0.0,62.3188,0.0,0.3949,7.8038,21.5827,16.2765,0.4636,1.2244,3500000000.0,414000000.0,754000000.0,2067000000.0,12071000000.0,,,,Diversified Financials
NDAQ,2017,"Nasdaq, Inc.",Diversified Financials,United States and Canada,United States,45.60333333333333,55.74333333333333,49.826666666666675,50.45333333333334,66.86,800000.0,0.0664,1.0527,31.4118,0.6527,24.3461,0.0,61.8627,0.0,0.3849,17.6166,24.3461,21.2274,1.1279,2.9643,3403000000.0,428000000.0,720000000.0,2090000000.0,11861000000.0,,727000000.0,,Diversified Financials
NDAQ,2018,"Nasdaq, Inc.",Diversified Financials,United States and Canada,United States,44.1,53.52,49.185,49.05,83.83,873700.0,0.0678,0.941,33.2365,0.6942,25.5187,0.0,59.8832,0.0,0.3542,15.7741,25.5187,28.0428,1.0973,2.9097,3704000000.0,106000000.0,836000000.0,2276000000.0,13411000000.0,,776000000.0,,Diversified Financials
NDAQ,2019,"Nasdaq, Inc.",Diversified Financials,United States and Canada,United States,48.480000000000004,59.05,54.44,54.125,94.09,658250.0,0.0766,0.9629,35.2026,0.6285,24.1282,0.0,58.7182,0.0,0.3525,16.3996,24.1282,22.5259,,3.1346,3948000000.0,729000000.0,991000000.0,2411000000.0,,,909000000.0,,Diversified Financials
NEE,2010,"NextEra Energy, Inc.",Utilities,North America,United States,54.0,65.66666666666667,77.33333333333333,63.666666666666664,8.72,8979200.0,0.0701,0.7616,50.7519,1.4464,19.7438,0.0,57.6033,1.7615,0.5554,11.6124,19.7438,13.7566,0.8143,3.0823,16410000000.0,1639000000.0,2825000000.0,,44821000000.0,,3403000000.0,,Utilities
NEE,2011,"NextEra Energy, Inc.",Utilities,North America,United States,58.0,67.0,79.0,66.0,9.684999999999999,7406800.0,0.0726,0.7533,45.9448,1.5094,21.84395,0.0,58.540800000000004,1.5285,0.5738,11.965399999999999,21.84395,15.623850000000001,0.8912,3.3125,15643000000.0,1615000000.0,2594000000.0,,,,4463000000.0,,Utilities
NEE,2012,"NextEra Energy, Inc.",Utilities,North America,United States,53.333333333333336,68.0,64.0,60.0,12.305,6642000.0,0.0607,0.6124499999999999,49.4892,1.61665,22.74005,0.0,65.03105,1.1423,0.5829500000000001,13.1785,22.74005,17.5516,0.7237,2.846,15317000000.0,1957000000.0,3227000000.0,,,,3834000000.0,,Utilities
NEE,2013,"NextEra Energy, Inc.",Utilities,North America,United States,47.333333333333336,68.33333333333333,65.33333333333333,58.0,15.14,7132800.0,0.0588,0.5939,49.7782,1.6491,25.5935,0.0,67.135,1.1268,0.5782,15.8853,25.5935,21.4193,0.9353,3.6745,,1923000000.0,3261000000.0,,,,4074000000.0,,Utilities
NEE,2014,"NextEra Energy, Inc.",Utilities,North America,United States,49.0,72.5,68.0,60.5,20.175,7531400.0,0.0625,0.7186,41.6617,1.4231,32.8473,0.0,72.8559,0.9799,0.5438,18.9323,32.8473,28.6235,1.1836,4.3782,,1911000000.0,3276000000.0,,64439000000.0,,3992000000.0,,Utilities
NEE,2015,"NextEra Energy, Inc.",Utilities,North America,United States,49.0,75.0,69.0,62.0,20.55,8188600.0,0.0565,0.6723,44.1739,1.3259,26.2965,0.0,70.2866,1.0297,0.5358,16.4296,26.2965,22.8086,0.9326,3.3332,,1908000000.0,3241000000.0,,69007000000.0,,5102000000.0,,Utilities
NEE,2016,"NextEra Energy, Inc.",Utilities,North America,United States,48.076666666666675,72.95666666666666,69.29,60.846666666666664,25.815,8209800.0,0.0447,0.6453,59.6333,1.2738,26.6181,0.0,74.8494,0.7656,0.5306,15.6712,26.6181,25.1197,0.898,3.1726,,2465000000.0,4384000000.0,,74605000000.0,,5500000000.0,,Utilities
NEE,2017,"NextEra Energy, Inc.",Utilities,United States and Canada,United States,45.005,70.2725,70.78,59.0275,32.07,6120400.0,0.0474,0.6387,51.4767,1.2796,28.099,0.0,75.5408,0.7753,0.5262,18.0064,28.099,24.8184,0.8845,3.1331,,2752000000.0,4632000000.0,,82479000000.0,,6089000000.0,,Utilities
NEE,2018,NextEra Energy Inc,Utilities,United States and Canada,United States,54.69,75.88333333333333,70.75333333333333,65.06333333333333,38.73,7550400.0,0.0425,0.5779,63.5666,0.9003,25.2107,0.0,77.9966,0.7714,0.4201,19.2223,25.2107,22.4711,0.9543,1.8993,,2906000000.0,4459000000.0,,90474000000.0,,6369000000.0,,Utilities
NEE,2019,NextEra Energy Inc,Utilities,United States and Canada,United States,58.02,79.97,70.02,67.61,49.465,7295800.0,0.045,0.5348,55.0752,1.0402,28.5894,0.0,77.2793,0.7952,0.4736,21.2775,28.5894,22.6074,,2.043,,5380000000.0,5173000000.0,,97963000000.0,,6458000000.0,,Utilities
NEM,2010,Newmont Mining Corporation,Precious Metals,North America,United States,69.5,59.0,94.0,71.0,47.66,7123350.0,0.0993,2.6403,20.1694,0.3153,45.8791,0.0,65.6201,1.6627,0.228,20.6777,45.8791,43.6421,3.3394,5.6064,,,,,,,,,Precious Metals
NEM,2011,Newmont Mining Corporation,Precious Metals,North America,United States,51.25,67.0,94.5,68.25,48.18,6878050.0,0.0942,1.4212,20.1675,0.2537,38.5048,0.0,62.9295,1.4,0.18135,17.09985,38.5048,36.6418,2.31055,3.9574999999999996,,,,,,,,,Precious Metals
NEM,2012,Newmont Mining Corporation,Precious Metals,North America,United States,54.25,59.5,88.5,65.0,42.04,5831050.0,0.084,2.14905,27.3281,0.3772,28.4828,0.0,55.588049999999996,1.2922,0.2726,14.7984,28.4828,28.9113,1.6259,2.9063,,,,,,,,,Precious Metals
NEM,2013,Newmont Mining Corporation,Precious Metals,North America,United States,60.0,59.333333333333336,88.0,66.33333333333333,28.075,8139050.0,0.0762,1.7843,21.0297,0.4758,-19.840792999999998,0.0,32.2669,2.0669,0.3208,-21.290181999999994,-19.840792999999998,-25.906755999999998,-1.7871890000000001,-9.9156,,,,,,,,,Precious Metals
NEM,2014,Newmont Mining Corporation,Precious Metals,North America,United States,63.0,66.5,92.5,71.5,17.685000000000002,8881400.0,0.062,2.4745,27.7461,0.5078,37.8886,0.0,61.7228,0.8443,0.3311,0.9715,37.8886,36.3342,1.3204,2.5136,,,,,,,,,Precious Metals
NEM,2015,Newmont Mining Corp.,Precious Metals,North America,United States,56.0,66.0,92.0,69.0,19.4,7389050.0,0.061,3.0721,26.1792,0.4359,10.8974,0.0,40.7051,1.2076,0.2946,3.7736,10.8974,15.2564,0.5354,0.9742,,,,,,,,,Precious Metals
NEM,2016,Newmont Mining Corp.,Precious Metals,North America,United States,57.54600000000001,67.39,89.406,69.44800000000001,31.009999999999998,8065850.0,0.0744,2.8048,17.5597,0.3873,16.2479,0.0,45.1145,1.6141,0.2543,-19.6815,16.2479,12.4511,-0.0081,-0.0139,,,,,,,,,Precious Metals
NEM,2017,Newmont Mining Corp.,Precious Metals,United States and Canada,United States,63.6475,68.63749999999999,89.285,72.05499999999999,32.95,4823200.0,0.0902,3.6237,11.8308,0.3529,17.2432,0.0,45.5814,1.5217,0.2515,9.3333,17.2432,14.7951,0.7852,1.3787,,,,,,,,,Precious Metals
NEM,2018,Newmont Mining Corp,Precious Metals,United States and Canada,United States,72.58999999999999,71.49666666666667,88.29333333333334,76.08,34.6,4961800.0,0.084,4.5991,12.6715,0.362,12.9362,0.0,42.3523,1.3955,0.2585,0.0977,12.9362,13.5742,0.8251,0.0872,,,,,,,,,Precious Metals
NEM,2019,Newmont Mining Corp,Precious Metals,United States and Canada,United States,75.7,73.15,88.16,77.8,36.535,7502000.0,0.0666,2.1823,12.7055,0.3326,16.8817,0.0,48.6915,1.2632,0.231,19.0428,16.8817,20.8965,,2.3827,,,,,,,,,Precious Metals
NFLX,2010,"Netflix, Inc.",Retailing,North America,United States,34.0,48.0,60.0,46.0,16.56,24119550.0,0.7182,1.6399,0.0,1.2329,13.165,0.0,37.7337,0.0,0.55,7.9029,13.165,12.5115,4.929,19.7771,1364661000.0,83026000.0,121506000.0,454427000.0,,,284037000.0,,Retailing
NFLX,2011,"Netflix, Inc.",Retailing,North America,United States,35.0,34.333333333333336,61.0,40.666666666666664,30.939999999999998,33992350.0,0.419,1.334,0.0,0.6223,11.7836,0.0,34.7053,0.0,0.3836,7.6,11.7836,11.3919,3.1842,16.0834,1670269000.0,115860000.0,191939000.0,590998000.0,,,325063000.0,,Retailing
NFLX,2012,"Netflix, Inc.",Retailing,North America,United States,37.0,42.666666666666664,56.333333333333336,44.0,11.434999999999999,32080650.0,0.24405,1.40765,0.0,0.5696000000000001,1.79975,0.0,27.2121,0.0,0.3629,0.7643500000000001,1.79975,1.2591,0.1881,0.97805,2162625000.0,160853000.0,283641000.0,298632000.0,,,276401000.0,2900000.0,Retailing
NFLX,2015,"Netflix, Inc.",Retailing,North America,United States,37.0,41.0,55.666666666666664,43.0,95.47999999999999,15482450.0,0.1753,1.6669,0.0,1.1074,4.2362,0.0,31.7957,0.0,0.5255,1.6931,4.2362,2.4298,0.2968,1.358,4374562000.0,112403000.0,228347000.0,455038000.0,,,97831000.0,,Retailing
NFLX,2016,"Netflix, Inc.",Retailing,North America,United States,37.14,40.254999999999995,56.87,43.315,97.92,10401200.0,0.1824,1.2472,0.0,0.9823,4.63,0.0,30.0259,0.0,0.4955,2.2495,4.63,3.455,0.4172,2.0371,5504656000.0,266799000.0,402648000.0,564397000.0,,,16483000.0,,Retailing
NFLX,2017,"Netflix, Inc.",Retailing,United States and Canada,United States,37.57,42.91,54.32,43.894999999999996,162.43,5518600.0,0.1728,1.308,0.0,1.5539,6.9895,0.0,31.7059,0.0,0.6084,4.3416,6.9895,3.8942,0.7645,3.8947,6779511000.0,122641000.0,305826000.0,,,,-749439000.0,,Retailing
NFLX,2018,"Netflix, Inc.",Retailing,United States and Canada,United States,38.8025,40.99,45.525,41.36,321.3,10428600.0,0.1712,1.4943,0.0,1.8552,11.8296,0.0,36.7119,0.0,0.6498,9.8368,11.8296,9.4717,1.6959,8.0412,8830669000.0,186678000.0,379793000.0,898620000.0,,,-1473984000.0,,Retailing
NI,2010,NiSource Inc.,Utilities,North America,United States,46.0,70.0,72.0,59.5,4.375,6341050.0,0.0615,0.6753,54.4539,1.5013,11.8863,0.0,62.5053,1.1468,0.5498,2.3995,11.8863,2.4427,0.147,0.572,8880200000.0,79000000.0,919000000.0,3246900000.0,,,585300000.0,,Utilities
NI,2011,NiSource Inc.,Utilities,North America,United States,46.666666666666664,69.66666666666667,72.66666666666667,59.666666666666664,5.77,6647100.0,0.059,0.6444,53.292950000000005,1.5189,13.7924,0.0,69.767,0.6141,0.5589,3.2469,13.7924,4.9874,0.1839,0.7275,6651600000.0,217000000.0,800000000.0,3333600000.0,19262500000.0,,1666200000.0,,Utilities
NI,2012,NiSource Inc.,Utilities,North America,United States,51.5,69.75,77.25,63.0,7.39,5749200.0,0.0509,0.66605,54.7019,1.50195,19.7343,0.0,76.2393,0.5578,0.5576,6.6808,19.7343,10.0693,0.3346,1.3378,6371200000.0,282600000.0,891800000.0,3407400000.0,19913400000.0,,725400000.0,,Utilities
NI,2013,NiSource Inc.,Utilities,North America,United States,47.333333333333336,69.33333333333333,82.33333333333333,62.666666666666664,9.41,4775000.0,0.0488,0.6793,60.2247,1.4824,16.1465,0.0,70.928,0.8323,0.5633,5.9675,16.1465,7.188,0.2241,0.8683,5751000000.0,299100000.0,914400000.0,3447500000.0,20708300000.0,,870200000.0,,Utilities
NI,2014,NiSource Inc.,Utilities,North America,United States,54.0,68.0,84.0,65.5,13.65,4609800.0,0.0317,0.5535,109.709,1.6185,-4.5338,0.0,12.9849,1.1557,0.569,19.8048,-4.5339,-13.6399,-0.2908,-1.1578,5030900000.0,416100000.0,1040100000.0,3514000000.0,21844700000.0,,1275500000.0,,Utilities
NI,2015,NiSource Inc.,Utilities,North America,United States,57.0,69.0,86.0,68.0,14.69,4103950.0,0.0479,0.7899,57.2908,1.7586,13.4239,0.0,71.7386,0.5341,0.6075,-0.5996,13.4239,2.5208,0.0868,0.3894,4625400000.0,532100000.0,698100000.0,2662400000.0,,,1436800000.0,,Utilities
NI,2016,NiSource Inc.,Utilities,North America,United States,57.82,68.32,85.65,67.93,20.15,2648500.0,0.051,0.4735,50.9822,1.9427,15.3966,0.0,73.8302,0.5664,0.6058,3.2197,15.3966,5.1359,0.1646,0.761,5272400000.0,530000000.0,789100000.0,2899500000.0,24589800000.0,,1319600000.0,,Utilities
NI,2017,NiSource Inc.,Utilities,United States and Canada,United States,62.6125,69.35,84.45,70.0925,23.15,2334400.0,0.0526,0.5191,52.7173,1.9986,12.5164,0.0,72.0602,0.704,0.6328,-3.8296,12.5164,1.7993,-0.2359,-1.0769,4651800000.0,286500000.0,799900000.0,4651800000.0,17492500000.0,,1456800000.0,,Utilities
NI,2018,NiSource Inc.,Utilities,United States and Canada,United States,68.405,68.5875,79.025,71.1175,23.32,2991100.0,0.0496,0.5092,54.9116,1.588,-5.3636,0.0,68.8878,0.9311,0.5649,-1.3546,-5.3636,-11.3156,0.1206,-0.2402,4392500000.0,331500000.0,866100000.0,4492500000.0,18691900000.0,,803300000.0,,Utilities
NI,2019,NiSource Inc.,Utilities,United States and Canada,United States,66.62,68.98,78.65,70.34,23.58,2717400.0,0.0854,0.4771,57.9624,1.599,20.0129,0.0,63.6164,3.1539,0.5516,10.9691,20.0129,14.8626,,4.4677,4730200000.0,128500000.0,921200000.0,4874600000.0,19961700000.0,,742200000.0,,Utilities
